DQ459412	ERCC-00117	1
DQ459413	ERCC-00035	1438
DQ459415	ERCC-00098	4
DQ459418	ERCC-00058	24
DQ459419	ERCC-00028	56
DQ459420	ERCC-00017	2
DQ459421	ERCC-00069	53
DQ459422	ERCC-00112	2700
DQ459424	ERCC-00044	1963
DQ459425	ERCC-00092	4797
DQ459426	ERCC-00061	1
DQ459427	ERCC-00126	125
DQ459429	ERCC-00096	377538
DQ459430	ERCC-00002	235813
DQ459431	ERCC-00031	22
DQ516731	ERCC-00054	1
DQ516739	ERCC-00134	3
DQ516740	ERCC-00051	65
DQ516742	ERCC-00077	3
DQ516748	ERCC-00046	33909
DQ516750	ERCC-00162	602
DQ516752	ERCC-00004	72781
DQ516754	ERCC-00074	141551
DQ516758	ERCC-00097	5
DQ516759	ERCC-00095	1844
DQ516763	ERCC-00060	1809
DQ516773	ERCC-00170	135
DQ516776	ERCC-00168	20
DQ516777	ERCC-00138	6
DQ516778	ERCC-00075	2
DQ516779	ERCC-00164	9
DQ516780	ERCC-00083	0
DQ516782	ERCC-00123	10
DQ516783	ERCC-00042	9814
DQ516784	ERCC-00003	21162
DQ516785	ERCC-00053	408
DQ516786	ERCC-00062	949
DQ516787	ERCC-00043	4977
DQ516790	ERCC-00147	2
DQ516791	ERCC-00086	0
DQ516795	ERCC-00158	6
DQ516796	ERCC-00033	21
DQ516815	ERCC-00104	5
DQ668356	ERCC-00059	131
DQ668358	ERCC-00073	12
DQ668359	ERCC-00163	151
DQ668362	ERCC-00143	57
DQ668363	ERCC-00165	1073
DQ668364	ERCC-00009	12155
DQ668365	ERCC-00108	15158
DQ668366	ERCC-00057	0
DQ668367	ERCC-00116	18953
DQ839618	ERCC-00157	192
DQ854991	ERCC-00081	0
DQ854992	ERCC-00120	5
DQ854993	ERCC-00024	0
DQ854994	ERCC-00171	24009
DQ854995	ERCC-00144	170
DQ854997	ERCC-00154	10
DQ854998	ERCC-00109	8
DQ855000	ERCC-00137	5
DQ855001	ERCC-00034	254
DQ855003	ERCC-00131	2051
DQ855004	ERCC-00022	2014
DQ875385	ERCC-00014	91
DQ875386	ERCC-00145	7231
DQ875387	ERCC-00099	233
DQ883642	ERCC-00148	36
DQ883643	ERCC-00156	0
DQ883646	ERCC-00142	0
DQ883650	ERCC-00076	1058
DQ883651	ERCC-00019	341
DQ883652	ERCC-00079	511
DQ883653	ERCC-00067	22
DQ883654	ERCC-00071	474
DQ883656	ERCC-00039	35
DQ883658	ERCC-00160	230
DQ883659	ERCC-00150	25
DQ883661	ERCC-00040	6
DQ883663	ERCC-00113	58641
DQ883664	ERCC-00016	3
DQ883669	ERCC-00085	97
DQ883670	ERCC-00012	0
DQ883671	ERCC-00048	1
DQ883673	ERCC-00078	527
DQ883682	ERCC-00084	461
DQ883685	ERCC-00111	4965
DQ883689	ERCC-00025	2153
EF011062	ERCC-00013	5
EF011063	ERCC-00136	18040
EF011069	ERCC-00041	6
EF011072	ERCC-00130	308827
KanR	KanR	256204
Spc	Spc	408
gene-HQ24_RS00080		1504
gene-HQ24_RS00100		247
gene-HQ24_RS00290		145
gene-HQ24_RS00405		8
gene-HQ24_RS01025		42
gene-HQ24_RS01030		62
gene-HQ24_RS01045		46
gene-HQ24_RS01095		52
gene-HQ24_RS01100		95
gene-HQ24_RS01105		9
gene-HQ24_RS01110		43
gene-HQ24_RS01170		459
gene-HQ24_RS01200		389
gene-HQ24_RS01245		87
gene-HQ24_RS01275		414
gene-HQ24_RS01305		37
gene-HQ24_RS01310		324
gene-HQ24_RS01315		541
gene-HQ24_RS01335		737
gene-HQ24_RS01355		259
gene-HQ24_RS01360		225
gene-HQ24_RS01370		105
gene-HQ24_RS01415		255
gene-HQ24_RS01420		109
gene-HQ24_RS01435		56
gene-HQ24_RS01445		224
gene-HQ24_RS01460		15
gene-HQ24_RS01525		26
gene-HQ24_RS01540		1
gene-HQ24_RS01545		225
gene-HQ24_RS01555		510
gene-HQ24_RS01560		191
gene-HQ24_RS01605		125
gene-HQ24_RS01670		29
gene-HQ24_RS01690		152
gene-HQ24_RS01695		131
gene-HQ24_RS01850		145
gene-HQ24_RS01865		1407
gene-HQ24_RS01875		69
gene-HQ24_RS01910		431
gene-HQ24_RS01915		529
gene-HQ24_RS01925		1522
gene-HQ24_RS02030		508
gene-HQ24_RS02345		181
gene-HQ24_RS02570		74
gene-HQ24_RS02745		41
gene-HQ24_RS02755		37
gene-HQ24_RS02760		38
gene-HQ24_RS02765		6
gene-HQ24_RS02775		542
gene-HQ24_RS02780		17
gene-HQ24_RS02845		746
gene-HQ24_RS02850		256
gene-HQ24_RS02880		55
gene-HQ24_RS02905		466
gene-HQ24_RS03020		1400
gene-HQ24_RS03245		1271
gene-HQ24_RS03400		708
gene-HQ24_RS03435		321
gene-HQ24_RS03440		156
gene-HQ24_RS03445		165
gene-HQ24_RS03450		380
gene-HQ24_RS03455		470
gene-HQ24_RS03460		162
gene-HQ24_RS03465		21
gene-HQ24_RS03555		104
gene-HQ24_RS03560		164
gene-HQ24_RS03565		3
gene-HQ24_RS03625		129
gene-HQ24_RS03630		558
gene-HQ24_RS03635		58
gene-HQ24_RS03645		137
gene-HQ24_RS03850		171
gene-HQ24_RS03855		271
gene-HQ24_RS03860		95
gene-HQ24_RS03865		130
gene-HQ24_RS03870		102
gene-HQ24_RS03875		112
gene-HQ24_RS03880		77
gene-HQ24_RS04370		211
gene-HQ24_RS04580		99
gene-HQ24_RS05035		46
gene-HQ24_RS05130		193
gene-HQ24_RS05275		8
gene-HQ24_RS05290		752
gene-HQ24_RS05340		548
gene-HQ24_RS05350		61
gene-HQ24_RS05355		542
gene-HQ24_RS05365		54
gene-HQ24_RS05510		27
gene-HQ24_RS05950		1351
gene-HQ24_RS05960		95
gene-HQ24_RS05990		17
gene-HQ24_RS05995		44
gene-HQ24_RS06030		359
gene-HQ24_RS06115		357
gene-HQ24_RS06220		60
gene-HQ24_RS06225		73
gene-HQ24_RS06230		79
gene-HQ24_RS06305		117
gene-HQ24_RS06310		46
gene-HQ24_RS06350		133
gene-HQ24_RS06550		84
gene-HQ24_RS06610		395
gene-HQ24_RS06795		151
gene-HQ24_RS06840		24
gene-HQ24_RS06870		769
gene-HQ24_RS06950		7
gene-HQ24_RS06990		122
gene-HQ24_RS07010		753
gene-HQ24_RS07025		83
gene-HQ24_RS07030		103
gene-HQ24_RS07200		503
gene-HQ24_RS07205		1383
gene-HQ24_RS07215		280
gene-HQ24_RS07220		11731
gene-HQ24_RS07295		522
gene-HQ24_RS07300		218
gene-HQ24_RS07495		1111
gene-HQ24_RS07505		75
gene-HQ24_RS07510		148
gene-HQ24_RS07560		21
gene-HQ24_RS07745		180
gene-HQ24_RS07765		6975
gene-HQ24_RS07985		38
gene-HQ24_RS08035		408
gene-HQ24_RS08040		388
gene-HQ24_RS08065		30
gene-HQ24_RS08085		42
gene-HQ24_RS08110		614
gene-HQ24_RS08210		7
gene-HQ24_RS08565		11
gene-HQ24_RS08570		212
gene-HQ24_RS08855		13
gene-HQ24_RS08900		114
gene-HQ24_RS09205		72
gene-HQ24_RS09770		738
gene-HQ24_RS09845		221
gene-HQ24_RS09850		91
gene-HQ24_RS09855		79
gene-HQ24_RS09975		16
gene-HQ24_RS10175		7
gene-HQ24_RS10185		29
gene-HQ24_RS10195		250
gene-HQ24_RS10215		67
gene-HQ24_RS10225		79
gene-HQ24_RS10240		15
gene-HQ24_RS10270		960
gene-HQ24_RS10280		1368
gene-HQ24_RS10290		118
gene-HQ24_RS10295		433
gene-HQ24_RS10305		250
gene-HQ24_RS10340		22
gene-HQ24_RS10460		744
gene-HQ24_RS10735		152
gene-HQ24_RS10745		192
gene-HQ24_RS10755		527
gene-HQ24_RS10760		175
gene-HQ24_RS10770		1429
gene-HQ24_RS10900		256
gene-HQ24_RS10905		19
gene-HQ24_RS11280		60
gene-HQ24_RS11290		707
gene-HQ24_RS11490		1451
gene-HQ24_RS11545		9
gene-HQ24_RS11580		70
gene-HQ24_RS11730		75
gene-HQ24_RS11735		39
gene-HQ24_RS12090		72
gene-HQ24_RS12105		19
gene-HQ24_RS12135		34
gene-HQ24_RS12140		376
gene-HQ24_RS12150		38
gene-HQ24_RS12170		5
gene-HQ24_RS12185		7
gene-HQ24_RS12190		2
gene-HQ24_RS12355		1437
gene-HQ24_RS12365		62
gene-HQ24_RS12370		24
gene-HQ24_RS12390		249
gene-HQ24_RS12395		335
gene-HQ24_RS12400		47
gene-HQ24_RS12405		28
gene-HQ24_RS12415		20
gene-HQ24_RS12430		394
gene-HQ24_RS12610		24
gene-HQ24_RS12615		37
gene-HQ24_RS12620		22
gene-HQ24_RS12625		26
gene-HQ24_RS12630		149
gene-HQ24_RS12635		8
gene-HQ24_RS12640		26
gene-HQ24_RS12645		139
gene-HQ24_RS13400		373
gene-HQ24_RS13555		72
gene-HQ24_RS13615		1
gene-HQ24_RS13620		25
gene-HQ24_RS13625		80
gene-HQ24_RS13635		571
gene-HQ24_RS13640		101
gene-HQ24_RS13695		1
gene-HQ24_RS13820		1152
gene-HQ24_RS13875		166
gene-HQ24_RS13880		257
gene-HQ24_RS13885		347
gene-HQ24_RS13890		222
gene-HQ24_RS13895		119
gene-HQ24_RS14315		4
gene-HQ24_RS14355		1306
gene-HQ24_RS14520		75
gene-HQ24_RS14525		131
gene-HQ24_RS14530		63
gene-HQ24_RS14700		8
gene-HQ24_RS14705		20
gene-HQ24_RS14710		18
gene-HQ24_RS14725		14
gene-HQ24_RS14730		7
gene-HQ24_RS14735		25
gene-HQ24_RS14760		1369
gene-HQ24_RS14780		53
gene-HQ24_RS14800		2884
gene-HQ24_RS14810		379
gene-HQ24_RS14815		1650
gene-HQ24_RS14820		1406
gene-HQ24_RS14835		258
gene-HQ24_RS14840		220
gene-HQ24_RS14845		1111
gene-HQ24_RS14850		1399
gene-HQ24_RS14870		4643
gene-HQ24_RS14885		4310
gene-HQ24_RS14900		809
gene-HQ24_RS14905		15
gene-HQ24_RS14910		311
gene-HQ24_RS14920		124
gene-HQ24_RS14925		62
gene-HQ24_RS14930		22
gene-HQ24_RS14940		36
gene-HQ24_RS14945		10
gene-HQ24_RS14950		310
gene-HQ24_RS14960		200
gene-HQ24_RS14970		1359
gene-HQ24_RS14985		28
gene-HQ24_RS14990		37
gene-HQ24_RS14995		53
gene-HQ24_RS15000		10
gene-HQ24_RS15035		1546
gene-HQ24_RS15040		223
gene-HQ24_RS15045		36
gene-HQ24_RS15080		863
gene-HQ24_RS15095		126
gene-HQ24_RS15110		17
gene-HQ24_RS15130		82
gene-HQ24_RS15135		774
gene-HQ24_RS15150		1112
gene-HQ24_RS15180		328
gene-HQ24_RS15190		550
gene-HQ24_RS15195		36
gene-HQ24_RS15200		671
gene-HQ24_RS15205		6288
gene-HQ24_RS15225		203
gene-HQ24_RS15230		87
gene-HQ24_RS15235		2444
gene-HQ24_RS15240		10
gene-HQ24_RS15245		4
gene-HQ24_RS15250		7
gene-HQ24_RS15255		17
gene-HQ24_RS15265		2
gene-HQ24_RS15275		728
gene-HQ24_RS15300		1485
gene-HQ24_RS15315		1015
gene-HQ24_RS15320		74
gene-HQ24_RS15445		11
gene-HQ24_RS15575		58
gene-HQ24_RS15835		19
gene-HQ24_RS15915		696
gene-HQ24_RS15925		135
gene-HQ24_RS16005		1299
gene-HQ24_RS16230		1348
gene-HQ24_RS16235		601
gene-HQ24_RS16365		23
gene-HQ24_RS16560		60
gene-HQ24_RS16615		26
gene-HQ24_RS16675		51
gene-HQ24_RS16680		106
gene-HQ24_RS16865		89
gene-HQ24_RS16880		50
gene-HQ24_RS17095		58
gene-HQ24_RS17105		748
gene-HQ24_RS17110		16
gene-HQ24_RS17365		9
gene-HQ24_RS17375		291
gene-HQ24_RS17400		14
gene-HQ24_RS17415		70
gene-HQ24_RS17420		41
gene-HQ24_RS17955		68
gene-HQ24_RS18155		1478
gene-HQ24_RS18175		98
gene-HQ24_RS18250		17
gene-HQ24_RS18255		224
gene-HQ24_RS18460		14
gene-HQ24_RS18490		84
gene-HQ24_RS18580		17
gene-HQ24_RS18585		733
gene-HQ24_RS18590		2
gene-HQ24_RS18630		14
gene-HQ24_RS18820		28
gene-HQ24_RS18920		40
gene-HQ24_RS19090		371
gene-HQ24_RS19130		58
gene-HQ24_RS19415		39
gene-HQ24_RS19445		185
gene-HQ24_RS19540		178
gene-HQ24_RS19560		89
gene-HQ24_RS19570		59
gene-HQ24_RS19635		1317
gene-HQ24_RS19950		98
gene-HQ24_RS19965		53
gene-HQ24_RS19970		87
gene-HQ24_RS20140		111
gene-HQ24_RS20145		136
gene-HQ24_RS20150		133
gene-HQ24_RS20155		11
gene-HQ24_RS20250		8
gene-HQ24_RS20410		49
gene-HQ24_RS20415		77
gene-HQ24_RS20610		167
gene-HQ24_RS21030		389
gene-HQ24_RS21065		48
gene-HQ24_RS21070		336
gene-HQ24_RS21075		285
gene-HQ24_RS21080		411
gene-HQ24_RS21230		96
gene-HQ24_RS21245		135
gene-HQ24_RS21405		51
gene-HQ24_RS21455		70
gene-HQ24_RS21915		214
gene-HQ24_RS22040		387
gene-HQ24_RS22070		227
gene-HQ24_RS22075		206
gene-HQ24_RS22080		142
gene-HQ24_RS22285		166
gene-HQ24_RS22335		143
gene-HQ24_RS22515		67
gene-HQ24_RS22600		99
gene-HQ24_RS22605		1088
gene-HQ24_RS22615		1395
gene-HQ24_RS22660		114
gene-HQ24_RS22670		369
gene-HQ24_RS22675		270
gene-HQ24_RS22680		7
gene-HQ24_RS22685		249
gene-HQ24_RS22820		16
gene-HQ24_RS22985		66
gene-HQ24_RS23050		2751
gene-HQ24_RS23180		41
gene-HQ24_RS23185		47
gene-HQ24_RS23190		28
gene-HQ24_RS23365		18
gene-HQ24_RS23475		553
gene-HQ24_RS23555		49
gene-HQ24_RS23720		41
gene-HQ24_RS23725		14
gene-HQ24_RS23800		33
gene-HQ24_RS24085		10
gene-HQ24_RS24280		18
gene-HQ24_RS24295		58
gene-HQ24_RS24455		155
gene-HQ24_RS24465		254
gene-HQ24_RS24515		120
gene-HQ24_RS24640		12
gene-HQ24_RS24650		69
gene-HQ24_RS24660		53
gene-HQ24_RS24710		40
gene-HQ24_RS24785		31
gene-HQ24_RS25375		56
gene-HQ24_RS25510		20
gene-HQ24_RS25520		30
gene-HQ24_RS25595		10
gene-HQ24_RS25610		117
gene-HQ24_RS25795		4
gene-HQ24_RS25805		2
gene-HQ24_RS25810		3
gene-HQ24_RS25825		444
gene-HQ24_RS25840		1452
gene-HQ24_RS25885		737
gene-HQ24_RS25910		267
gene-HQ24_RS25940		108
gene-HQ24_RS25950		874
gene-HQ24_RS25955		137
gene-HQ24_RS25980		8
gene-HQ24_RS25985		0
gene-HQ24_RS25990		0
gene-HQ24_RS26000		7
gene-HQ24_RS26005		46
gene-HQ24_RS26010		1
gene-HQ24_RS26015		26
gene-HQ24_RS26025		39
gene-HQ24_RS26030		6
gene-HQ24_RS26045		43
gene-HQ24_RS26060		3
gene-HQ24_RS26070		143
gene-HQ24_RS26080		1050
gene-HQ24_RS26105		18
gene-HQ24_RS26110		3
gene-HQ24_RS26125		8
gene-HQ24_RS26130		57
gene-HQ24_RS26135		254
gene-HQ24_RS26145		428
gene-HQ24_RS26150		1
gene-HQ24_RS26170		6
gene-HQ24_RS26175		3
gene-HQ24_RS26180		495
gene-HQ24_RS26185		16
gene-HQ24_RS26190		105
gene-HQ24_RS26200		208
gene-HQ24_RS26215		4
gene-HQ24_RS26240		1
gene-HQ24_RS26245		535
gene-HQ24_RS26275		101
gene-HQ24_RS26310		17
gene-HQ24_RS26335		105
gene-HQ24_RS26340		5
gene-HQ24_RS26345		4
gene-HQ24_RS26350		1
gene-HQ24_RS26360		12
gene-HQ24_RS26365		21
gene-HQ24_RS26380		49
gene-HQ24_RS26390		101
gene-HQ24_RS26410		114
gene-HQ24_RS26425		268
gene-HQ24_RS26430		56
gene-HQ24_RS26445		76
gene-HQ24_RS26460		27
gene-HQ24_RS26465		9
gene-HQ24_RS26470		7
gene-HQ24_RS26495		62
gene-HQ24_RS26505		22
gene-HQ24_RS26510		30
gene-HQ24_RS26525		12
gene-HQ24_RS26540		31
gene-HQ24_RS26550		6
gene-HQ24_RS26560		16
gene-HQ24_RS26580		19
gene-HQ24_RS26585		5
gene-HQ24_RS26590		10
gene-HQ24_RS26595		24
gene-HQ24_RS26600		17
gene-HQ24_RS26605		8
gene-HQ24_RS26610		1141
gene-HQ24_RS26615		22
gene-HQ24_RS26620		140
gene-HQ24_RS26625		115
gene-HQ24_RS26630		24
gene-HQ24_RS26635		1990
gene-HQ24_RS26640		544
gene-HQ24_RS26645		15
gene-HQ24_RS26650		5
gene-HQ24_RS26655		43
gene-HQ24_RS26660		98
gene-HQ24_RS26665		5
gene-HQ24_RS26670		100
gene-HQ24_RS26675		120
gene-HQ24_RS26695		1
gene-HQ24_RS26705		16
gene-HQ24_RS26710		17
gene-HQ24_RS26715		2
gene-HQ24_RS26720		94
gene-HQ24_RS26725		150
gene-HQ24_RS26730		14
gene-HQ24_RS26735		6
gene-HQ24_RS26770		40
gene-HQ24_RS26780		62
gene-HQ24_RS26785		3
gene-HQ24_RS26800		48
gene-HQ24_RS26810		170
gene-HQ24_RS26815		29
gene-HQ24_RS26820		59
gene-HQ24_RS26825		63
gene-HQ24_RS26830		61
gene-HQ24_RS26840		78
gene-HQ24_RS26845		10
gene-HQ24_RS26850		1721
gene-HQ24_RS26855		23
gene-HQ24_RS26860		1247
gene-HQ24_RS26875		44
gene-HQ24_RS26885		1
gene-HQ24_RS26890		1
gene-HQ24_RS26900		59
gene-HQ24_RS26905		49
gene-HQ24_RS26915		7
gene-HQ24_RS26925		98
gene-HQ24_RS26930		13
gene-HQ24_RS26940		0
gene-HQ24_RS26950		12
gene-HQ24_RS26955		28
gene-YFP		11552
gene-aaeA	aaeA	491
gene-aaeB	aaeB	1566
gene-aaeR	aaeR	1509
gene-aaeX	aaeX	116
gene-aas	aas	2003
gene-aat	aat	394
gene-abgR	abgR	560
gene-abpA	abpA	897
gene-abpB	abpB	673
gene-abrB	abrB	113
gene-accA	accA	3401
gene-accB	accB	751
gene-accC	accC	2073
gene-accD	accD	5527
gene-aceA	aceA	2469
gene-aceB	aceB	3244
gene-aceE	aceE	889
gene-aceF	aceF	1032
gene-aceK	aceK	666
gene-ackA	ackA	2645
gene-acnA	acnA	6266
gene-acnB	acnB	20347
gene-acpH	acpH	729
gene-acpP	acpP	3753
gene-acpS	acpS	209
gene-acpT	acpT	465
gene-acrA	acrA	3469
gene-acrB	acrB	10216
gene-acrD	acrD	2629
gene-acrE	acrE	87
gene-acrF	acrF	848
gene-acrR	acrR	141
gene-acrS	acrS	27
gene-acrZ	acrZ	65
gene-acs	acs	776
gene-actP	actP	336
gene-actS	actS	593
gene-ada	ada	2419
gene-add	add	979
gene-adeD	adeD	926
gene-adeP	adeP	963
gene-adeQ	adeQ	490
gene-adhE	adhE	3334
gene-adhP	adhP	3794
gene-adiA	adiA	140
gene-adiC	adiC	362
gene-adiY	adiY	144
gene-adk	adk	1043
gene-adrA	adrA	464
gene-aegA	aegA	499
gene-aer	aer	5912
gene-aes	aes	514
gene-agaB	agaB	27
gene-agaC	agaC	97
gene-agaD	agaD	72
gene-agaI	agaI	68
gene-agaR	agaR	982
gene-agaS	agaS	179
gene-agaV	agaV	44
gene-agn43	agn43	739
gene-agp	agp	771
gene-ahpC	ahpC	1427
gene-ahpF	ahpF	2421
gene-ahr	ahr	1857
gene-aidB	aidB	1776
gene-ais	ais	224
gene-alaA	alaA	2892
gene-alaC	alaC	3989
gene-alaE	alaE	97
gene-alaS	alaS	12443
gene-aldA	aldA	452
gene-aldB	aldB	586
gene-alkA	alkA	354
gene-alkB	alkB	484
gene-allA	allA	79
gene-allB	allB	475
gene-allC	allC	160
gene-allD	allD	65
gene-allE	allE	126
gene-allR	allR	2927
gene-allS	allS	54
gene-alpA	alpA	12
gene-alr	alr	1281
gene-alsA	alsA	237
gene-alsB	alsB	223
gene-alsC	alsC	107
gene-alsE	alsE	82
gene-alsK	alsK	163
gene-alsR	alsR	164
gene-alx	alx	2442
gene-amiA	amiA	2653
gene-amiB	amiB	4121
gene-amiC	amiC	5360
gene-amiD	amiD	1659
gene-amn	amn	337
gene-ampC	ampC	285
gene-ampD	ampD	167
gene-ampE	ampE	345
gene-ampG	ampG	418
gene-ampH	ampH	709
gene-amtB	amtB	690
gene-amyA	amyA	3628
gene-anmK	anmK	1001
gene-ansA	ansA	690
gene-ansB	ansB	1641
gene-ansP	ansP	1122
gene-apaG	apaG	560
gene-apaH	apaH	1147
gene-apbC	apbC	1177
gene-apbE	apbE	1524
gene-aphA	aphA	237
gene-appA	appA	359
gene-appB	appB	177
gene-appC	appC	296
gene-appY	appY	105
gene-apt	apt	1186
gene-aqpZ	aqpZ	887
gene-araA	araA	224
gene-araB	araB	260
gene-araC	araC	685
gene-araD	araD	216
gene-araE	araE	1498
gene-araF	araF	420
gene-araG	araG	523
gene-araH	araH	617
gene-araJ	araJ	300
gene-arcA	arcA	10207
gene-arcB	arcB	1158
gene-arcC	arcC	227
gene-arfA	arfA	360
gene-arfB	arfB	440
gene-argA	argA	668
gene-argB	argB	580
gene-argC	argC	188
gene-argD	argD	1792
gene-argE	argE	677
gene-argF	argF	616
gene-argG	argG	2065
gene-argH	argH	2403
gene-argL	argL	1
gene-argO	argO	2337
gene-argP	argP	469
gene-argR	argR	1001
gene-argS	argS	1901
gene-argT	argT	1838
gene-ariR	ariR	1367
gene-arnA	arnA	892
gene-arnB	arnB	2399
gene-arnC	arnC	518
gene-arnD	arnD	559
gene-arnE	arnE	98
gene-arnF	arnF	129
gene-arnT	arnT	528
gene-aroA	aroA	504
gene-aroB	aroB	3461
gene-aroC	aroC	1265
gene-aroD	aroD	500
gene-aroE	aroE	1860
gene-aroF	aroF	4076
gene-aroG	aroG	3021
gene-aroH	aroH	963
gene-aroK	aroK	1932
gene-aroL	aroL	449
gene-aroM	aroM	809
gene-aroP	aroP	1589
gene-arsB	arsB	472
gene-arsC	arsC	312
gene-arsR	arsR	167
gene-artJ	artJ	1742
gene-artM	artM	1890
gene-artP	artP	1739
gene-artQ	artQ	1623
gene-ascB	ascB	773
gene-ascF	ascF	706
gene-ascG	ascG	524
gene-asd	asd	2007
gene-aslA	aslA	624
gene-aslB	aslB	519
gene-asmA	asmA	2073
gene-asnA	asnA	541
gene-asnB	asnB	540
gene-asnC	asnC	230
gene-asnS	asnS	4550
gene-aspA	aspA	569
gene-aspC	aspC	1395
gene-aspS	aspS	3478
gene-asr	asr	18
gene-astA	astA	1991
gene-astB	astB	1083
gene-astC	astC	3332
gene-astD	astD	1839
gene-astE	astE	354
gene-atoA	atoA	12
gene-atoB	atoB	142
gene-atoC	atoC	86
gene-atoD	atoD	13
gene-atoE	atoE	59
gene-atoS	atoS	113
gene-atpA	atpA	5173
gene-atpB	atpB	2250
gene-atpC	atpC	1533
gene-atpD	atpD	3780
gene-atpE	atpE	545
gene-atpF	atpF	1673
gene-atpG	atpG	1716
gene-atpH	atpH	1323
gene-atpI	atpI	616
gene-avtA	avtA	2069
gene-azoR	azoR	94
gene-azuC	azuC	73
gene-bacA	bacA	800
gene-baeR	baeR	485
gene-baeS	baeS	289
gene-bamA	bamA	8318
gene-bamB	bamB	7452
gene-bamC	bamC	5113
gene-bamD	bamD	1469
gene-bamE	bamE	4107
gene-barA	barA	436
gene-basR	basR	633
gene-bax	bax	929
gene-bcp	bcp	775
gene-bcr	bcr	2773
gene-bcsA	bcsA	3409
gene-bcsB	bcsB	2063
gene-bcsC	bcsC	3245
gene-bcsE	bcsE	2381
gene-bcsF	bcsF	75
gene-bcsG	bcsG	583
gene-bcsQ	bcsQ	828
gene-bcsR	bcsR	429
gene-bcsZ	bcsZ	561
gene-bdcA	bdcA	116
gene-bdcR	bdcR	208
gene-bdm	bdm	57
gene-bepA	bepA	1286
gene-betA	betA	2465
gene-betB	betB	7049
gene-betI	betI	3133
gene-betT	betT	3827
gene-bfd	bfd	332
gene-bfr	bfr	2145
gene-bglA	bglA	1139
gene-bglB	bglB	33
gene-bglF	bglF	105
gene-bglG	bglG	50
gene-bglH	bglH	362
gene-bglJ	bglJ	301
gene-bglX	bglX	2235
gene-bhsA	bhsA	2340
gene-bioA	bioA	743
gene-bioB	bioB	5663
gene-bioC	bioC	2545
gene-bioD	bioD	1123
gene-bioF	bioF	6148
gene-bioH	bioH	533
gene-bioP	bioP	834
gene-birA	birA	467
gene-bisC	bisC	1721
gene-blc	blc	1722
gene-blr	blr	183
gene-bluF	bluF	814
gene-bluR	bluR	2244
gene-bolA	bolA	508
gene-bor	bor	124
gene-brnQ	brnQ	4058
gene-bsmA	bsmA	839
gene-bssR	bssR	1515
gene-bssS	bssS	2507
gene-btsR	btsR	273
gene-btsS	btsS	592
gene-btsT	btsT	303
gene-btuB	btuB	615
gene-btuC	btuC	2362
gene-btuD	btuD	2611
gene-btuE	btuE	1289
gene-btuF	btuF	139
gene-cadA	cadA	232
gene-cadB	cadB	226
gene-cadC	cadC	137
gene-caiA	caiA	221
gene-caiB	caiB	232
gene-caiC	caiC	184
gene-caiD	caiD	74
gene-caiE	caiE	61
gene-caiF	caiF	138
gene-caiT	caiT	161
gene-camR		819
gene-can	can	833
gene-carA	carA	92
gene-carB	carB	395
gene-cas1e	cas1e	755
gene-cas2e	cas2e	74
gene-cas3	cas3	731
gene-cas5e	cas5e	288
gene-cas6e	cas6e	412
gene-cas7e	cas7e	907
gene-casA	casA	500
gene-casB	casB	254
gene-cbdX	cbdX	8
gene-cbl	cbl	977
gene-cbpA	cbpA	1444
gene-cbpM	cbpM	401
gene-cbrA	cbrA	356
gene-cbrB	cbrB	104
gene-cbrC	cbrC	153
gene-cbtA	cbtA	25
gene-cca	cca	4259
gene-ccdA	ccdA	651
gene-ccdB	ccdB	1257
gene-ccmA	ccmA	209
gene-ccmB	ccmB	153
gene-ccmC	ccmC	202
gene-ccmD	ccmD	31
gene-ccmE	ccmE	91
gene-ccmF	ccmF	550
gene-ccmH	ccmH	510
gene-ccp	ccp	391
gene-cdaR	cdaR	1031
gene-cdd	cdd	1550
gene-cdgI	cdgI	249
gene-cdh	cdh	435
gene-cdsA	cdsA	1994
gene-cecR	cecR	1527
gene-cedA	cedA	134
gene-celF	celF	672
gene-cfa	cfa	10547
gene-cgtA	cgtA	5587
gene-chaA	chaA	1489
gene-chaB	chaB	713
gene-chaC	chaC	2758
gene-chbA	chbA	132
gene-chbB	chbB	438
gene-chbC	chbC	1482
gene-chbG	chbG	993
gene-chbR	chbR	601
gene-cheA	cheA	26765
gene-cheB	cheB	3754
gene-cheR	cheR	3773
gene-cheW	cheW	4207
gene-cheY	cheY	432
gene-cheZ	cheZ	1818
gene-chiA	chiA	1953
gene-chiP	chiP	113
gene-chiQ	chiQ	28
gene-cho	cho	1682
gene-chpB	chpB	728
gene-chpS	chpS	76
gene-cirA	cirA	9493
gene-citC	citC	11
gene-citD	citD	1
gene-citE	citE	8
gene-citF	citF	49
gene-citG	citG	4
gene-citT	citT	75
gene-citX	citX	15
gene-clcA	clcA	3594
gene-clcB	clcB	415
gene-clpA	clpA	9370
gene-clpB	clpB	11978
gene-clpP	clpP	4828
gene-clpS	clpS	121
gene-clpX	clpX	13882
gene-cls	cls	2468
gene-clsB	clsB	1376
gene-clsC	clsC	721
gene-cmk	cmk	2261
gene-cmoA	cmoA	730
gene-cmoB	cmoB	1051
gene-cmoM	cmoM	611
gene-cmtA	cmtA	221
gene-cmtB	cmtB	22
gene-cnoX	cnoX	1329
gene-coaA	coaA	299
gene-coaBC	coaBC	364
gene-coaD	coaD	1041
gene-coaE	coaE	345
gene-cobB	cobB	412
gene-cobC	cobC	258
gene-cobO	cobO	172
gene-cobS	cobS	1423
gene-cobT	cobT	2009
gene-cobU	cobU	434
gene-codA	codA	208
gene-codB	codB	79
gene-cof	cof	574
gene-comR	comR	502
gene-copA	copA	1883
gene-copD	copD	4658
gene-corA	corA	1486
gene-corC	corC	3350
gene-cpdA	cpdA	1739
gene-cpdB	cpdB	540
gene-cpoB	cpoB	2393
gene-cpsB	cpsB	164
gene-cpsG	cpsG	175
gene-cpxA	cpxA	3597
gene-cpxP	cpxP	3329
gene-cpxR	cpxR	1524
gene-cra	cra	1241
gene-crcB	crcB	126
gene-creA	creA	548
gene-creB	creB	963
gene-creC	creC	883
gene-creD	creD	444
gene-crfC	crfC	1314
gene-crl	crl	450
gene-crp	crp	3284
gene-crr	crr	7642
gene-csdA	csdA	2778
gene-csdE	csdE	789
gene-csgA	csgA	86
gene-csgB	csgB	49
gene-csgC	csgC	20
gene-csgD	csgD	405
gene-csgE	csgE	211
gene-csgF	csgF	174
gene-csgG	csgG	451
gene-csiD	csiD	937
gene-csiE	csiE	1035
gene-csiR	csiR	351
gene-cspA	cspA	23012
gene-cspB	cspB	3012
gene-cspD	cspD	412
gene-cspE	cspE	3207
gene-cspF	cspF	170
gene-cspG	cspG	1006
gene-cspH	cspH	19
gene-cspI	cspI	329
gene-csqR	csqR	559
gene-csrA	csrA	1674
gene-csrD	csrD	4009
gene-cstA	cstA	4849
gene-cueO	cueO	2508
gene-cueR	cueR	222
gene-curA	curA	1311
gene-cusA	cusA	1284
gene-cusB	cusB	214
gene-cusC	cusC	75
gene-cusF	cusF	22
gene-cusR	cusR	300
gene-cusS	cusS	149
gene-cutA	cutA	85
gene-cutC	cutC	584
gene-cvpA	cvpA	553
gene-cvrA	cvrA	1231
gene-cyaA	cyaA	6964
gene-cyaY	cyaY	101
gene-cybB	cybB	765
gene-cybC	cybC	251
gene-cycA	cycA	4108
gene-cydA	cydA	3666
gene-cydB	cydB	2861
gene-cydC	cydC	266
gene-cydD	cydD	466
gene-cydX	cydX	71
gene-cynR	cynR	406
gene-cynS	cynS	55
gene-cynT	cynT	84
gene-cynX	cynX	217
gene-cyoA	cyoA	1786
gene-cyoB	cyoB	2458
gene-cyoC	cyoC	427
gene-cyoD	cyoD	195
gene-cyoE	cyoE	962
gene-cysA	cysA	14823
gene-cysB	cysB	2457
gene-cysC	cysC	1289
gene-cysD	cysD	4455
gene-cysE	cysE	2409
gene-cysG	cysG	821
gene-cysH	cysH	788
gene-cysI	cysI	2619
gene-cysJ	cysJ	3990
gene-cysK	cysK	19266
gene-cysM	cysM	2589
gene-cysN	cysN	10455
gene-cysP	cysP	8876
gene-cysQ	cysQ	1198
gene-cysS	cysS	877
gene-cysT	cysT	7697
gene-cysW	cysW	10442
gene-cysZ	cysZ	241
gene-cytR	cytR	633
gene-cyuA	cyuA	462
gene-cyuP	cyuP	162
gene-dacA	dacA	781
gene-dacB	dacB	593
gene-dacC	dacC	5312
gene-dacD	dacD	829
gene-dadA	dadA	2636
gene-dadX	dadX	1191
gene-dam	dam	1073
gene-damX	damX	6404
gene-dapA	dapA	2670
gene-dapB	dapB	382
gene-dapD	dapD	1200
gene-dapE	dapE	1810
gene-dapF	dapF	900
gene-dauA	dauA	1985
gene-dbpA	dbpA	1509
gene-dcd	dcd	1398
gene-dcm	dcm	3134
gene-dcp	dcp	1356
gene-dcrB	dcrB	1771
gene-dctA	dctA	1310
gene-dctR	dctR	62
gene-dcuA	dcuA	2906
gene-dcuB	dcuB	118
gene-dcuC	dcuC	589
gene-dcuR	dcuR	60
gene-dcuS	dcuS	174
gene-dcyD	dcyD	2240
gene-ddlA	ddlA	617
gene-ddlB	ddlB	1018
gene-ddpA	ddpA	182
gene-ddpB	ddpB	164
gene-ddpC	ddpC	176
gene-ddpD	ddpD	134
gene-ddpF	ddpF	141
gene-ddpX	ddpX	71
gene-deaD	deaD	26467
gene-decR	decR	255
gene-dedA	dedA	1916
gene-dedD	dedD	1806
gene-def	def	1430
gene-degP	degP	8292
gene-degQ	degQ	1146
gene-degS	degS	576
gene-deoA	deoA	1098
gene-deoB	deoB	4603
gene-deoC	deoC	463
gene-deoD	deoD	1273
gene-deoR	deoR	609
gene-der	der	8069
gene-dgcE	dgcE	2492
gene-dgcF	dgcF	775
gene-dgcI	dgcI	275
gene-dgcJ	dgcJ	1232
gene-dgcM	dgcM	773
gene-dgcN	dgcN	577
gene-dgcP	dgcP	537
gene-dgcT	dgcT	472
gene-dgcZ	dgcZ	1351
gene-dgkA	dgkA	507
gene-dgoA	dgoA	376
gene-dgoD	dgoD	428
gene-dgoK	dgoK	1116
gene-dgoR	dgoR	1607
gene-dgoT	dgoT	424
gene-dgt	dgt	581
gene-dhaK	dhaK	159
gene-dhaL	dhaL	150
gene-dhaM	dhaM	254
gene-dhaR	dhaR	6801
gene-diaA	diaA	344
gene-dicA	dicA	81
gene-dicB	dicB	1
gene-dicC	dicC	1
gene-digH	digH	317
gene-dinB	dinB	2321
gene-dinD	dinD	210
gene-dinF	dinF	4211
gene-dinG	dinG	1790
gene-dinI	dinI	618
gene-dinJ	dinJ	207
gene-dinQ	dinQ	1058
gene-djlA	djlA	260
gene-djlB	djlB	118
gene-djlC	djlC	571
gene-dkgA	dkgA	350
gene-dkgB	dkgB	131
gene-dksA	dksA	2945
gene-dld	dld	1765
gene-dmlA	dmlA	123
gene-dmlR	dmlR	665
gene-dmpG	dmpG	141
gene-dmsA	dmsA	692
gene-dmsB	dmsB	342
gene-dmsC	dmsC	413
gene-dmsD	dmsD	194
gene-dnaA	dnaA	3769
gene-dnaB	dnaB	1577
gene-dnaC	dnaC	429
gene-dnaE	dnaE	3838
gene-dnaG	dnaG	4066
gene-dnaJ	dnaJ	5004
gene-dnaK	dnaK	13479
gene-dnaN	dnaN	3451
gene-dnaQ	dnaQ	654
gene-dnaT	dnaT	325
gene-dnaX	dnaX	1531
gene-dosC	dosC	1354
gene-dosP	dosP	847
gene-dpaA	dpaA	3342
gene-dpaL	dpaL	60
gene-dpiA	dpiA	296
gene-dpiB	dpiB	452
gene-dppA	dppA	4133
gene-dppB	dppB	1106
gene-dppC	dppC	810
gene-dppD	dppD	632
gene-dppF	dppF	558
gene-dprA	dprA	394
gene-dps	dps	2441
gene-drpB	drpB	1409
gene-dsbA	dsbA	855
gene-dsbB	dsbB	405
gene-dsbC	dsbC	877
gene-dsbD	dsbD	373
gene-dsbE	dsbE	220
gene-dsbG	dsbG	235
gene-dsdA	dsdA	427
gene-dsdC	dsdC	225
gene-dsdX	dsdX	165
gene-dsrB	dsrB	88
gene-dtd	dtd	343
gene-dtpA	dtpA	3198
gene-dtpB	dtpB	1082
gene-dtpC	dtpC	184
gene-dtpD	dtpD	551
gene-dusA	dusA	785
gene-dusB	dusB	6287
gene-dusC	dusC	493
gene-dut	dut	254
gene-dxs	dxs	1164
gene-eamA	eamA	812
gene-eamB	eamB	195
gene-ebgA	ebgA	326
gene-ebgC	ebgC	25
gene-ebgR	ebgR	278
gene-ecnA	ecnA	199
gene-ecnB	ecnB	115
gene-eco	eco	194
gene-ecpA	ecpA	412
gene-ecpB	ecpB	298
gene-ecpC	ecpC	640
gene-ecpD	ecpD	228
gene-ecpE	ecpE	110
gene-ecpR	ecpR	170
gene-edd	edd	342
gene-efeB	efeB	431
gene-efeO	efeO	622
gene-efp	efp	1095
gene-elaA	elaA	151
gene-elaB	elaB	4010
gene-elaD	elaD	43
gene-elbB	elbB	249
gene-elfA	elfA	81
gene-elfC	elfC	275
gene-elfD	elfD	34
gene-elfG	elfG	202
gene-elyC	elyC	176
gene-emrA	emrA	642
gene-emrB	emrB	1334
gene-emrD	emrD	1982
gene-emrE	emrE	168
gene-emrK	emrK	335
gene-emrR	emrR	379
gene-emrY	emrY	519
gene-emtA	emtA	792
gene-endA	endA	390
gene-eno	eno	8286
gene-entA	entA	635
gene-entB	entB	631
gene-entC	entC	3254
gene-entD	entD	1028
gene-entE	entE	1573
gene-entF	entF	2828
gene-entH	entH	169
gene-entS	entS	2561
gene-envC	envC	605
gene-envY	envY	25
gene-envZ	envZ	1932
gene-epd	epd	1961
gene-epmA	epmA	759
gene-epmB	epmB	828
gene-epmC	epmC	266
gene-eptA	eptA	195
gene-eptB	eptB	507
gene-eptC	eptC	865
gene-era	era	3067
gene-erpA	erpA	1064
gene-espL1	espL1	141
gene-espL4	espL4	40
gene-espX5	espX5	32
gene-essD	essD	105
gene-etk	etk	1339
gene-etp	etp	77
gene-ettA	ettA	4992
gene-eutA	eutA	462
gene-eutB	eutB	292
gene-eutC	eutC	329
gene-eutE	eutE	90
gene-eutG	eutG	151
gene-eutH	eutH	406
gene-eutJ	eutJ	56
gene-eutK	eutK	172
gene-eutL	eutL	272
gene-eutM	eutM	22
gene-eutN	eutN	12
gene-eutP	eutP	28
gene-eutQ	eutQ	54
gene-eutR	eutR	172
gene-eutS	eutS	22
gene-eutT	eutT	82
gene-evgA	evgA	407
gene-evgS	evgS	828
gene-exbB	exbB	1234
gene-exbD	exbD	1211
gene-exoX	exoX	1113
gene-exuR	exuR	2268
gene-exuT	exuT	1461
gene-fabA	fabA	2812
gene-fabB	fabB	13719
gene-fabD	fabD	2370
gene-fabF	fabF	25454
gene-fabG	fabG	2365
gene-fabH	fabH	2225
gene-fabI	fabI	2658
gene-fabR	fabR	698
gene-fabY	fabY	791
gene-fabZ	fabZ	882
gene-fadA	fadA	547
gene-fadB	fadB	567
gene-fadD	fadD	1862
gene-fadE	fadE	5728
gene-fadH	fadH	359
gene-fadI	fadI	1534
gene-fadJ	fadJ	2122
gene-fadK	fadK	117
gene-fadL	fadL	2541
gene-fadM	fadM	394
gene-fadR	fadR	1124
gene-fau	fau	1712
gene-fbaA	fbaA	2485
gene-fbaB	fbaB	4915
gene-fbp	fbp	1094
gene-fbpC	fbpC	646
gene-fcl	fcl	269
gene-fdhD	fdhD	544
gene-fdhE	fdhE	1214
gene-fdhF	fdhF	899
gene-fdnG	fdnG	10536
gene-fdnH	fdnH	393
gene-fdnI	fdnI	249
gene-fdoH	fdoH	1946
gene-fdoI	fdoI	1024
gene-fdrA	fdrA	452
gene-fdx	fdx	1068
gene-feaB	feaB	1489
gene-feaR	feaR	132
gene-fecA	fecA	1312
gene-fecB	fecB	264
gene-fecC	fecC	211
gene-fecD	fecD	169
gene-fecE	fecE	126
gene-fecI	fecI	1086
gene-fecR	fecR	1646
gene-feoA	feoA	378
gene-feoB	feoB	3571
gene-feoC	feoC	362
gene-fepA	fepA	8809
gene-fepB	fepB	1029
gene-fepC	fepC	319
gene-fepD	fepD	1152
gene-fepG	fepG	679
gene-fes	fes	969
gene-fetA	fetA	42
gene-fetB	fetB	195
gene-ffh	ffh	1996
gene-fghA	fghA	758
gene-fhuA	fhuA	3343
gene-fhuB	fhuB	1640
gene-fhuC	fhuC	759
gene-fhuD	fhuD	636
gene-fhuE	fhuE	2949
gene-fhuF	fhuF	7402
gene-fic	fic	1150
gene-fieF	fieF	1309
gene-fimA	fimA	396
gene-fimB	fimB	346
gene-fimC	fimC	190
gene-fimD	fimD	1003
gene-fimE	fimE	62
gene-fimF	fimF	343
gene-fimG	fimG	169
gene-fimH	fimH	655
gene-fimI	fimI	79
gene-fimZ	fimZ	61
gene-fis	fis	2385
gene-fiu	fiu	1491
gene-fixA	fixA	53
gene-fixB	fixB	99
gene-fixC	fixC	130
gene-fixX	fixX	27
gene-fklB	fklB	664
gene-fkpA	fkpA	1341
gene-fkpB	fkpB	660
gene-fldA	fldA	483
gene-fldB	fldB	211
gene-flgA	flgA	43
gene-flgB	flgB	21
gene-flgC	flgC	30
gene-flgD	flgD	49
gene-flgE	flgE	83
gene-flgF	flgF	45
gene-flgG	flgG	76
gene-flgH	flgH	56
gene-flgI	flgI	91
gene-flgJ	flgJ	60
gene-flgK	flgK	8036
gene-flgL	flgL	5616
gene-flgM	flgM	1002
gene-flgN	flgN	1678
gene-flhA	flhA	4079
gene-flhB	flhB	2207
gene-flhC	flhC	228
gene-flhD	flhD	157
gene-flhe	flhe	296
gene-fliA	fliA	2602
gene-fliC	fliC	25820
gene-fliD	fliD	1819
gene-fliE	fliE	12
gene-fliF	fliF	146
gene-fliG	fliG	164
gene-fliH	fliH	131
gene-fliI	fliI	168
gene-fliJ	fliJ	14
gene-fliK	fliK	42
gene-fliL	fliL	141
gene-fliM	fliM	272
gene-fliN	fliN	121
gene-fliO	fliO	200
gene-fliP	fliP	110
gene-fliQ	fliQ	35
gene-fliR	fliR	65
gene-fliS	fliS	287
gene-fliT	fliT	240
gene-fliZ	fliZ	1473
gene-flk	flk	484
gene-flxA	flxA	134
gene-fmt	fmt	4038
gene-focA	focA	1360
gene-focB	focB	202
gene-folA	folA	397
gene-folB	folB	62
gene-folC	folC	1532
gene-folD	folD	290
gene-folE	folE	1394
gene-folK	folK	123
gene-folM	folM	505
gene-folP	folP	1013
gene-folX	folX	959
gene-fpr	fpr	400
gene-frc	frc	373
gene-frdA	frdA	2545
gene-frdB	frdB	891
gene-frdC	frdC	442
gene-frdD	frdD	730
gene-fre	fre	1693
gene-frlA	frlA	20
gene-frlB	frlB	139
gene-frlC	frlC	70
gene-frlD	frlD	208
gene-frmA	frmA	3159
gene-frmR	frmR	583
gene-frr	frr	5536
gene-frsA	frsA	614
gene-fruA	fruA	10001
gene-fruB	fruB	180
gene-fruK	fruK	3377
gene-frvA	frvA	27
gene-frvB	frvB	123
gene-frvR	frvR	121
gene-frvX	frvX	57
gene-frwB	frwB	4
gene-frwC	frwC	52
gene-frwD	frwD	39
gene-fryB	fryB	81
gene-fryC	fryC	229
gene-fsa	fsa	111
gene-fsr	fsr	303
gene-ftnA	ftnA	286
gene-ftnB	ftnB	3075
gene-ftsA	ftsA	2922
gene-ftsB	ftsB	590
gene-ftsE	ftsE	1630
gene-ftsH	ftsH	73666
gene-ftsI	ftsI	1424
gene-ftsK	ftsK	7789
gene-ftsL	ftsL	242
gene-ftsN	ftsN	938
gene-ftsP	ftsP	4666
gene-ftsQ	ftsQ	1916
gene-ftsW	ftsW	994
gene-ftsX	ftsX	3082
gene-ftsY	ftsY	2188
gene-ftsZ	ftsZ	6706
gene-fucA	fucA	81
gene-fucI	fucI	417
gene-fucK	fucK	164
gene-fucO	fucO	283
gene-fucP	fucP	53
gene-fucR	fucR	281
gene-fucU	fucU	467
gene-fumB	fumB	1314
gene-fumC	fumC	791
gene-fumD	fumD	104
gene-fumE	fumE	511
gene-fur	fur	1549
gene-fusA	fusA	95611
gene-fxsA	fxsA	730
gene-gabD	gabD	1331
gene-gabP	gabP	236
gene-gabT	gabT	1028
gene-gadA	gadA	688
gene-gadB	gadB	846
gene-gadC	gadC	681
gene-gadE	gadE	28
gene-gadW	gadW	346
gene-gadX	gadX	498
gene-galE	galE	312
gene-galF	galF	6436
gene-galK	galK	1356
gene-galM	galM	6945
gene-galP	galP	10361
gene-galR	galR	1217
gene-galS	galS	310
gene-galT	galT	248
gene-galU	galU	2593
gene-gap	gap	17036
gene-gapA	gapA	11515
gene-garD	garD	473
gene-garK	garK	481
gene-garL	garL	81
gene-garP	garP	138
gene-garR	garR	242
gene-gatA	gatA	94
gene-gatB	gatB	64
gene-gatD	gatD	677
gene-gatY	gatY	731
gene-gatZ	gatZ	618
gene-gcd	gcd	3855
gene-gcl	gcl	291
gene-gcvA	gcvA	2015
gene-gcvH	gcvH	87
gene-gcvP	gcvP	714
gene-gcvR	gcvR	574
gene-gcvT	gcvT	459
gene-gdhA	gdhA	2593
gene-gfcA	gfcA	1213
gene-gfcB	gfcB	444
gene-gfcC	gfcC	402
gene-gfcD	gfcD	624
gene-gfcE	gfcE	262
gene-ggt	ggt	1675
gene-ghoS	ghoS	571
gene-ghoT	ghoT	70
gene-ghrA	ghrA	766
gene-ghrB	ghrB	395
gene-ghxP	ghxP	758
gene-ghxQ	ghxQ	449
gene-glcA	glcA	1051
gene-glcB	glcB	2910
gene-glcC	glcC	970
gene-glcD	glcD	163
gene-glcE	glcE	103
gene-glcF	glcF	600
gene-glcG	glcG	149
gene-gldA	gldA	175
gene-glf	glf	396
gene-glgA	glgA	5675
gene-glgB	glgB	2656
gene-glgC	glgC	3339
gene-glgP	glgP	4722
gene-glgS	glgS	88
gene-glgX	glgX	2411
gene-glk	glk	2944
gene-glmM	glmM	4199
gene-glmS	glmS	5004
gene-glmU	glmU	1646
gene-glnA	glnA	301
gene-glnB	glnB	322
gene-glnD	glnD	760
gene-glnE	glnE	1530
gene-glnG	glnG	2787
gene-glnH	glnH	813
gene-glnK	glnK	66
gene-glnL	glnL	1726
gene-glnP	glnP	370
gene-glnQ	glnQ	597
gene-glnS	glnS	1136
gene-gloA	gloA	495
gene-gloB	gloB	143
gene-gloC	gloC	2036
gene-glpA	glpA	126
gene-glpB	glpB	104
gene-glpC	glpC	72
gene-glpD	glpD	2120
gene-glpE	glpE	414
gene-glpF	glpF	325
gene-glpG	glpG	1056
gene-glpK	glpK	609
gene-glpQ	glpQ	852
gene-glpT	glpT	192
gene-glpX	glpX	975
gene-glrR	glrR	1621
gene-glsA	glsA	142
gene-glsB	glsB	562
gene-gltA	gltA	4799
gene-gltB	gltB	2520
gene-gltD	gltD	518
gene-gltF	gltF	125
gene-gltI	gltI	624
gene-gltJ	gltJ	461
gene-gltK	gltK	370
gene-gltL	gltL	413
gene-gltP	gltP	1723
gene-gltS	gltS	5434
gene-gltX	gltX	4527
gene-gluQRS	gluQRS	881
gene-glxK	glxK	226
gene-glxR	glxR	73
gene-glyA	glyA	1530
gene-glyQ	glyQ	3025
gene-glyS	glyS	4951
gene-gmd	gmd	414
gene-gmhB	gmhB	126
gene-gmk	gmk	1381
gene-gmm	gmm	113
gene-gndA	gndA	6480
gene-gnsA	gnsA	77
gene-gnsB	gnsB	87
gene-gntK	gntK	222
gene-gntP	gntP	294
gene-gntR	gntR	778
gene-gntT	gntT	854
gene-gntU	gntU	725
gene-gntX	gntX	285
gene-gorA	gorA	999
gene-gph	gph	652
gene-gpmA	gpmA	1837
gene-gpmB	gpmB	727
gene-gpmM	gpmM	1518
gene-gppA	gppA	2592
gene-gpr	gpr	236
gene-gpsA	gpsA	2685
gene-gpt	gpt	347
gene-grcA	grcA	146
gene-greA	greA	710
gene-greB	greB	390
gene-groL	groL	9152
gene-groS	groS	911
gene-grpE	grpE	2932
gene-grxA	grxA	9
gene-grxB	grxB	397
gene-grxC	grxC	1150
gene-grxD	grxD	953
gene-gshA	gshA	6616
gene-gshB	gshB	1794
gene-gsiA	gsiA	4833
gene-gsiB	gsiB	1968
gene-gsiC	gsiC	739
gene-gsiD	gsiD	547
gene-gsk	gsk	663
gene-gspA	gspA	335
gene-gspB	gspB	89
gene-gspC	gspC	573
gene-gspD	gspD	947
gene-gspE	gspE	318
gene-gspF	gspF	57
gene-gspG	gspG	17
gene-gspH	gspH	24
gene-gspI	gspI	14
gene-gspJ	gspJ	43
gene-gspK	gspK	36
gene-gspL	gspL	276
gene-gspM	gspM	49
gene-gspO	gspO	98
gene-gss	gss	878
gene-gstA	gstA	1432
gene-gstB	gstB	459
gene-guaA	guaA	2337
gene-guaB	guaB	3797
gene-guaC	guaC	847
gene-guaD	guaD	244
gene-gudD	gudD	571
gene-gudP	gudP	246
gene-gudX	gudX	264
gene-gutM	gutM	50
gene-gutQ	gutQ	466
gene-gyrA	gyrA	10029
gene-gyrB	gyrB	2481
gene-hcaB	hcaB	531
gene-hcaC	hcaC	183
gene-hcaD	hcaD	516
gene-hcaE	hcaE	624
gene-hcaF	hcaF	217
gene-hcaR	hcaR	287
gene-hcaT	hcaT	1090
gene-hchA	hchA	5692
gene-hcp	hcp	351
gene-hcr	hcr	234
gene-hcxA	hcxA	478
gene-hcxB	hcxB	768
gene-hda	hda	359
gene-hdeA	hdeA	90
gene-hdeB	hdeB	55
gene-hdeD	hdeD	334
gene-hdfR	hdfR	611
gene-hdhA	hdhA	2998
gene-helD	helD	1262
gene-hemA	hemA	2793
gene-hemB	hemB	711
gene-hemC	hemC	756
gene-hemD	hemD	599
gene-hemE	hemE	1510
gene-hemF	hemF	1862
gene-hemG	hemG	269
gene-hemH	hemH	2112
gene-hemL	hemL	1730
gene-hemN	hemN	704
gene-hemP	hemP	303
gene-hemW	hemW	778
gene-hemX	hemX	1949
gene-hemY	hemY	3202
gene-hexR	hexR	338
gene-hflC	hflC	9033
gene-hflD	hflD	825
gene-hflK	hflK	11320
gene-hflX	hflX	7256
gene-hfq	hfq	2589
gene-hha	hha	1328
gene-hicA	hicA	135
gene-hicB	hicB	867
gene-higA	higA	486
gene-higB	higB	129
gene-hinT	hinT	1333
gene-hipA	hipA	2477
gene-hipB	hipB	328
gene-hisA	hisA	536
gene-hisB	hisB	930
gene-hisC	hisC	1108
gene-hisD	hisD	1931
gene-hisF	hisF	328
gene-hisG	hisG	1485
gene-hisH	hisH	470
gene-hisIE	hisIE	286
gene-hisJ	hisJ	1657
gene-hisL	hisL	14
gene-hisM	hisM	243
gene-hisP	hisP	302
gene-hisQ	hisQ	586
gene-hisS	hisS	2347
gene-hiuH	hiuH	53
gene-hldE	hldE	2696
gene-hlyD	hlyD	2212
gene-hlyE	hlyE	153
gene-hmpA	hmpA	2514
gene-hmsP	hmsP	1893
gene-hns	hns	7275
gene-hofC	hofC	116
gene-hofM	hofM	151
gene-hofN	hofN	53
gene-hofO	hofO	56
gene-hofP	hofP	30
gene-hofQ	hofQ	122
gene-hokA	hokA	0
gene-hokD	hokD	5053
gene-hokE	hokE	34
gene-holA	holA	610
gene-holB	holB	1793
gene-holC	holC	519
gene-holD	holD	804
gene-holE	holE	38
gene-hpf	hpf	312
gene-hprR	hprR	354
gene-hprS	hprS	1080
gene-hpt	hpt	448
gene-hrpA	hrpA	3947
gene-hrpB	hrpB	1391
gene-hscA	hscA	6028
gene-hscB	hscB	2078
gene-hscC	hscC	197
gene-hsdM	hsdM	792
gene-hsdR	hsdR	474
gene-hsdS	hsdS	122
gene-hslJ	hslJ	231
gene-hslO	hslO	2164
gene-hslR	hslR	835
gene-hslU	hslU	2566
gene-hslV	hslV	986
gene-hspQ	hspQ	1850
gene-htpG	htpG	2182
gene-htpX	htpX	19216
gene-htrE	htrE	598
gene-hupA	hupA	1530
gene-hupB	hupB	1329
gene-hxpA	hxpA	1733
gene-hxpB	hxpB	355
gene-hyaA	hyaA	539
gene-hyaB	hyaB	329
gene-hyaC	hyaC	108
gene-hyaD	hyaD	126
gene-hyaE	hyaE	59
gene-hyaF	hyaF	103
gene-hybA	hybA	517
gene-hybB	hybB	295
gene-hybC	hybC	2211
gene-hybD	hybD	964
gene-hybE	hybE	545
gene-hybG	hybG	108
gene-hybO	hybO	884
gene-hycA	hycA	180
gene-hycB	hycB	463
gene-hycC	hycC	1140
gene-hycD	hycD	317
gene-hycE	hycE	538
gene-hycF	hycF	103
gene-hycG	hycG	135
gene-hycH	hycH	106
gene-hycI	hycI	305
gene-hydN	hydN	206
gene-hyfA	hyfA	47
gene-hyfB	hyfB	319
gene-hyfC	hyfC	49
gene-hyfD	hyfD	98
gene-hyfE	hyfE	45
gene-hyfF	hyfF	235
gene-hyfG	hyfG	305
gene-hyfH	hyfH	60
gene-hyfI	hyfI	72
gene-hyfJ	hyfJ	33
gene-hyfR	hyfR	285
gene-hyi	hyi	65
gene-hypA	hypA	145
gene-hypB	hypB	152
gene-hypC	hypC	28
gene-hypD	hypD	1003
gene-hypE	hypE	1533
gene-hypF	hypF	852
gene-hypT	hypT	358
gene-hyuA	hyuA	40
gene-iaaA	iaaA	3598
gene-iadA	iadA	422
gene-iap	iap	802
gene-ibaG	ibaG	169
gene-ibpA	ibpA	1294
gene-ibpB	ibpB	717
gene-ibsA	ibsA	4
gene-ibsC	ibsC	4
gene-ibsE	ibsE	0
gene-icd	icd	2934
gene-iclR	iclR	502
gene-idi	idi	624
gene-idlP	idlP	126
gene-idnD	idnD	94
gene-idnK	idnK	216
gene-idnO	idnO	99
gene-idnR	idnR	183
gene-idnT	idnT	286
gene-igaA	igaA	1478
gene-ihfA	ihfA	24644
gene-ihfB	ihfB	1767
gene-ileS	ileS	10818
gene-ilvA	ilvA	4903
gene-ilvB	ilvB	806
gene-ilvC	ilvC	479
gene-ilvD	ilvD	9098
gene-ilvE	ilvE	7344
gene-ilvG	ilvG	20750
gene-ilvI	ilvI	363
gene-ilvL	ilvL	163
gene-ilvM	ilvM	1183
gene-ilvN	ilvN	231
gene-ilvX	ilvX	150
gene-ilvY	ilvY	1400
gene-inaA	inaA	796
gene-infA	infA	1484
gene-infB	infB	41352
gene-infC	infC	10866
gene-insG	insG	194
gene-insQ	insQ	1327
gene-intA	intA	694
gene-intD	intD	328
gene-intF	intF	1175
gene-intR	intR	288
gene-intZ	intZ	1118
gene-iprA	iprA	50
gene-iraD	iraD	832
gene-iraM	iraM	26
gene-iraP	iraP	123
gene-iscA	iscA	3408
gene-iscR	iscR	4428
gene-iscS	iscS	13789
gene-iscU	iscU	3984
gene-iscX	iscX	765
gene-ispA	ispA	820
gene-ispB	ispB	2665
gene-ispC	ispC	942
gene-ispD	ispD	1858
gene-ispE	ispE	2140
gene-ispF	ispF	719
gene-ispG	ispG	3469
gene-ispH	ispH	1094
gene-ispU	ispU	1288
gene-ivbL	ivbL	43
gene-ivy	ivy	437
gene-katE	katE	1315
gene-katG	katG	2097
gene-kbaY	kbaY	84
gene-kbaZ	kbaZ	106
gene-kbl	kbl	3089
gene-kbp	kbp	2580
gene-kch	kch	718
gene-kdgA	kdgA	1045
gene-kdgK	kdgK	384
gene-kdgR	kdgR	258
gene-kdgT	kdgT	164
gene-kdpA	kdpA	116
gene-kdpB	kdpB	222
gene-kdpC	kdpC	291
gene-kdpD	kdpD	2647
gene-kdpE	kdpE	432
gene-kdpF	kdpF	0
gene-kdsA	kdsA	1941
gene-kdsB	kdsB	1131
gene-kdsC	kdsC	1538
gene-kdsD	kdsD	1756
gene-kduD	kduD	237
gene-kduI	kduI	204
gene-kefB	kefB	1391
gene-kefC	kefC	1314
gene-kefF	kefF	374
gene-kefG	kefG	504
gene-kgtP	kgtP	28239
gene-kilR	kilR	4
gene-kptA	kptA	95
gene-kup	kup	649
gene-lacA	lacA	80
gene-lacI	lacI	7319
gene-lacY	lacY	266
gene-lacZ	lacZ	901
gene-lafU	lafU	151
gene-lamB	lamB	262
gene-lapA	lapA	627
gene-lapB	lapB	1697
gene-ldcA	ldcA	514
gene-ldcC	ldcC	2774
gene-ldhA	ldhA	769
gene-ldrD	ldrD	99
gene-ldtA	ldtA	3643
gene-ldtB	ldtB	1556
gene-ldtC	ldtC	1334
gene-ldtD	ldtD	7063
gene-ldtE	ldtE	2212
gene-lepA	lepA	7383
gene-lepB	lepB	2737
gene-leuA	leuA	1601
gene-leuB	leuB	1035
gene-leuC	leuC	1085
gene-leuD	leuD	423
gene-leuE	leuE	648
gene-leuL	leuL	8
gene-leuO	leuO	263
gene-leuS	leuS	6718
gene-lexA	lexA	5739
gene-lgoD	lgoD	483
gene-lgoR	lgoR	28
gene-lgoT	lgoT	802
gene-lgt	lgt	1219
gene-lhgO	lhgO	762
gene-lhr	lhr	1565
gene-ligA	ligA	5442
gene-ligB	ligB	279
gene-lipA	lipA	873
gene-lipB	lipB	815
gene-livF	livF	323
gene-livG	livG	455
gene-livH	livH	1230
gene-livJ	livJ	1649
gene-livK	livK	977
gene-livM	livM	1133
gene-lldD	lldD	327
gene-lldP	lldP	1671
gene-lldR	lldR	123
gene-lnt	lnt	2961
gene-loiP	loiP	780
gene-lolA	lolA	485
gene-lolB	lolB	1097
gene-lolC	lolC	802
gene-lolD	lolD	747
gene-lolE	lolE	988
gene-lon	lon	17431
gene-lpcA	lpcA	649
gene-lpdA	lpdA	4177
gene-lplA	lplA	242
gene-lplT	lplT	2962
gene-lpoA	lpoA	1168
gene-lpoB	lpoB	3858
gene-lpp	lpp	9848
gene-lptA	lptA	1598
gene-lptB	lptB	1709
gene-lptC	lptC	1114
gene-lptD	lptD	4130
gene-lptE	lptE	2323
gene-lptF	lptF	3139
gene-lptG	lptG	3338
gene-lpxA	lpxA	2382
gene-lpxB	lpxB	672
gene-lpxC	lpxC	20727
gene-lpxD	lpxD	3021
gene-lpxH	lpxH	240
gene-lpxK	lpxK	2883
gene-lpxL	lpxL	810
gene-lpxM	lpxM	2792
gene-lpxP	lpxP	1289
gene-lpxT	lpxT	450
gene-lrhA	lrhA	2813
gene-lrp	lrp	1714
gene-lspA	lspA	1478
gene-lsrA	lsrA	189
gene-lsrB	lsrB	58
gene-lsrC	lsrC	190
gene-lsrD	lsrD	135
gene-lsrF	lsrF	103
gene-lsrG	lsrG	45
gene-lsrK	lsrK	1465
gene-lsrR	lsrR	724
gene-ltaE	ltaE	1188
gene-luxS	luxS	1596
gene-lysA	lysA	6506
gene-lysC	lysC	722
gene-lysO	lysO	761
gene-lysP	lysP	6556
gene-lysR	lysR	515
gene-lysS	lysS	3292
gene-lyxK	lyxK	144
gene-maa	maa	2298
gene-macA	macA	591
gene-macB	macB	1393
gene-maeA	maeA	2934
gene-maeB	maeB	2549
gene-mak	mak	806
gene-malE	malE	92
gene-malF	malF	118
gene-malG	malG	391
gene-malI	malI	885
gene-malK	malK	51
gene-malM	malM	109
gene-malP	malP	2486
gene-malQ	malQ	2302
gene-malS	malS	391
gene-malT	malT	2883
gene-malX	malX	423
gene-malY	malY	453
gene-malZ	malZ	480
gene-manA	manA	402
gene-manX	manX	1285
gene-manY	manY	1587
gene-manZ	manZ	1359
gene-maoP	maoP	469
gene-map	map	756
gene-marA	marA	211
gene-marB	marB	74
gene-marC	marC	779
gene-marR	marR	119
gene-matP	matP	358
gene-mazE	mazE	940
gene-mazF	mazF	855
gene-mazG	mazG	3034
gene-mcbA	mcbA	12
gene-mcbR	mcbR	3777
gene-mcrB	mcrB	224
gene-mcrC	mcrC	95
gene-mdaB	mdaB	243
gene-mddA	mddA	296
gene-mdfA	mdfA	1910
gene-mdh	mdh	4903
gene-mdlA	mdlA	1341
gene-mdlB	mdlB	1095
gene-mdoC	mdoC	217
gene-mdoG	mdoG	1010
gene-mdoH	mdoH	2636
gene-mdtA	mdtA	885
gene-mdtB	mdtB	2294
gene-mdtC	mdtC	1346
gene-mdtD	mdtD	893
gene-mdtE	mdtE	132
gene-mdtF	mdtF	896
gene-mdtG	mdtG	556
gene-mdtH	mdtH	564
gene-mdtI	mdtI	1557
gene-mdtJ	mdtJ	2302
gene-mdtK	mdtK	9708
gene-mdtL	mdtL	101
gene-mdtM	mdtM	2399
gene-mdtN	mdtN	92
gene-mdtO	mdtO	100
gene-mdtP	mdtP	84
gene-mdtQ	mdtQ	316
gene-meaB	meaB	171
gene-melA	melA	594
gene-melB	melB	563
gene-melR	melR	97
gene-menA	menA	619
gene-menB	menB	1684
gene-menC	menC	2367
gene-menD	menD	2742
gene-menE	menE	1711
gene-menF	menF	4532
gene-menH	menH	698
gene-menI	menI	49
gene-mepA	mepA	667
gene-mepH	mepH	212
gene-mepK	mepK	2166
gene-mepM	mepM	3330
gene-mepS	mepS	1784
gene-metA	metA	192
gene-metB	metB	378
gene-metC	metC	341
gene-metE	metE	1396
gene-metF	metF	169
gene-metG	metG	1613
gene-metH	metH	881
gene-metI	metI	322
gene-metJ	metJ	339
gene-metK	metK	1656
gene-metL	metL	1984
gene-metN	metN	353
gene-metQ	metQ	554
gene-metR	metR	229
gene-mfd	mfd	1123
gene-mglA	mglA	237
gene-mglB	mglB	253
gene-mglC	mglC	893
gene-mgrB	mgrB	261
gene-mgsA	mgsA	628
gene-mgtA	mgtA	1512
gene-mgtL	mgtL	36
gene-mgtS	mgtS	27
gene-mgtT	mgtT	23
gene-mhpA	mhpA	244
gene-mhpB	mhpB	103
gene-mhpC	mhpC	54
gene-mhpD	mhpD	60
gene-mhpF	mhpF	112
gene-mhpR	mhpR	2129
gene-mhpT	mhpT	292
gene-miaA	miaA	7863
gene-miaB	miaB	2925
gene-minC	minC	693
gene-minD	minD	836
gene-minE	minE	180
gene-mioC	mioC	584
gene-mipA	mipA	1705
gene-mlaA	mlaA	1445
gene-mlaB	mlaB	841
gene-mlaC	mlaC	1909
gene-mlaD	mlaD	1033
gene-mlaE	mlaE	2244
gene-mlaF	mlaF	2220
gene-mlc	mlc	1169
gene-mliC	mliC	178
gene-mlrA	mlrA	2729
gene-mltA	mltA	3331
gene-mltB	mltB	1342
gene-mltC	mltC	451
gene-mltD	mltD	1642
gene-mltF	mltF	255
gene-mmuM	mmuM	714
gene-mmuP	mmuP	569
gene-mngA	mngA	111
gene-mngB	mngB	498
gene-mngR	mngR	116
gene-mnmA	mnmA	1978
gene-mnmC	mnmC	957
gene-mnmE	mnmE	1544
gene-mnmG	mnmG	3643
gene-mnmH	mnmH	206
gene-mntH	mntH	27013
gene-mntP	mntP	151
gene-mntR	mntR	243
gene-mntS	mntS	925
gene-moaA	moaA	1745
gene-moaB	moaB	665
gene-moaC	moaC	462
gene-moaD	moaD	66
gene-moaE	moaE	144
gene-mobA	mobA	300
gene-mobB	mobB	173
gene-mocA	mocA	576
gene-modA	modA	2452
gene-modB	modB	1848
gene-modC	modC	3215
gene-modE	modE	294
gene-modF	modF	1500
gene-moeA	moeA	511
gene-moeB	moeB	278
gene-mog	mog	472
gene-mokC	mokC	72
gene-motA	motA	28077
gene-motB	motB	28267
gene-mpaA	mpaA	1165
gene-mpl	mpl	1402
gene-mppA	mppA	3586
gene-mqo	mqo	3721
gene-mqsA	mqsA	11680
gene-mqsR	mqsR	5663
gene-mraY	mraY	630
gene-mraZ	mraZ	941
gene-mrcA	mrcA	1926
gene-mrcB	mrcB	3484
gene-mrdA	mrdA	2148
gene-mrdB	mrdB	846
gene-mreB	mreB	5505
gene-mreC	mreC	2658
gene-mreD	mreD	463
gene-mrr	mrr	637
gene-msbA	msbA	4143
gene-mscK	mscK	1224
gene-mscL	mscL	1316
gene-mscM	mscM	1061
gene-mscS	mscS	15499
gene-msrA	msrA	794
gene-msrB	msrB	350
gene-msrC	msrC	1794
gene-msrP	msrP	1415
gene-msrQ	msrQ	1036
gene-msyB	msyB	469
gene-mtfA	mtfA	337
gene-mtgA	mtgA	256
gene-mtlA	mtlA	1987
gene-mtlD	mtlD	2508
gene-mtlR	mtlR	1157
gene-mtnN	mtnN	631
gene-mtr	mtr	2015
gene-mug	mug	705
gene-mukB	mukB	4127
gene-mukE	mukE	684
gene-mukF	mukF	784
gene-murA	murA	2170
gene-murB	murB	553
gene-murC	murC	1500
gene-murD	murD	925
gene-murE	murE	650
gene-murF	murF	801
gene-murG	murG	943
gene-murI	murI	327
gene-murJ	murJ	770
gene-murP	murP	268
gene-murQ	murQ	204
gene-murR	murR	629
gene-mutH	mutH	408
gene-mutL	mutL	2888
gene-mutM	mutM	521
gene-mutS	mutS	690
gene-mutT	mutT	45
gene-mutY	mutY	623
gene-mzrA	mzrA	473
gene-nac	nac	728
gene-nadA	nadA	7271
gene-nadB	nadB	3192
gene-nadC	nadC	245
gene-nadD	nadD	517
gene-nadE	nadE	725
gene-nadK	nadK	1030
gene-nadR	nadR	922
gene-nagA	nagA	723
gene-nagB	nagB	569
gene-nagC	nagC	384
gene-nagD	nagD	779
gene-nagE	nagE	1292
gene-nagK	nagK	964
gene-nagZ	nagZ	872
gene-nanA	nanA	893
gene-nanC	nanC	210
gene-nanE	nanE	692
gene-nanK	nanK	845
gene-nanM	nanM	1856
gene-nanQ	nanQ	446
gene-nanR	nanR	293
gene-nanS	nanS	546
gene-nanT	nanT	1816
gene-nanX	nanX	151
gene-nanY	nanY	244
gene-napA	napA	421
gene-napB	napB	26
gene-napC	napC	117
gene-napD	napD	11
gene-napF	napF	103
gene-napG	napG	106
gene-napH	napH	93
gene-narG	narG	837
gene-narH	narH	628
gene-narI	narI	238
gene-narJ	narJ	242
gene-narK	narK	255
gene-narL	narL	695
gene-narP	narP	582
gene-narQ	narQ	947
gene-narU	narU	1686
gene-narW	narW	52
gene-narX	narX	1637
gene-narZ	narZ	758
gene-ndh	ndh	451
gene-ndk	ndk	797
gene-nei	nei	648
gene-nemA	nemA	738
gene-nemR	nemR	289
gene-nepI	nepI	590
gene-nfeF	nfeF	1697
gene-nfeR	nfeR	637
gene-nfi	nfi	1292
gene-nfo	nfo	550
gene-nfrA	nfrA	963
gene-nfsA	nfsA	561
gene-nfsB	nfsB	848
gene-nfuA	nfuA	1407
gene-nhaA	nhaA	5954
gene-nhaB	nhaB	1162
gene-nhaR	nhaR	2531
gene-nhoA	nhoA	414
gene-nifJ	nifJ	879
gene-nikA	nikA	125
gene-nikB	nikB	72
gene-nikC	nikC	64
gene-nikD	nikD	49
gene-nikE	nikE	48
gene-nikR	nikR	83
gene-nimR	nimR	783
gene-nimT	nimT	309
gene-ninE	ninE	37
gene-nirB	nirB	342
gene-nirC	nirC	119
gene-nirD	nirD	50
gene-nlpA	nlpA	843
gene-nlpC	nlpC	1849
gene-nlpD	nlpD	7234
gene-nlpE	nlpE	1549
gene-nlpI	nlpI	7962
gene-nnr	nnr	5802
gene-nohA	nohA	111
gene-nohD	nohD	82
gene-norR	norR	2046
gene-norV	norV	1125
gene-norW	norW	966
gene-npr	npr	62
gene-nrdA	nrdA	1047
gene-nrdB	nrdB	342
gene-nrdD	nrdD	11716
gene-nrdE	nrdE	6862
gene-nrdF	nrdF	482
gene-nrdG	nrdG	867
gene-nrdH	nrdH	547
gene-nrdI	nrdI	3051
gene-nrdR	nrdR	306
gene-nrfA	nrfA	307
gene-nrfB	nrfB	1021
gene-nrfC	nrfC	155
gene-nrfD	nrfD	276
gene-nrfE	nrfE	251
gene-nrfF	nrfF	32
gene-nrfG	nrfG	58
gene-nsrR	nsrR	615
gene-nth	nth	138
gene-nudB	nudB	773
gene-nudC	nudC	1078
gene-nudE	nudE	1892
gene-nudF	nudF	338
gene-nudG	nudG	102
gene-nudI	nudI	33
gene-nudJ	nudJ	327
gene-nudK	nudK	205
gene-nudL	nudL	760
gene-nuoA	nuoA	2029
gene-nuoB	nuoB	3101
gene-nuoC	nuoC	3523
gene-nuoE	nuoE	398
gene-nuoF	nuoF	1257
gene-nuoG	nuoG	2747
gene-nuoH	nuoH	811
gene-nuoI	nuoI	388
gene-nuoJ	nuoJ	408
gene-nuoK	nuoK	157
gene-nuoL	nuoL	1366
gene-nuoM	nuoM	1267
gene-nuoN	nuoN	1113
gene-nupC	nupC	831
gene-nupG	nupG	368
gene-nupX	nupX	370
gene-nusA	nusA	15762
gene-nusB	nusB	994
gene-nusG	nusG	3665
gene-odhB	odhB	868
gene-ogrK	ogrK	247
gene-ompA	ompA	54895
gene-ompC	ompC	13516
gene-ompF	ompF	2880
gene-ompG	ompG	303
gene-ompL	ompL	67
gene-ompN	ompN	191
gene-ompP	ompP	334
gene-ompR	ompR	2316
gene-ompT	ompT	4247
gene-ompW	ompW	193
gene-ompX	ompX	16327
gene-opgB	opgB	1424
gene-opgD	opgD	1676
gene-opgE	opgE	3588
gene-oppA	oppA	6765
gene-oppB	oppB	1277
gene-oppC	oppC	1304
gene-oppD	oppD	1498
gene-oppF	oppF	1418
gene-orn	orn	140
gene-ortT	ortT	176
gene-osmB	osmB	501
gene-osmC	osmC	2494
gene-osmE	osmE	4118
gene-osmF	osmF	4815
gene-osmY	osmY	23337
gene-otsA	otsA	3356
gene-otsB	otsB	2485
gene-oxc	oxc	499
gene-oxyR	oxyR	1720
gene-paaA	paaA	27
gene-paaB	paaB	6
gene-paaC	paaC	166
gene-paaD	paaD	13
gene-paaF	paaF	570
gene-paaG	paaG	49
gene-paaI	paaI	39
gene-paaJ	paaJ	194
gene-paaK	paaK	40
gene-paaX	paaX	1773
gene-paaY	paaY	514
gene-paaZ	paaZ	108
gene-pabA	pabA	1058
gene-pabB	pabB	2592
gene-pabC	pabC	1457
gene-paeA	paeA	1084
gene-pagP	pagP	82
gene-pal	pal	2994
gene-panB	panB	1177
gene-panC	panC	1108
gene-panD	panD	763
gene-panE	panE	610
gene-panF	panF	469
gene-panM	panM	329
gene-paoA	paoA	334
gene-paoB	paoB	309
gene-paoC	paoC	318
gene-paoD	paoD	129
gene-parC	parC	10378
gene-parE	parE	4507
gene-pat	pat	1114
gene-patD	patD	254
gene-pbp4b	pbp4b	320
gene-pbpC	pbpC	1533
gene-pbpG	pbpG	760
gene-pckA	pckA	1617
gene-pcm	pcm	1724
gene-pcnB	pcnB	5612
gene-pdeA	pdeA	1166
gene-pdeB	pdeB	918
gene-pdeC	pdeC	429
gene-pdeD	pdeD	1141
gene-pdeF	pdeF	687
gene-pdeG	pdeG	1516
gene-pdeH	pdeH	7502
gene-pdeI	pdeI	225
gene-pdeL	pdeL	2744
gene-pdeN	pdeN	401
gene-pdeR	pdeR	7272
gene-pdhR	pdhR	132
gene-pdxA	pdxA	737
gene-pdxB	pdxB	1290
gene-pdxH	pdxH	287
gene-pdxI	pdxI	1038
gene-pdxJ	pdxJ	549
gene-pdxK	pdxK	327
gene-pdxY	pdxY	284
gene-pepA	pepA	7045
gene-pepB	pepB	3052
gene-pepD	pepD	1093
gene-pepE	pepE	130
gene-pepN	pepN	2896
gene-pepP	pepP	1066
gene-pepQ	pepQ	1149
gene-pepT	pepT	2166
gene-perR	perR	123
gene-pfkA	pfkA	4897
gene-pfkB	pfkB	2672
gene-pflA	pflA	637
gene-pflB	pflB	7221
gene-pflC	pflC	72
gene-pflD	pflD	263
gene-pgaA	pgaA	300
gene-pgaB	pgaB	223
gene-pgaC	pgaC	283
gene-pgaD	pgaD	115
gene-pgeF	pgeF	1417
gene-pgi	pgi	2737
gene-pgk	pgk	5002
gene-pgl	pgl	3144
gene-pgm	pgm	5254
gene-pgmB	pgmB	183
gene-pgpA	pgpA	437
gene-pgpB	pgpB	582
gene-pgrR	pgrR	610
gene-pgsA	pgsA	447
gene-pheA	pheA	757
gene-pheL	pheL	28
gene-pheM	pheM	57
gene-pheP	pheP	1889
gene-pheS	pheS	3704
gene-pheT	pheT	20568
gene-phnC	phnC	81
gene-phnD	phnD	31
gene-phnE	phnE	24
gene-phnF	phnF	14
gene-phnG	phnG	4
gene-phnH	phnH	10
gene-phnI	phnI	13
gene-phnJ	phnJ	12
gene-phnK	phnK	23
gene-phnL	phnL	67
gene-phnM	phnM	92
gene-phnN	phnN	39
gene-phnO	phnO	279
gene-phnP	phnP	378
gene-phoA	phoA	1522
gene-phoB	phoB	972
gene-phoE	phoE	87
gene-phoH	phoH	1388
gene-phoP	phoP	831
gene-phoQ	phoQ	2327
gene-phoR	phoR	541
gene-phoU	phoU	330
gene-php	php	47
gene-phrB	phrB	792
gene-pifC	pifC	2019
gene-pinQ	pinQ	424
gene-pinR	pinR	447
gene-pitA	pitA	6173
gene-pitB	pitB	653
gene-plaP	plaP	2419
gene-pldA	pldA	454
gene-pldB	pldB	893
gene-pliG	pliG	58
gene-plsB	plsB	1898
gene-plsC	plsC	1455
gene-plsX	plsX	1479
gene-plsY	plsY	569
gene-pmbA	pmbA	1021
gene-pmrB	pmrB	620
gene-pmrD	pmrD	171
gene-pmrR	pmrR	1057
gene-pncA	pncA	167
gene-pncB	pncB	2268
gene-pncC	pncC	326
gene-pnp	pnp	23520
gene-pntA	pntA	4666
gene-pntB	pntB	5553
gene-pnuC	pnuC	4578
gene-polA	polA	1121
gene-polB	polB	4916
gene-potA	potA	1138
gene-potB	potB	345
gene-potC	potC	511
gene-potD	potD	1126
gene-potE	potE	350
gene-potF	potF	1538
gene-potG	potG	703
gene-potH	potH	294
gene-potI	potI	508
gene-poxB	poxB	1834
gene-ppa	ppa	432
gene-ppc	ppc	1891
gene-ppdA	ppdA	113
gene-ppdB	ppdB	224
gene-ppdC	ppdC	187
gene-ppdD	ppdD	29
gene-pphA	pphA	2118
gene-pphB	pphB	83
gene-pphC	pphC	175
gene-ppiA	ppiA	945
gene-ppiB	ppiB	351
gene-ppiC	ppiC	341
gene-ppiD	ppiD	3550
gene-ppk1	ppk1	618
gene-ppnN	ppnN	1214
gene-ppnP	ppnP	774
gene-pppA	pppA	160
gene-ppsA	ppsA	3607
gene-ppsR	ppsR	656
gene-pptA	pptA	122
gene-ppx	ppx	503
gene-pqiA	pqiA	2119
gene-pqiB	pqiB	1890
gene-pqiC	pqiC	305
gene-pqqL	pqqL	584
gene-prc	prc	7734
gene-preA	preA	242
gene-preT	preT	282
gene-prfA	prfA	1543
gene-prfB	prfB	1980
gene-prfC	prfC	4009
gene-prfH	prfH	1154
gene-priA	priA	1730
gene-priB	priB	2992
gene-priC	priC	477
gene-prkB	prkB	496
gene-prlC	prlC	4238
gene-prlF	prlF	348
gene-prmA	prmA	552
gene-prmB	prmB	657
gene-prmC	prmC	851
gene-proA	proA	2940
gene-proB	proB	3554
gene-proC	proC	736
gene-proP	proP	28963
gene-proQ	proQ	6090
gene-proS	proS	3160
gene-proV	proV	2593
gene-proW	proW	2637
gene-proX	proX	647
gene-proY	proY	1720
gene-prpB	prpB	181
gene-prpC	prpC	101
gene-prpD	prpD	128
gene-prpE	prpE	258
gene-prpR	prpR	426
gene-prs	prs	3078
gene-psiB	psiB	62
gene-psiE	psiE	565
gene-psiF	psiF	307
gene-pspA	pspA	104264
gene-pspB	pspB	24893
gene-pspC	pspC	28677
gene-pspD	pspD	9330
gene-pspE	pspE	26522
gene-pspF	pspF	646
gene-pspG	pspG	5698
gene-pssA	pssA	2906
gene-pstA	pstA	1530
gene-pstB	pstB	506
gene-pstC	pstC	1453
gene-pstS	pstS	1746
gene-psuG	psuG	352
gene-psuK	psuK	132
gene-psuT	psuT	899
gene-pta	pta	2168
gene-pth	pth	243
gene-ptrA	ptrA	3001
gene-ptrB	ptrB	4812
gene-ptsG	ptsG	3780
gene-ptsH	ptsH	2083
gene-ptsI	ptsI	16316
gene-ptsN	ptsN	642
gene-ptsP	ptsP	2370
gene-punC	punC	629
gene-punR	punR	307
gene-purA	purA	4438
gene-purB	purB	591
gene-purC	purC	84
gene-purD	purD	268
gene-purE	purE	155
gene-purF	purF	1495
gene-purH	purH	208
gene-purK	purK	231
gene-purL	purL	1186
gene-purM	purM	324
gene-purN	purN	333
gene-purR	purR	1633
gene-purT	purT	288
gene-purU	purU	1113
gene-putA	putA	2631
gene-putP	putP	1572
gene-puuA	puuA	3461
gene-puuB	puuB	888
gene-puuC	puuC	2477
gene-puuD	puuD	1631
gene-puuE	puuE	520
gene-puuP	puuP	1141
gene-puuR	puuR	2565
gene-pxpA	pxpA	881
gene-pxpB	pxpB	877
gene-pxpC	pxpC	1388
gene-pyk	pyk	2464
gene-pykF	pykF	3244
gene-pyrB	pyrB	49
gene-pyrC	pyrC	149
gene-pyrD	pyrD	316
gene-pyrE	pyrE	33
gene-pyrF	pyrF	627
gene-pyrG	pyrG	7615
gene-pyrH	pyrH	885
gene-pyrI	pyrI	40
gene-pyrL	pyrL	32
gene-qmcA	qmcA	937
gene-qorA	qorA	676
gene-qorB	qorB	170
gene-qseB	qseB	185
gene-qseC	qseC	555
gene-qseE	qseE	1503
gene-qseG	qseG	1186
gene-queA	queA	1037
gene-queC	queC	172
gene-queD	queD	268
gene-queE	queE	718
gene-queF	queF	416
gene-queG	queG	338
gene-quuD	quuD	69
gene-racC	racC	7
gene-racR	racR	247
gene-radA	radA	2086
gene-radC	radC	355
gene-radD	radD	382
gene-raiA	raiA	2368
gene-ralR	ralR	14
gene-rapA	rapA	3747
gene-rapZ	rapZ	670
gene-rarA	rarA	733
gene-rarD	rarD	491
gene-ratA	ratA	303
gene-ravA	ravA	889
gene-rayT	rayT	118
gene-rbbA	rbbA	6234
gene-rbfA	rbfA	2485
gene-rbn	rbn	295
gene-rbsA	rbsA	265
gene-rbsB	rbsB	1633
gene-rbsC	rbsC	825
gene-rbsD	rbsD	31
gene-rbsK	rbsK	856
gene-rbsR	rbsR	294
gene-rcbA	rcbA	15
gene-rcdA	rcdA	136
gene-rcdB	rcdB	502
gene-rclA	rclA	187
gene-rclB	rclB	61
gene-rclC	rclC	169
gene-rclR	rclR	329
gene-rcnA	rcnA	90
gene-rcnB	rcnB	172
gene-rcnR	rcnR	106
gene-rcsA	rcsA	316
gene-rcsB	rcsB	3013
gene-rcsC	rcsC	6444
gene-rcsD	rcsD	2057
gene-rcsF	rcsF	501
gene-rdcB	rdcB	2579
gene-rdgB	rdgB	538
gene-rdgC	rdgC	213
gene-recA	recA	38852
gene-recB	recB	2071
gene-recC	recC	1693
gene-recD	recD	1433
gene-recE	recE	182
gene-recF	recF	1287
gene-recG	recG	840
gene-recJ	recJ	3897
gene-recN	recN	23720
gene-recO	recO	719
gene-recQ	recQ	852
gene-recR	recR	550
gene-recT	recT	142
gene-recX	recX	2199
gene-relA	relA	3345
gene-relB	relB	865
gene-relE	relE	4331
gene-rep	rep	1115
gene-repA	repA	474
gene-repE	repE	1198
gene-rfaC	rfaC	299
gene-rfaD	rfaD	992
gene-rfaF	rfaF	500
gene-rfaG	rfaG	731
gene-rfaH	rfaH	456
gene-rfaJ	rfaJ	155
gene-rfaP	rfaP	213
gene-rfaQ	rfaQ	895
gene-rfaS	rfaS	122
gene-rfaY	rfaY	120
gene-rfbA	rfbA	1373
gene-rfbB	rfbB	1479
gene-rfbC	rfbC	478
gene-rfbD	rfbD	1143
gene-rffA	rffA	1086
gene-rffC	rffC	575
gene-rffG	rffG	1122
gene-rffM	rffM	449
gene-rffT	rffT	1130
gene-rhaA	rhaA	53
gene-rhaB	rhaB	63
gene-rhaD	rhaD	7
gene-rhaM	rhaM	3
gene-rhaR	rhaR	58
gene-rhaS	rhaS	73
gene-rhaT	rhaT	192
gene-rhlB	rhlB	2300
gene-rhlE	rhlE	3524
gene-rhmD	rhmD	60
gene-rho	rho	23103
gene-rhoL	rhoL	1788
gene-rhsA	rhsA	839
gene-rhsB	rhsB	952
gene-rhsC	rhsC	821
gene-rhsD	rhsD	2620
gene-rhtA	rhtA	222
gene-rhtB	rhtB	80
gene-rhtC	rhtC	288
gene-ribA	ribA	124
gene-ribB	ribB	2619
gene-ribD	ribD	696
gene-ribE	ribE	1368
gene-ribF	ribF	1270
gene-ridA	ridA	266
gene-rihA	rihA	79
gene-rihB	rihB	345
gene-rihC	rihC	310
gene-rimI	rimI	844
gene-rimJ	rimJ	351
gene-rimK	rimK	517
gene-rimL	rimL	319
gene-rimM	rimM	7142
gene-rimO	rimO	555
gene-rimP	rimP	3026
gene-rlhA	rlhA	1148
gene-rlmA	rlmA	1783
gene-rlmB	rlmB	984
gene-rlmC	rlmC	1169
gene-rlmD	rlmD	744
gene-rlmE	rlmE	11560
gene-rlmF	rlmF	887
gene-rlmG	rlmG	584
gene-rlmH	rlmH	1523
gene-rlmI	rlmI	627
gene-rlmJ	rlmJ	449
gene-rlmKL	rlmKL	3684
gene-rlmM	rlmM	3445
gene-rlmN	rlmN	2162
gene-rlpA	rlpA	1695
gene-rluA	rluA	714
gene-rluB	rluB	1396
gene-rluC	rluC	528
gene-rluD	rluD	1849
gene-rluE	rluE	396
gene-rluF	rluF	400
gene-rmf	rmf	190
gene-rmuC	rmuC	1206
gene-rna	rna	312
gene-rnb	rnb	1858
gene-rnc	rnc	1298
gene-rnd	rnd	971
gene-rne	rne	4545
gene-rng	rng	1654
gene-rnhA	rnhA	88
gene-rnhB	rnhB	470
gene-rnk	rnk	255
gene-rnlA	rnlA	2468
gene-rnlB	rnlB	902
gene-rnpA	rnpA	2699
gene-rnr	rnr	6157
gene-rnt	rnt	653
gene-robA	robA	3926
gene-rodZ	rodZ	4024
gene-rof	rof	710
gene-roxA	roxA	2380
gene-rpe	rpe	753
gene-rph	rph	442
gene-rpiA	rpiA	785
gene-rpiB	rpiB	119
gene-rplA	rplA	54554
gene-rplB	rplB	30979
gene-rplC	rplC	29495
gene-rplD	rplD	21948
gene-rplE	rplE	17211
gene-rplF	rplF	23705
gene-rplI	rplI	5271
gene-rplJ	rplJ	36287
gene-rplK	rplK	9940
gene-rplL	rplL	28604
gene-rplM	rplM	5980
gene-rplN	rplN	4989
gene-rplO	rplO	40720
gene-rplP	rplP	17268
gene-rplQ	rplQ	18915
gene-rplR	rplR	9905
gene-rplS	rplS	758
gene-rplT	rplT	13490
gene-rplU	rplU	1136
gene-rplV	rplV	15991
gene-rplW	rplW	18253
gene-rplX	rplX	7165
gene-rplY	rplY	993
gene-rpmA	rpmA	1157
gene-rpmB	rpmB	5175
gene-rpmC	rpmC	5991
gene-rpmD	rpmD	5615
gene-rpmE	rpmE	2113
gene-rpmF	rpmF	2763
gene-rpmG	rpmG	1665
gene-rpmH	rpmH	1581
gene-rpmI	rpmI	3123
gene-rpmJ	rpmJ	4533
gene-rpnA	rpnA	71
gene-rpnB	rpnB	356
gene-rpnC	rpnC	237
gene-rpnE	rpnE	26
gene-rpoA	rpoA	81111
gene-rpoB	rpoB	27669
gene-rpoC	rpoC	25593
gene-rpoD	rpoD	22211
gene-rpoE	rpoE	2819
gene-rpoH	rpoH	24638
gene-rpoN	rpoN	2428
gene-rpoS	rpoS	19122
gene-rpoZ	rpoZ	822
gene-rppH	rppH	392
gene-rpsA	rpsA	60958
gene-rpsB	rpsB	17873
gene-rpsC	rpsC	27140
gene-rpsD	rpsD	29075
gene-rpsE	rpsE	26148
gene-rpsF	rpsF	4059
gene-rpsG	rpsG	21217
gene-rpsH	rpsH	9449
gene-rpsI	rpsI	11383
gene-rpsJ	rpsJ	14714
gene-rpsK	rpsK	18395
gene-rpsL	rpsL	10599
gene-rpsM	rpsM	14791
gene-rpsN	rpsN	14850
gene-rpsO	rpsO	5888
gene-rpsP	rpsP	1919
gene-rpsQ	rpsQ	15731
gene-rpsR	rpsR	1998
gene-rpsS	rpsS	7846
gene-rpsT	rpsT	1285
gene-rpsU	rpsU	1482
gene-rraA	rraA	1030
gene-rraB	rraB	187
gene-rrf	rrf	0
gene-rrrD	rrrD	118
gene-rrrQ	rrrQ	99
gene-rsd	rsd	961
gene-rseA	rseA	10216
gene-rseB	rseB	4902
gene-rseC	rseC	2079
gene-rseD	rseD	70
gene-rseP	rseP	3639
gene-rsfS	rsfS	735
gene-rsgA	rsgA	1606
gene-rsmA	rsmA	2338
gene-rsmB	rsmB	1427
gene-rsmC	rsmC	591
gene-rsmD	rsmD	192
gene-rsmE	rsmE	611
gene-rsmF	rsmF	382
gene-rsmG	rsmG	369
gene-rsmH	rsmH	1549
gene-rsmI	rsmI	280
gene-rsmJ	rsmJ	668
gene-rsmS	rsmS	12
gene-rspA	rspA	380
gene-rspB	rspB	138
gene-rssA	rssA	2642
gene-rssB	rssB	3083
gene-rstA	rstA	651
gene-rstB	rstB	562
gene-rsuA	rsuA	1940
gene-rsxA	rsxA	964
gene-rsxB	rsxB	1599
gene-rsxC	rsxC	1557
gene-rsxD	rsxD	662
gene-rsxE	rsxE	303
gene-rsxG	rsxG	176
gene-rtcA	rtcA	636
gene-rtcB	rtcB	639
gene-rtcR	rtcR	228
gene-rusA	rusA	87
gene-rutA	rutA	38
gene-rutB	rutB	15
gene-rutC	rutC	8
gene-rutD	rutD	23
gene-rutE	rutE	23
gene-rutF	rutF	28
gene-rutG	rutG	154
gene-rutR	rutR	346
gene-ruvA	ruvA	1454
gene-ruvB	ruvB	2713
gene-ruvC	ruvC	1041
gene-ruvX	ruvX	794
gene-rzoD	rzoD	164
gene-rzpQ	rzpQ	35
gene-sad	sad	579
gene-safA	safA	33
gene-sanA	sanA	283
gene-sapA	sapA	895
gene-sapB	sapB	495
gene-sapC	sapC	236
gene-sapD	sapD	297
gene-sapF	sapF	237
gene-satP	satP	1447
gene-sbcB	sbcB	315
gene-sbcC	sbcC	290
gene-sbcD	sbcD	77
gene-sbmA	sbmA	530
gene-sbmC	sbmC	1564
gene-sbp	sbp	3888
gene-scpA	scpA	329
gene-scpB	scpB	57
gene-scpC	scpC	171
gene-sdaA	sdaA	9983
gene-sdaB	sdaB	536
gene-sdaC	sdaC	679
gene-sdhA	sdhA	1824
gene-sdhB	sdhB	714
gene-sdhC	sdhC	560
gene-sdhD	sdhD	353
gene-sdhE	sdhE	302
gene-sdiA	sdiA	2446
gene-secA	secA	1769
gene-secB	secB	2822
gene-secD	secD	5317
gene-secE	secE	3697
gene-secF	secF	4371
gene-secG	secG	2176
gene-secM	secM	459
gene-secY	secY	72346
gene-selA	selA	1248
gene-selB	selB	1442
gene-selD	selD	1150
gene-selO	selO	3740
gene-seqA	seqA	677
gene-serA	serA	1747
gene-serB	serB	1673
gene-serC	serC	1957
gene-serS	serS	4727
gene-setA	setA	395
gene-setB	setB	162
gene-setC	setC	113
gene-sfmD	sfmD	868
gene-sfmF	sfmF	26
gene-sfsA	sfsA	525
gene-sfsB	sfsB	138
gene-sgbU	sgbU	25
gene-sgcA	sgcA	27
gene-sgcB	sgcB	28
gene-sgcC	sgcC	242
gene-sgcE	sgcE	98
gene-sgcQ	sgcQ	118
gene-sgcR	sgcR	69
gene-sgcX	sgcX	644
gene-sgrR	sgrR	411
gene-sgrT	sgrT	38
gene-shiA	shiA	1073
gene-shoB	shoB	51
gene-sieB	sieB	187
gene-sirB1	sirB1	974
gene-sirB2	sirB2	229
gene-sixA	sixA	4747
gene-skp	skp	1919
gene-slmA	slmA	276
gene-slp	slp	131
gene-sltY	sltY	2126
gene-slyA	slyA	1052
gene-slyB	slyB	4130
gene-slyD	slyD	1929
gene-slyX	slyX	220
gene-smg	smg	1619
gene-smpB	smpB	486
gene-smrA	smrA	737
gene-smrB	smrB	246
gene-sodA	sodA	2210
gene-sodB	sodB	744
gene-sodC	sodC	965
gene-sohB	sohB	515
gene-solA	solA	897
gene-sopA	sopA	3905
gene-soxR	soxR	367
gene-soxS	soxS	940
gene-speA	speA	11421
gene-speB	speB	1276
gene-speC	speC	898
gene-speD	speD	302
gene-speE	speE	823
gene-speF	speF	137
gene-speG	speG	530
gene-spoT	spoT	1982
gene-sppA	sppA	790
gene-spy	spy	388
gene-sra	sra	1805
gene-srkA	srkA	896
gene-srlA	srlA	30
gene-srlB	srlB	7
gene-srlD	srlD	81
gene-srlE	srlE	53
gene-srlR	srlR	329
gene-srmB	srmB	3637
gene-ssb1	ssb1	578
gene-sseA	sseA	932
gene-sseB	sseB	1046
gene-sslE	sslE	2016
gene-ssnA	ssnA	84
gene-sspA	sspA	4075
gene-sspB	sspB	2501
gene-sstT	sstT	2080
gene-ssuA	ssuA	68
gene-ssuB	ssuB	145
gene-ssuC	ssuC	57
gene-ssuD	ssuD	94
gene-ssuE	ssuE	57
gene-stfQ	stfQ	136
gene-stfR	stfR	625
gene-sthA	sthA	672
gene-stpA	stpA	116
gene-sucA	sucA	634
gene-sucC	sucC	476
gene-sucD	sucD	562
gene-sufA	sufA	445
gene-sufB	sufB	1681
gene-sufC	sufC	722
gene-sufD	sufD	1658
gene-sufE	sufE	173
gene-sufS	sufS	1165
gene-sugE	sugE	578
gene-suhB	suhB	1489
gene-sulA	sulA	6270
gene-surA	surA	2782
gene-surE	surE	2917
gene-sutR	sutR	288
gene-sxy	sxy	589
gene-syd	syd	167
gene-symE	symE	67
gene-tabA	tabA	122
gene-tadA	tadA	905
gene-tag	tag	731
gene-tal	tal	3926
gene-tam	tam	1611
gene-tamA	tamA	1058
gene-tamB	tamB	3544
gene-tap	tap	7100
gene-tapT	tapT	262
gene-tar	tar	9696
gene-tas	tas	3603
gene-tatA	tatA	479
gene-tatB	tatB	700
gene-tatC	tatC	849
gene-tatD	tatD	458
gene-tatE	tatE	298
gene-tauA	tauA	205
gene-tauB	tauB	231
gene-tauC	tauC	194
gene-tauD	tauD	248
gene-tcdA	tcdA	1141
gene-tcyJ	tcyJ	4052
gene-tcyL	tcyL	2106
gene-tcyP	tcyP	13628
gene-tdcA	tdcA	74
gene-tdcB	tdcB	139
gene-tdcC	tdcC	291
gene-tdcD	tdcD	190
gene-tdcE	tdcE	599
gene-tdcF	tdcF	98
gene-tdcG	tdcG	185
gene-tdcR	tdcR	1
gene-tdh	tdh	3034
gene-tdk	tdk	258
gene-tehA	tehA	824
gene-tehB	tehB	355
gene-tesA	tesA	258
gene-tesB	tesB	1080
gene-tfaQ	tfaQ	97
gene-tfaR	tfaR	87
gene-tgt	tgt	2012
gene-thiB	thiB	342
gene-thiC	thiC	12293
gene-thiD	thiD	623
gene-thiE	thiE	2675
gene-thiF	thiF	2074
gene-thiG	thiG	2087
gene-thiH	thiH	2784
gene-thiI	thiI	1203
gene-thiK	thiK	724
gene-thiL	thiL	299
gene-thiM	thiM	392
gene-thiP	thiP	485
gene-thiQ	thiQ	158
gene-thiS	thiS	456
gene-thpR	thpR	68
gene-thrA	thrA	15607
gene-thrB	thrB	4090
gene-thrC	thrC	3649
gene-thrL	thrL	141
gene-thrS	thrS	15361
gene-thyA	thyA	958
gene-tig	tig	5705
gene-tilS	tilS	2005
gene-timP	timP	406
gene-tisB	tisB	5966
gene-tkt	tkt	7224
gene-tldD	tldD	3882
gene-tmaR	tmaR	1581
gene-tmcA	tmcA	1660
gene-tmk	tmk	1071
gene-tnaA	tnaA	127
gene-tnaB	tnaB	189
gene-tnaC	tnaC	5
gene-tnpA	tnpA	32
gene-tolA	tolA	2695
gene-tolB	tolB	6532
gene-tolC	tolC	6300
gene-tolQ	tolQ	1589
gene-tolR	tolR	594
gene-tomB	tomB	2132
gene-tonB	tonB	2051
gene-topA	topA	12566
gene-topB	topB	1763
gene-torA	torA	542
gene-torC	torC	108
gene-torD	torD	163
gene-torI	torI	81
gene-torR	torR	133
gene-torS	torS	840
gene-torT	torT	298
gene-torY	torY	489
gene-torZ	torZ	1655
gene-tpiA	tpiA	1996
gene-tpx	tpx	1910
gene-tqsA	tqsA	1295
gene-traA	traA	594
gene-traC	traC	1386
gene-traD	traD	2023
gene-traE	traE	331
gene-traF	traF	347
gene-traG	traG	1350
gene-traI	traI	6808
gene-traJ	traJ	277
gene-traK	traK	758
gene-traL	traL	327
gene-traN	traN	859
gene-traQ	traQ	104
gene-traR	traR	76
gene-traS	traS	126
gene-traV	traV	188
gene-traW	traW	417
gene-traX	traX	1438
gene-traY	traY	40
gene-trbA	trbA	87
gene-trbB	trbB	202
gene-trbC	trbC	453
gene-trbG	trbG	99
gene-trbI	trbI	184
gene-trbJ	trbJ	54
gene-treA	treA	673
gene-treB	treB	263
gene-treC	treC	78
gene-treF	treF	525
gene-treR	treR	213
gene-trg	trg	2413
gene-trhO	trhO	261
gene-trkA	trkA	1118
gene-trkG	trkG	1053
gene-trkH	trkH	1567
gene-trmA	trmA	2409
gene-trmB	trmB	1912
gene-trmD	trmD	13567
gene-trmH	trmH	207
gene-trmJ	trmJ	870
gene-trmL	trmL	118
gene-trmN	trmN	434
gene-trpA	trpA	466
gene-trpB	trpB	678
gene-trpCF	trpCF	814
gene-trpD	trpD	116
gene-trpE	trpE	86
gene-trpL	trpL	7
gene-trpR	trpR	127
gene-trpS	trpS	1165
gene-truA	truA	1333
gene-truB	truB	7180
gene-truC	truC	362
gene-truD	truD	1486
gene-trxA	trxA	1134
gene-trxB	trxB	750
gene-trxC	trxC	185
gene-tsaA	tsaA	553
gene-tsaB	tsaB	344
gene-tsaC	tsaC	1093
gene-tsaD	tsaD	1926
gene-tsaE	tsaE	920
gene-tsf	tsf	5034
gene-tsgA	tsgA	669
gene-tsr	tsr	15001
gene-tsuB	tsuB	3009
gene-tsx	tsx	423
gene-ttcA	ttcA	1001
gene-ttdA	ttdA	146
gene-ttdB	ttdB	50
gene-ttdR	ttdR	84
gene-ttdT	ttdT	83
gene-tuf	tuf	51164
gene-tus	tus	282
gene-tusA	tusA	191
gene-tusB	tusB	430
gene-tusC	tusC	336
gene-tusD	tusD	341
gene-tusE	tusE	96
gene-tynA	tynA	126
gene-typA	typA	9804
gene-tyrA	tyrA	2495
gene-tyrB	tyrB	828
gene-tyrP	tyrP	837
gene-tyrR	tyrR	4717
gene-tyrS	tyrS	3019
gene-uacT	uacT	44
gene-ubiA	ubiA	919
gene-ubiB	ubiB	1231
gene-ubiC	ubiC	560
gene-ubiD	ubiD	2428
gene-ubiE	ubiE	1557
gene-ubiF	ubiF	1919
gene-ubiG	ubiG	863
gene-ubiH	ubiH	903
gene-ubiI	ubiI	616
gene-ubiJ	ubiJ	1126
gene-ubiK	ubiK	279
gene-ubiT	ubiT	738
gene-ubiU	ubiU	108
gene-ubiV	ubiV	119
gene-ubiX	ubiX	437
gene-ucpA	ucpA	2732
gene-udk	udk	302
gene-udp	udp	1326
gene-ugd	ugd	1068
gene-ugpA	ugpA	442
gene-ugpB	ugpB	2015
gene-ugpC	ugpC	395
gene-ugpE	ugpE	190
gene-ugpQ	ugpQ	348
gene-uhpA	uhpA	1010
gene-uhpB	uhpB	2199
gene-uhpC	uhpC	931
gene-uhpT	uhpT	465
gene-uidA	uidA	531
gene-uidB	uidB	168
gene-uidC	uidC	652
gene-uidR	uidR	1233
gene-ulaA	ulaA	117
gene-ulaB	ulaB	26
gene-ulaC	ulaC	53
gene-ulaD	ulaD	166
gene-ulaE	ulaE	236
gene-ulaF	ulaF	202
gene-ulaG	ulaG	61
gene-ulaR	ulaR	166
gene-umuC	umuC	6149
gene-umuD	umuD	1822
gene-ung	ung	269
gene-uof	uof	160
gene-upp	upp	982
gene-uraA	uraA	310
gene-usg	usg	1289
gene-ushA	ushA	1374
gene-uspA	uspA	1318
gene-uspB	uspB	755
gene-uspC	uspC	70
gene-uspD	uspD	837
gene-uspF	uspF	1253
gene-uspG	uspG	1447
gene-uup	uup	1977
gene-uvrA	uvrA	10176
gene-uvrB	uvrB	13750
gene-uvrC	uvrC	1641
gene-uvrD	uvrD	3101
gene-uvrY	uvrY	1089
gene-uxaA	uxaA	2154
gene-uxaB	uxaB	1906
gene-uxaC	uxaC	2269
gene-uxuA	uxuA	8005
gene-uxuB	uxuB	11419
gene-uxuR	uxuR	2035
gene-valS	valS	8671
gene-vapB	vapB	202
gene-vapC	vapC	1826
gene-ves	ves	1402
gene-viaA	viaA	840
gene-vsr	vsr	649
gene-waaA	waaA	1143
gene-waaB	waaB	363
gene-waaH	waaH	680
gene-waaL	waaL	41
gene-waaO	waaO	173
gene-waaU	waaU	193
gene-waaZ	waaZ	161
gene-wbbI	wbbI	827
gene-wbbJ	wbbJ	504
gene-wbbK	wbbK	851
gene-wbbL	wbbL	859
gene-wcaA	wcaA	60
gene-wcaB	wcaB	30
gene-wcaC	wcaC	109
gene-wcaD	wcaD	226
gene-wcaE	wcaE	187
gene-wcaF	wcaF	108
gene-wcaI	wcaI	183
gene-wcaJ	wcaJ	205
gene-wcaK	wcaK	157
gene-wcaL	wcaL	236
gene-wcaM	wcaM	127
gene-wecA	wecA	2940
gene-wecB	wecB	1404
gene-wecC	wecC	1518
gene-wecH	wecH	266
gene-wrbA	wrbA	2154
gene-wza	wza	88
gene-wzb	wzb	11
gene-wzc	wzc	173
gene-wzx	wzx	1042
gene-wzxC	wzxC	169
gene-wzxE	wzxE	1728
gene-wzy	wzy	608
gene-wzyE	wzyE	608
gene-wzz(fepE)	wzz(fepE)	69
gene-wzzB	wzzB	4961
gene-wzzE	wzzE	1830
gene-xanP	xanP	186
gene-xanQ	xanQ	178
gene-xapA	xapA	159
gene-xapB	xapB	332
gene-xapR	xapR	1225
gene-xdhA	xdhA	687
gene-xdhB	xdhB	67
gene-xdhC	xdhC	39
gene-xdhD	xdhD	1013
gene-xerC	xerC	603
gene-xerD	xerD	1038
gene-xisR	xisR	16
gene-xni	xni	250
gene-xseA	xseA	2555
gene-xseB	xseB	180
gene-xthA	xthA	903
gene-xylA	xylA	836
gene-xylB	xylB	1101
gene-xylE	xylE	1582
gene-xylF	xylF	155
gene-xylG	xylG	183
gene-xylH	xylH	326
gene-xylR	xylR	204
gene-xynR	xynR	1936
gene-yaaA	yaaA	285
gene-yaaI	yaaI	19
gene-yaaJ	yaaJ	767
gene-yaaU	yaaU	104
gene-yaaX	yaaX	183
gene-yaaY	yaaY	250
gene-yabI	yabI	2667
gene-yacC	yacC	490
gene-yacG	yacG	175
gene-yacH	yacH	207
gene-yacL	yacL	174
gene-yadC	yadC	1433
gene-yadE	yadE	1473
gene-yadG	yadG	1142
gene-yadH	yadH	1073
gene-yadI	yadI	273
gene-yadK	yadK	294
gene-yadL	yadL	199
gene-yadM	yadM	266
gene-yadN	yadN	77
gene-yadS	yadS	261
gene-yadV	yadV	55
gene-yadX	yadX	32
gene-yaeF	yaeF	111
gene-yaeH	yaeH	664
gene-yaeI	yaeI	141
gene-yaeP	yaeP	310
gene-yaeQ	yaeQ	278
gene-yaeR	yaeR	549
gene-yafC	yafC	518
gene-yafD	yafD	2277
gene-yafE	yafE	1239
gene-yafJ	yafJ	419
gene-yafL	yafL	166
gene-yafN	yafN	1014
gene-yafO	yafO	1150
gene-yafP	yafP	1353
gene-yafQ	yafQ	423
gene-yafS	yafS	361
gene-yafV	yafV	832
gene-yafW	yafW	2
gene-yafX	yafX	4
gene-yafZ	yafZ	139
gene-yagA	yagA	387
gene-yagB	yagB	69
gene-yagE	yagE	171
gene-yagF	yagF	497
gene-yagG	yagG	87
gene-yagH	yagH	92
gene-yagK	yagK	448
gene-yagL	yagL	102
gene-yagU	yagU	470
gene-yahB	yahB	256
gene-yahC	yahC	57
gene-yahD	yahD	60
gene-yahE	yahE	62
gene-yahG	yahG	284
gene-yahI	yahI	91
gene-yahJ	yahJ	223
gene-yahK	yahK	643
gene-yahN	yahN	77
gene-yahO	yahO	1042
gene-yaiA	yaiA	268
gene-yaiI	yaiI	133
gene-yaiL	yaiL	167
gene-yaiO	yaiO	328
gene-yaiP	yaiP	249
gene-yaiW	yaiW	475
gene-yaiY	yaiY	39
gene-yaiZ	yaiZ	76
gene-yajC	yajC	1089
gene-yajD	yajD	323
gene-yajG	yajG	587
gene-yajI	yajI	127
gene-yajL	yajL	478
gene-yajO	yajO	1449
gene-yajQ	yajQ	980
gene-yajR	yajR	352
gene-ybaA	ybaA	473
gene-ybaB	ybaB	121
gene-ybaE	ybaE	74
gene-ybaK	ybaK	239
gene-ybaL	ybaL	7420
gene-ybaN	ybaN	271
gene-ybaP	ybaP	297
gene-ybaQ	ybaQ	136
gene-ybaT	ybaT	268
gene-ybaV	ybaV	148
gene-ybaY	ybaY	8911
gene-ybbA	ybbA	1743
gene-ybbC	ybbC	43
gene-ybbJ	ybbJ	740
gene-ybbO	ybbO	608
gene-ybbP	ybbP	3574
gene-ybbW	ybbW	175
gene-ybbY	ybbY	218
gene-ybcF	ybcF	78
gene-ybcH	ybcH	146
gene-ybcI	ybcI	115
gene-ybcJ	ybcJ	36
gene-ybcK	ybcK	94
gene-ybcL	ybcL	158
gene-ybcM	ybcM	1025
gene-ybcN	ybcN	63
gene-ybcO	ybcO	65
gene-ybcV	ybcV	32
gene-ybdD	ybdD	145
gene-ybdF	ybdF	271
gene-ybdG	ybdG	859
gene-ybdJ	ybdJ	159
gene-ybdK	ybdK	1262
gene-ybdL	ybdL	285
gene-ybdM	ybdM	70
gene-ybdN	ybdN	76
gene-ybdO	ybdO	51
gene-ybdR	ybdR	1253
gene-ybdZ	ybdZ	74
gene-ybeD	ybeD	491
gene-ybeF	ybeF	84
gene-ybeL	ybeL	1521
gene-ybeQ	ybeQ	131
gene-ybeR	ybeR	71
gene-ybeT	ybeT	34
gene-ybeU	ybeU	106
gene-ybeY	ybeY	750
gene-ybeZ	ybeZ	2452
gene-ybfA	ybfA	16
gene-ybfD	ybfD	51
gene-ybfE	ybfE	105
gene-ybfF	ybfF	338
gene-ybfQ	ybfQ	29
gene-ybgA	ybgA	216
gene-ybgC	ybgC	400
gene-ybgD	ybgD	27
gene-ybgE	ybgE	227
gene-ybgI	ybgI	417
gene-ybgO	ybgO	94
gene-ybgP	ybgP	23
gene-ybgQ	ybgQ	164
gene-ybgS	ybgS	2393
gene-ybhA	ybhA	295
gene-ybhB	ybhB	151
gene-ybhC	ybhC	684
gene-ybhD	ybhD	199
gene-ybhF	ybhF	3879
gene-ybhH	ybhH	216
gene-ybhI	ybhI	353
gene-ybhJ	ybhJ	1040
gene-ybhL	ybhL	1580
gene-ybhM	ybhM	359
gene-ybhN	ybhN	434
gene-ybhP	ybhP	1309
gene-ybhQ	ybhQ	579
gene-ybhR	ybhR	309
gene-ybhS	ybhS	909
gene-ybiA	ybiA	92
gene-ybiB	ybiB	699
gene-ybiE	ybiE	20
gene-ybiI	ybiI	68
gene-ybiJ	ybiJ	81
gene-ybiO	ybiO	540
gene-ybiR	ybiR	1837
gene-ybiT	ybiT	3088
gene-ybiU	ybiU	578
gene-ybiV	ybiV	699
gene-ybiW	ybiW	171
gene-ybiX	ybiX	91
gene-ybiY	ybiY	11
gene-ybjC	ybjC	160
gene-ybjD	ybjD	610
gene-ybjG	ybjG	714
gene-ybjI	ybjI	597
gene-ybjJ	ybjJ	1340
gene-ybjL	ybjL	3338
gene-ybjM	ybjM	185
gene-ybjN	ybjN	266
gene-ybjO	ybjO	376
gene-ybjP	ybjP	918
gene-ybjQ	ybjQ	673
gene-ybjS	ybjS	473
gene-ybjT	ybjT	869
gene-ybjX	ybjX	5459
gene-ycaC	ycaC	217
gene-ycaD	ycaD	623
gene-ycaI	ycaI	4429
gene-ycaK	ycaK	95
gene-ycaL	ycaL	198
gene-ycaM	ycaM	359
gene-ycaN	ycaN	217
gene-ycaO	ycaO	631
gene-ycaP	ycaP	198
gene-ycaQ	ycaQ	1962
gene-ycaR	ycaR	120
gene-ycbF	ycbF	166
gene-ycbJ	ycbJ	925
gene-ycbU	ycbU	132
gene-ycbV	ycbV	125
gene-ycbX	ycbX	401
gene-ycbZ	ycbZ	1499
gene-yccA	yccA	2893
gene-yccE	yccE	89
gene-yccF	yccF	172
gene-yccJ	yccJ	1028
gene-yccM	yccM	251
gene-yccS	yccS	638
gene-yccT	yccT	674
gene-yccU	yccU	442
gene-yccX	yccX	93
gene-ycdX	ycdX	663
gene-ycdY	ycdY	706
gene-ycdZ	ycdZ	684
gene-yceB	yceB	600
gene-yceD	yceD	6301
gene-yceF	yceF	834
gene-yceG	yceG	1433
gene-yceH	yceH	580
gene-yceI	yceI	225
gene-yceJ	yceJ	206
gene-yceK	yceK	19
gene-yceM	yceM	982
gene-ycfH	ycfH	2224
gene-ycfJ	ycfJ	494
gene-ycfL	ycfL	1322
gene-ycfP	ycfP	1079
gene-ycfT	ycfT	50
gene-ycfZ	ycfZ	56
gene-ycgB	ycgB	1099
gene-ycgJ	ycgJ	122
gene-ycgM	ycgM	766
gene-ycgN	ycgN	592
gene-ycgR	ycgR	2570
gene-ycgV	ycgV	1112
gene-ycgX	ycgX	137
gene-ycgZ	ycgZ	838
gene-ychE	ychE	353
gene-ychF	ychF	1269
gene-ychH	ychH	774
gene-ychJ	ychJ	117
gene-ychN	ychN	50
gene-ychO	ychO	1308
gene-yciA	yciA	45
gene-yciB	yciB	606
gene-yciC	yciC	458
gene-yciE	yciE	1299
gene-yciF	yciF	1354
gene-yciG	yciG	269
gene-yciH	yciH	146
gene-yciI	yciI	104
gene-yciK	yciK	312
gene-yciN	yciN	130
gene-yciO	yciO	889
gene-yciQ	yciQ	682
gene-yciT	yciT	1827
gene-yciU	yciU	466
gene-yciV	yciV	269
gene-yciW	yciW	579
gene-yciY	yciY	53
gene-ycjD	ycjD	77
gene-ycjF	ycjF	951
gene-ycjG	ycjG	2068
gene-ycjM	ycjM	7094
gene-ycjN	ycjN	2888
gene-ycjO	ycjO	2245
gene-ycjP	ycjP	1114
gene-ycjQ	ycjQ	1917
gene-ycjR	ycjR	1304
gene-ycjS	ycjS	1946
gene-ycjT	ycjT	2319
gene-ycjW	ycjW	456
gene-ycjX	ycjX	1466
gene-ycjY	ycjY	164
gene-ydaF	ydaF	55
gene-ydaN	ydaN	9
gene-ydaS	ydaS	69
gene-ydaT	ydaT	88
gene-ydaU	ydaU	160
gene-ydaV	ydaV	121
gene-ydbD	ydbD	1704
gene-ydbH	ydbH	734
gene-ydbJ	ydbJ	1275
gene-ydbL	ydbL	57
gene-ydcF	ydcF	535
gene-ydcH	ydcH	160
gene-ydcI	ydcI	1530
gene-ydcJ	ydcJ	795
gene-ydcK	ydcK	423
gene-ydcL	ydcL	1051
gene-ydcO	ydcO	290
gene-ydcR	ydcR	2490
gene-ydcS	ydcS	865
gene-ydcT	ydcT	574
gene-ydcU	ydcU	350
gene-ydcV	ydcV	139
gene-ydcY	ydcY	716
gene-ydcZ	ydcZ	298
gene-yddA	yddA	354
gene-yddB	yddB	305
gene-yddE	yddE	1226
gene-yddG	yddG	222
gene-yddH	yddH	179
gene-yddL	yddL	1
gene-yddM	yddM	814
gene-ydeA	ydeA	435
gene-ydeE	ydeE	696
gene-ydeI	ydeI	613
gene-ydeJ	ydeJ	1982
gene-ydeM	ydeM	116
gene-ydeN	ydeN	197
gene-ydeO	ydeO	164
gene-ydeP	ydeP	2914
gene-ydeQ	ydeQ	836
gene-ydeR	ydeR	658
gene-ydeS	ydeS	937
gene-ydeT	ydeT	3247
gene-ydfA	ydfA	37
gene-ydfD	ydfD	8
gene-ydfG	ydfG	1089
gene-ydfH	ydfH	1316
gene-ydfI	ydfI	1587
gene-ydfJ	ydfJ	3350
gene-ydfK	ydfK	642
gene-ydfO	ydfO	8
gene-ydfR	ydfR	86
gene-ydfT	ydfT	211
gene-ydfU	ydfU	868
gene-ydfZ	ydfZ	84
gene-ydgA	ydgA	10575
gene-ydgC	ydgC	280
gene-ydgD	ydgD	5571
gene-ydgH	ydgH	599
gene-ydgI	ydgI	1605
gene-ydgJ	ydgJ	1010
gene-ydgK	ydgK	1387
gene-ydgT	ydgT	587
gene-ydhF	ydhF	1022
gene-ydhI	ydhI	402
gene-ydhJ	ydhJ	880
gene-ydhK	ydhK	1210
gene-ydhL	ydhL	154
gene-ydhP	ydhP	1570
gene-ydhQ	ydhQ	3011
gene-ydhR	ydhR	1123
gene-ydhS	ydhS	1013
gene-ydhT	ydhT	276
gene-ydhU	ydhU	240
gene-ydhV	ydhV	531
gene-ydhW	ydhW	236
gene-ydhX	ydhX	250
gene-ydhY	ydhY	202
gene-ydiB	ydiB	245
gene-ydiF	ydiF	197
gene-ydiH	ydiH	123
gene-ydiJ	ydiJ	1066
gene-ydiK	ydiK	2190
gene-ydiL	ydiL	69
gene-ydiM	ydiM	112
gene-ydiN	ydiN	360
gene-ydiO	ydiO	202
gene-ydiP	ydiP	106
gene-ydiQ	ydiQ	143
gene-ydiR	ydiR	332
gene-ydiS	ydiS	164
gene-ydiT	ydiT	12
gene-ydiV	ydiV	1688
gene-ydiY	ydiY	234
gene-ydjA	ydjA	408
gene-ydjE	ydjE	938
gene-ydjF	ydjF	366
gene-ydjG	ydjG	450
gene-ydjH	ydjH	275
gene-ydjI	ydjI	233
gene-ydjJ	ydjJ	161
gene-ydjK	ydjK	153
gene-ydjL	ydjL	180
gene-ydjM	ydjM	1292
gene-ydjX	ydjX	79
gene-ydjY	ydjY	69
gene-ydjZ	ydjZ	231
gene-yeaC	yeaC	289
gene-yeaD	yeaD	391
gene-yeaE	yeaE	653
gene-yeaG	yeaG	7061
gene-yeaH	yeaH	1182
gene-yeaK	yeaK	486
gene-yeaL	yeaL	332
gene-yeaO	yeaO	177
gene-yeaQ	yeaQ	599
gene-yeaR	yeaR	65
gene-yeaV	yeaV	213
gene-yeaW	yeaW	108
gene-yeaX	yeaX	184
gene-yeaY	yeaY	922
gene-yebB	yebB	167
gene-yebC	yebC	1244
gene-yebE	yebE	7281
gene-yebF	yebF	17134
gene-yebG	yebG	5551
gene-yebO	yebO	1450
gene-yebQ	yebQ	378
gene-yebS	yebS	1146
gene-yebT	yebT	2792
gene-yebV	yebV	807
gene-yebW	yebW	607
gene-yebY	yebY	2028
gene-yecA	yecA	607
gene-yecC	yecC	2044
gene-yecD	yecD	279
gene-yecE	yecE	174
gene-yecF	yecF	86
gene-yecH	yecH	68
gene-yecJ	yecJ	495
gene-yecM	yecM	345
gene-yecN	yecN	932
gene-yecR	yecR	168
gene-yecT	yecT	69
gene-yecV	yecV	89
gene-yedA	yedA	224
gene-yedD	yedD	744
gene-yedE	yedE	707
gene-yedF	yedF	106
gene-yedI	yedI	1427
gene-yedJ	yedJ	4537
gene-yedK	yedK	176
gene-yedL	yedL	117
gene-yedP	yedP	1731
gene-yedQ	yedQ	8057
gene-yeeA	yeeA	5064
gene-yeeE	yeeE	13935
gene-yeeJ	yeeJ	1389
gene-yeeN	yeeN	196
gene-yeeO	yeeO	3485
gene-yeeS	yeeS	61
gene-yeeT	yeeT	5
gene-yeeW	yeeW	13
gene-yeeY	yeeY	1602
gene-yeeZ	yeeZ	3715
gene-yefM	yefM	413
gene-yegD	yegD	1259
gene-yegH	yegH	1464
gene-yegI	yegI	564
gene-yegJ	yegJ	138
gene-yegL	yegL	240
gene-yegP	yegP	999
gene-yegQ	yegQ	4409
gene-yegS	yegS	2099
gene-yegT	yegT	190
gene-yegU	yegU	173
gene-yegV	yegV	216
gene-yegW	yegW	422
gene-yegX	yegX	211
gene-yehA	yehA	147
gene-yehB	yehB	232
gene-yehC	yehC	10
gene-yehD	yehD	10
gene-yehE	yehE	196
gene-yehL	yehL	152
gene-yehM	yehM	326
gene-yehP	yehP	91
gene-yehQ	yehQ	277
gene-yehR	yehR	98
gene-yehS	yehS	966
gene-yehW	yehW	1640
gene-yehX	yehX	1306
gene-yehY	yehY	3307
gene-yeiB	yeiB	815
gene-yeiE	yeiE	982
gene-yeiG	yeiG	375
gene-yeiH	yeiH	443
gene-yeiI	yeiI	474
gene-yeiL	yeiL	160
gene-yeiP	yeiP	331
gene-yeiQ	yeiQ	636
gene-yeiR	yeiR	649
gene-yeiS	yeiS	36
gene-yeiW	yeiW	114
gene-yejA	yejA	981
gene-yejB	yejB	219
gene-yejE	yejE	261
gene-yejF	yejF	233
gene-yejG	yejG	4176
gene-yejK	yejK	1224
gene-yejL	yejL	396
gene-yejM	yejM	1575
gene-yejO	yejO	2679
gene-yfaA	yfaA	454
gene-yfaE	yfaE	54
gene-yfaL	yfaL	2133
gene-yfaP	yfaP	212
gene-yfaQ	yfaQ	628
gene-yfaT	yfaT	117
gene-yfaU	yfaU	120
gene-yfaV	yfaV	153
gene-yfaX	yfaX	63
gene-yfaY	yfaY	1243
gene-yfaZ	yfaZ	248
gene-yfbK	yfbK	244
gene-yfbL	yfbL	78
gene-yfbM	yfbM	36
gene-yfbP	yfbP	277
gene-yfbR	yfbR	318
gene-yfbS	yfbS	2376
gene-yfbU	yfbU	1626
gene-yfbV	yfbV	2445
gene-yfcA	yfcA	421
gene-yfcC	yfcC	702
gene-yfcD	yfcD	881
gene-yfcE	yfcE	733
gene-yfcF	yfcF	912
gene-yfcG	yfcG	798
gene-yfcH	yfcH	4022
gene-yfcJ	yfcJ	1424
gene-yfcL	yfcL	178
gene-yfcO	yfcO	1008
gene-yfcP	yfcP	76
gene-yfcQ	yfcQ	77
gene-yfcR	yfcR	102
gene-yfcS	yfcS	154
gene-yfcU	yfcU	1355
gene-yfcV	yfcV	184
gene-yfcZ	yfcZ	377
gene-yfdC	yfdC	339
gene-yfdE	yfdE	512
gene-yfdG	yfdG	166
gene-yfdH	yfdH	419
gene-yfdK	yfdK	91
gene-yfdM	yfdM	6
gene-yfdN	yfdN	63
gene-yfdQ	yfdQ	81
gene-yfdR	yfdR	9
gene-yfdV	yfdV	722
gene-yfdX	yfdX	403
gene-yfdY	yfdY	787
gene-yfeC	yfeC	82
gene-yfeD	yfeD	135
gene-yfeH	yfeH	313
gene-yfeK	yfeK	104
gene-yfeO	yfeO	815
gene-yfeR	yfeR	878
gene-yfeS	yfeS	503
gene-yfeX	yfeX	2330
gene-yfeY	yfeY	2424
gene-yfeZ	yfeZ	1484
gene-yffB	yffB	183
gene-yfgG	yfgG	432
gene-yfgH	yfgH	373
gene-yfgI	yfgI	302
gene-yfgJ	yfgJ	696
gene-yfgM	yfgM	1438
gene-yfgO	yfgO	1238
gene-yfhH	yfhH	1217
gene-yfhL	yfhL	326
gene-yfhM	yfhM	8299
gene-yfhR	yfhR	226
gene-yfhb	yfhb	1178
gene-yfiB	yfiB	173
gene-yfiE	yfiE	708
gene-yfiF	yfiF	3170
gene-yfiL	yfiL	202
gene-yfiM	yfiM	47
gene-yfiR	yfiR	361
gene-yfjD	yfjD	964
gene-yfjF	yfjF	121
gene-yfjI	yfjI	75
gene-yfjJ	yfjJ	74
gene-yfjM	yfjM	23
gene-yfjP	yfjP	628
gene-yfjQ	yfjQ	118
gene-yfjR	yfjR	72
gene-yfjX	yfjX	9
gene-yfjY	yfjY	5
gene-yfjZ	yfjZ	5
gene-ygaC	ygaC	428
gene-ygaH	ygaH	125
gene-ygaM	ygaM	618
gene-ygaP	ygaP	161
gene-ygaV	ygaV	50
gene-ygaZ	ygaZ	516
gene-ygbA	ygbA	492
gene-ygbE	ygbE	710
gene-ygbI	ygbI	509
gene-ygbJ	ygbJ	272
gene-ygbK	ygbK	777
gene-ygbL	ygbL	193
gene-ygbM	ygbM	228
gene-ygbN	ygbN	376
gene-ygcE	ygcE	210
gene-ygcG	ygcG	52
gene-ygcN	ygcN	451
gene-ygcO	ygcO	20
gene-ygcP	ygcP	83
gene-ygcQ	ygcQ	272
gene-ygcR	ygcR	256
gene-ygcS	ygcS	396
gene-ygcU	ygcU	293
gene-ygcW	ygcW	12
gene-ygdB	ygdB	151
gene-ygdD	ygdD	570
gene-ygdI	ygdI	1213
gene-ygdQ	ygdQ	871
gene-ygdR	ygdR	398
gene-ygeA	ygeA	371
gene-ygeG	ygeG	9
gene-ygeH	ygeH	9
gene-ygeV	ygeV	744
gene-ygeW	ygeW	63
gene-ygeY	ygeY	85
gene-ygfB	ygfB	346
gene-ygfF	ygfF	661
gene-ygfI	ygfI	658
gene-ygfK	ygfK	225
gene-ygfM	ygfM	44
gene-ygfS	ygfS	161
gene-ygfT	ygfT	674
gene-ygfX	ygfX	408
gene-ygfZ	ygfZ	976
gene-yggC	yggC	906
gene-yggE	yggE	4191
gene-yggI	yggI	366
gene-yggL	yggL	624
gene-yggM	yggM	160
gene-yggN	yggN	1955
gene-yggP	yggP	664
gene-yggR	yggR	223
gene-yggS	yggS	272
gene-yggT	yggT	550
gene-yggU	yggU	158
gene-yggX	yggX	116
gene-yghA	yghA	571
gene-yghB	yghB	781
gene-yghD	yghD	157
gene-yghG	yghG	36
gene-yghO	yghO	98
gene-yghQ	yghQ	195
gene-yghS	yghS	152
gene-yghT	yghT	60
gene-yghU	yghU	1174
gene-yghW	yghW	227
gene-ygiB	ygiB	2948
gene-ygiC	ygiC	2675
gene-ygiD	ygiD	295
gene-ygiF	ygiF	1068
gene-ygiL	ygiL	50
gene-ygiM	ygiM	1306
gene-ygiN	ygiN	428
gene-ygiQ	ygiQ	2742
gene-ygiS	ygiS	14313
gene-ygiV	ygiV	628
gene-ygiW	ygiW	878
gene-ygiZ	ygiZ	76
gene-ygjG	ygjG	1201
gene-ygjH	ygjH	64
gene-ygjI	ygjI	201
gene-ygjJ	ygjJ	67
gene-ygjK	ygjK	373
gene-ygjP	ygjP	73
gene-ygjQ	ygjQ	65
gene-ygjR	ygjR	476
gene-ygjV	ygjV	101
gene-yhaC	yhaC	16
gene-yhaH	yhaH	544
gene-yhaI	yhaI	521
gene-yhaJ	yhaJ	821
gene-yhaK	yhaK	67
gene-yhaV	yhaV	1446
gene-yhbE	yhbE	2691
gene-yhbO	yhbO	286
gene-yhbP	yhbP	364
gene-yhbQ	yhbQ	70
gene-yhbS	yhbS	1002
gene-yhbW	yhbW	694
gene-yhbX	yhbX	343
gene-yhbY	yhbY	109
gene-yhcA	yhcA	86
gene-yhcC	yhcC	191
gene-yhcD	yhcD	618
gene-yhcF	yhcF	162
gene-yhcG	yhcG	457
gene-yhcN	yhcN	186
gene-yhcO	yhcO	128
gene-yhdE	yhdE	654
gene-yhdH	yhdH	487
gene-yhdJ	yhdJ	70
gene-yhdN	yhdN	535
gene-yhdP	yhdP	3619
gene-yhdT	yhdT	22
gene-yhdU	yhdU	20
gene-yhdX	yhdX	174
gene-yhdY	yhdY	109
gene-yhdZ	yhdZ	98
gene-yheO	yheO	861
gene-yheS	yheS	1226
gene-yheT	yheT	408
gene-yheU	yheU	82
gene-yheV	yheV	93
gene-yhfA	yhfA	141
gene-yhfG	yhfG	278
gene-yhfK	yhfK	1023
gene-yhfL	yhfL	37
gene-yhfS	yhfS	400
gene-yhfT	yhfT	368
gene-yhfU	yhfU	13
gene-yhfW	yhfW	55
gene-yhfX	yhfX	54
gene-yhfY	yhfY	17
gene-yhgE	yhgE	785
gene-yhgF	yhgF	1061
gene-yhgN	yhgN	286
gene-yhhA	yhhA	321
gene-yhhH	yhhH	6
gene-yhhI	yhhI	64
gene-yhhJ	yhhJ	1446
gene-yhhL	yhhL	136
gene-yhhM	yhhM	96
gene-yhhN	yhhN	860
gene-yhhQ	yhhQ	1648
gene-yhhS	yhhS	1613
gene-yhhT	yhhT	538
gene-yhhW	yhhW	1232
gene-yhhX	yhhX	2982
gene-yhhY	yhhY	92
gene-yhiD	yhiD	124
gene-yhiI	yhiI	5812
gene-yhiJ	yhiJ	117
gene-yhiM	yhiM	260
gene-yhiN	yhiN	1862
gene-yhiY	yhiY	745
gene-yhjB	yhjB	191
gene-yhjD	yhjD	1390
gene-yhjE	yhjE	1152
gene-yhjG	yhjG	14418
gene-yhjJ	yhjJ	1238
gene-yhjV	yhjV	389
gene-yhjX	yhjX	1344
gene-yhjY	yhjY	2211
gene-yiaA	yiaA	100
gene-yiaC	yiaC	421
gene-yiaD	yiaD	137
gene-yiaF	yiaF	3985
gene-yiaG	yiaG	724
gene-yiaJ	yiaJ	260
gene-yiaK	yiaK	64
gene-yiaL	yiaL	18
gene-yiaM	yiaM	18
gene-yiaN	yiaN	36
gene-yiaO	yiaO	61
gene-yiaT	yiaT	254
gene-yiaU	yiaU	247
gene-yiaV	yiaV	657
gene-yiaW	yiaW	13
gene-yiaY	yiaY	187
gene-yibA	yibA	120
gene-yibB	yibB	302
gene-yibF	yibF	1527
gene-yibG	yibG	83
gene-yibH	yibH	335
gene-yibI	yibI	105
gene-yibL	yibL	332
gene-yibN	yibN	1366
gene-yibQ	yibQ	575
gene-yicC	yicC	1335
gene-yicG	yicG	102
gene-yicH	yicH	2415
gene-yicI	yicI	383
gene-yicJ	yicJ	188
gene-yicL	yicL	245
gene-yicN	yicN	316
gene-yidA	yidA	323
gene-yidB	yidB	310
gene-yidC	yidC	6664
gene-yidD	yidD	938
gene-yidE	yidE	1981
gene-yidF	yidF	61
gene-yidG	yidG	134
gene-yidH	yidH	120
gene-yidJ	yidJ	147
gene-yidK	yidK	206
gene-yidL	yidL	135
gene-yidP	yidP	94
gene-yidQ	yidQ	749
gene-yidR	yidR	193
gene-yidZ	yidZ	111
gene-yieE	yieE	894
gene-yieF	yieF	830
gene-yieH	yieH	184
gene-yieK	yieK	142
gene-yieL	yieL	377
gene-yieP	yieP	348
gene-yifB	yifB	137
gene-yifK	yifK	674
gene-yifL	yifL	205
gene-yigA	yigA	714
gene-yigB	yigB	259
gene-yigE	yigE	83
gene-yigF	yigF	46
gene-yigI	yigI	303
gene-yigL	yigL	551
gene-yigZ	yigZ	311
gene-yihA	yihA	219
gene-yihD	yihD	80
gene-yihF	yihF	294
gene-yihG	yihG	140
gene-yihI	yihI	430
gene-yihL	yihL	26
gene-yihM	yihM	103
gene-yihN	yihN	182
gene-yihO	yihO	359
gene-yihP	yihP	69
gene-yihQ	yihQ	133
gene-yihR	yihR	26
gene-yihS	yihS	50
gene-yihT	yihT	13
gene-yihU	yihU	12
gene-yihV	yihV	165
gene-yihX	yihX	1909
gene-yihY	yihY	1118
gene-yiiE	yiiE	30
gene-yiiG	yiiG	121
gene-yiiM	yiiM	464
gene-yiiQ	yiiQ	79
gene-yiiR	yiiR	202
gene-yiiS	yiiS	209
gene-yiiX	yiiX	682
gene-yijD	yijD	966
gene-yijE	yijE	448
gene-yijF	yijF	44
gene-yijO	yijO	100
gene-yjaB	yjaB	198
gene-yjaG	yjaG	761
gene-yjaH	yjaH	774
gene-yjaZ	yjaZ	142
gene-yjbB	yjbB	1458
gene-yjbD	yjbD	120
gene-yjbE	yjbE	23
gene-yjbF	yjbF	51
gene-yjbG	yjbG	61
gene-yjbH	yjbH	1142
gene-yjbJ	yjbJ	1025
gene-yjbQ	yjbQ	435
gene-yjbR	yjbR	382
gene-yjcB	yjcB	931
gene-yjcE	yjcE	1283
gene-yjcH	yjcH	55
gene-yjcO	yjcO	151
gene-yjcS	yjcS	186
gene-yjdC	yjdC	1931
gene-yjdF	yjdF	84
gene-yjdI	yjdI	126
gene-yjdJ	yjdJ	140
gene-yjdM	yjdM	482
gene-yjdN	yjdN	820
gene-yjdP	yjdP	320
gene-yjeH	yjeH	415
gene-yjeI	yjeI	352
gene-yjeJ	yjeJ	427
gene-yjeM	yjeM	2184
gene-yjeO	yjeO	522
gene-yjeT	yjeT	144
gene-yjfC	yjfC	1056
gene-yjfF	yjfF	233
gene-yjfI	yjfI	71
gene-yjfJ	yjfJ	328
gene-yjfK	yjfK	152
gene-yjfL	yjfL	255
gene-yjfM	yjfM	757
gene-yjfN	yjfN	278
gene-yjfP	yjfP	200
gene-yjfY	yjfY	43
gene-yjfZ	yjfZ	152
gene-yjgA	yjgA	566
gene-yjgH	yjgH	220
gene-yjgM	yjgM	280
gene-yjgN	yjgN	66
gene-yjgR	yjgR	1822
gene-yjhF	yjhF	379
gene-yjhG	yjhG	702
gene-yjhH	yjhH	433
gene-yjhI	yjhI	116
gene-yjhP	yjhP	132
gene-yjhQ	yjhQ	77
gene-yjhR	yjhR	268
gene-yjhU	yjhU	1441
gene-yjiA	yjiA	206
gene-yjiC	yjiC	85
gene-yjiG	yjiG	62
gene-yjiJ	yjiJ	602
gene-yjiK	yjiK	140
gene-yjiL	yjiL	373
gene-yjiM	yjiM	1410
gene-yjiN	yjiN	2360
gene-yjiR	yjiR	1993
gene-yjiS	yjiS	15
gene-yjiT	yjiT	619
gene-yjiX	yjiX	11
gene-yjjA	yjjA	265
gene-yjjB	yjjB	63
gene-yjjG	yjjG	1755
gene-yjjI	yjjI	61
gene-yjjJ	yjjJ	5874
gene-yjjP	yjjP	293
gene-yjjQ	yjjQ	147
gene-yjjU	yjjU	2642
gene-yjjV	yjjV	2082
gene-yjjW	yjjW	62
gene-yjjX	yjjX	605
gene-yjjZ	yjjZ	377
gene-yjtD	yjtD	255
gene-ykfA	ykfA	1351
gene-ykfC	ykfC	1115
gene-ykfF	ykfF	7
gene-ykfG	ykfG	8
gene-ykfH	ykfH	2
gene-ykfI	ykfI	4
gene-ykgE	ykgE	174
gene-ykgF	ykgF	743
gene-ykgG	ykgG	257
gene-ykgJ	ykgJ	33
gene-ykgM	ykgM	7
gene-ykgO	ykgO	0
gene-ykgV	ykgV	7
gene-ykiE	ykiE	23
gene-ylaC	ylaC	1683
gene-ylbE	ylbE	219
gene-ylbF	ylbF	205
gene-ylbG	ylbG	63
gene-ylcG	ylcG	20
gene-ylcI	ylcI	9
gene-yliI	yliI	1181
gene-yljB	yljB	66
gene-ymcE	ymcE	5
gene-ymcF	ymcF	25
gene-ymdA	ymdA	85
gene-ymdB	ymdB	237
gene-ymdF	ymdF	164
gene-ymfA	ymfA	51
gene-ymgA	ymgA	1183
gene-ymgD	ymgD	226
gene-ymgE	ymgE	173
gene-ymgG	ymgG	93
gene-ymiA	ymiA	63
gene-ymiD	ymiD	15
gene-ymjA	ymjA	85
gene-ynaA	ynaA	408
gene-ynaI	ynaI	446
gene-ynaK	ynaK	419
gene-ynbA	ynbA	211
gene-ynbB	ynbB	609
gene-ynbC	ynbC	1608
gene-ynbD	ynbD	1374
gene-ynbE	ynbE	23
gene-yncD	yncD	4804
gene-yncE	yncE	5247
gene-yncG	yncG	303
gene-yncH	yncH	42
gene-yncJ	yncJ	125
gene-yncL	yncL	79
gene-yncP	yncP	249
gene-yneE	yneE	161
gene-yneG	yneG	275
gene-yneJ	yneJ	639
gene-yneK	yneK	69
gene-ynfA	ynfA	153
gene-ynfB	ynfB	256
gene-ynfC	ynfC	1434
gene-ynfD	ynfD	264
gene-ynfE	ynfE	462
gene-ynfF	ynfF	343
gene-ynfH	ynfH	305
gene-ynfL	ynfL	890
gene-ynfM	ynfM	1297
gene-ynfO	ynfO	3
gene-ynfQ	ynfQ	32
gene-ynfU	ynfU	25
gene-ynhF	ynhF	95
gene-yniA	yniA	4765
gene-yniB	yniB	825
gene-ynjA	ynjA	265
gene-ynjB	ynjB	684
gene-ynjC	ynjC	458
gene-ynjD	ynjD	196
gene-ynjE	ynjE	196
gene-ynjF	ynjF	383
gene-ynjH	ynjH	305
gene-ynjI	ynjI	264
gene-yoaA	yoaA	1747
gene-yoaB	yoaB	246
gene-yoaC	yoaC	922
gene-yoaE	yoaE	3890
gene-yoaF	yoaF	334
gene-yoaG	yoaG	50
gene-yoaH	yoaH	90
gene-yoaJ	yoaJ	1
gene-yoaK	yoaK	18
gene-yobA	yobA	2528
gene-yobB	yobB	1067
gene-yobD	yobD	80
gene-yobF	yobF	542
gene-yobH	yobH	83
gene-yobI	yobI	10
gene-yodB	yodB	129
gene-yodC	yodC	552
gene-yodD	yodD	560
gene-yoeB	yoeB	413
gene-yoeI	yoeI	18
gene-yohC	yohC	1324
gene-yohD	yohD	1236
gene-yohF	yohF	628
gene-yohJ	yohJ	199
gene-yohK	yohK	517
gene-yohO	yohO	91
gene-yohP	yohP	100
gene-yojI	yojI	1923
gene-ypdA	ypdA	799
gene-ypdB	ypdB	659
gene-ypdC	ypdC	537
gene-ypdE	ypdE	174
gene-ypdF	ypdF	183
gene-ypdI	ypdI	19
gene-ypdK	ypdK	26
gene-ypeA	ypeA	1102
gene-ypeB	ypeB	229
gene-ypeC	ypeC	114
gene-ypfG	ypfG	493
gene-ypfH	ypfH	579
gene-ypfJ	ypfJ	1031
gene-ypfM	ypfM	20
gene-ypfN	ypfN	566
gene-yphA	yphA	733
gene-yphB	yphB	725
gene-yphC	yphC	1174
gene-yphD	yphD	1041
gene-yphE	yphE	1533
gene-yphF	yphF	701
gene-yphG	yphG	521
gene-yphH	yphH	459
gene-ypjA	ypjA	6763
gene-ypjD	ypjD	573
gene-ypjF	ypjF	39
gene-ypjJ	ypjJ	7
gene-yqaA	yqaA	1090
gene-yqaB	yqaB	996
gene-yqaE	yqaE	359
gene-yqcA	yqcA	195
gene-yqcC	yqcC	49
gene-yqcE	yqcE	109
gene-yqeB	yqeB	502
gene-yqeC	yqeC	189
gene-yqeF	yqeF	986
gene-yqeG	yqeG	237
gene-yqeH	yqeH	63
gene-yqeI	yqeI	19
gene-yqfA	yqfA	1860
gene-yqfB	yqfB	85
gene-yqgA	yqgA	150
gene-yqgB	yqgB	180
gene-yqgE	yqgE	1128
gene-yqgH	yqgH	7
gene-yqhA	yqhA	508
gene-yqhC	yqhC	1070
gene-yqhD	yqhD	270
gene-yqhG	yqhG	101
gene-yqhH	yqhH	35
gene-yqiA	yqiA	873
gene-yqiB	yqiB	593
gene-yqiH	yqiH	58
gene-yqiI	yqiI	188
gene-yqiJ	yqiJ	73
gene-yqiK	yqiK	280
gene-yqiM	yqiM	89
gene-yqjA	yqjA	943
gene-yqjC	yqjC	8605
gene-yqjD	yqjD	5862
gene-yqjE	yqjE	10257
gene-yqjF	yqjF	3226
gene-yqjG	yqjG	1399
gene-yqjK	yqjK	10876
gene-yraH	yraH	60
gene-yraI	yraI	18
gene-yraJ	yraJ	211
gene-yraK	yraK	137
gene-yraN	yraN	75
gene-yraP	yraP	580
gene-yraQ	yraQ	1988
gene-yraR	yraR	546
gene-yrbG	yrbG	1019
gene-yrbL	yrbL	16157
gene-yrbN	yrbN	288
gene-yrdA	yrdA	790
gene-yrdB	yrdB	476
gene-yrdD	yrdD	1506
gene-yrfG	yrfG	1055
gene-yrhB	yrhB	195
gene-ysaA	ysaA	158
gene-ysaB	ysaB	411
gene-ysaE	ysaE	90
gene-ysdE	ysdE	10
gene-ysgA	ysgA	2613
gene-ysgD	ysgD	11
gene-yshB	yshB	446
gene-ytcA	ytcA	7
gene-ytfB	ytfB	967
gene-ytfE	ytfE	383
gene-ytfF	ytfF	450
gene-ytfH	ytfH	403
gene-ytfJ	ytfJ	248
gene-ytfK	ytfK	1874
gene-ytfP	ytfP	452
gene-ytfQ	ytfQ	575
gene-ytfR	ytfR	541
gene-ytfT	ytfT	267
gene-ytgA	ytgA	84
gene-ytiA	ytiA	60
gene-ytjA	ytjA	4582
gene-ytjB	ytjB	138
gene-yvcK	yvcK	411
gene-zapA	zapA	735
gene-zapB	zapB	231
gene-zapC	zapC	2048
gene-zapD	zapD	780
gene-zapE	zapE	300
gene-zapG	zapG	436
gene-zinT	zinT	137
gene-zipA	zipA	17441
gene-zitB	zitB	837
gene-zntA	zntA	1212
gene-zntB	zntB	3719
gene-zntR	zntR	670
gene-znuA	znuA	1002
gene-znuB	znuB	731
gene-znuC	znuC	499
gene-zraP	zraP	10
gene-zraR	zraR	893
gene-zraS	zraS	617
gene-zupT	zupT	1118
gene-zur	zur	127
gene-zwf	zwf	1344
mCherry	mCherry	636
rna-HQ24_RS01020		1438
rna-HQ24_RS01035		3591
rna-HQ24_RS13395		3699
rna-HQ24_RS13405		1507
rna-HQ24_RS17410		3688
rna-HQ24_RS17425		1517
rna-HQ24_RS19945		1456
rna-HQ24_RS19955		3792
rna-HQ24_RS20405		1591
rna-HQ24_RS20420		3885
rna-HQ24_RS21025		1519
rna-HQ24_RS21035		3853
rna-HQ24_RS21225		1472
rna-HQ24_RS21235		3697
rna-HQ24_RS23510		11
rna-HQ24_RS23515		0
rna-HQ24_RS23520		0
rna-HQ24_RS23535		99
rna-HQ24_RS23540		131
rna-HQ24_RS23545		267
rna-HQ24_RS23550		107
rna-HQ24_RS23570		10
rna-ffs	ffs	180
rna-rnpB	rnpB	128402
rna-rprA	rprA	73
rna-rrf	rrf	52
rna-ssrA	ssrA	28530
rna-ssrS	ssrS	5190
tetR	tetR	45
__no_feature		1145081
__ambiguous		286558
__too_low_aQual		0
__not_aligned		106200
__alignment_not_unique		0
