DQ459412	ERCC-00117	3
DQ459413	ERCC-00035	3488
DQ459415	ERCC-00098	10
DQ459418	ERCC-00058	87
DQ459419	ERCC-00028	101
DQ459420	ERCC-00017	8
DQ459421	ERCC-00069	106
DQ459422	ERCC-00112	5768
DQ459424	ERCC-00044	4508
DQ459425	ERCC-00092	10263
DQ459426	ERCC-00061	0
DQ459427	ERCC-00126	261
DQ459429	ERCC-00096	801475
DQ459430	ERCC-00002	522350
DQ459431	ERCC-00031	47
DQ516731	ERCC-00054	1
DQ516739	ERCC-00134	4
DQ516740	ERCC-00051	173
DQ516742	ERCC-00077	7
DQ516748	ERCC-00046	80429
DQ516750	ERCC-00162	1005
DQ516752	ERCC-00004	157966
DQ516754	ERCC-00074	305608
DQ516758	ERCC-00097	14
DQ516759	ERCC-00095	3536
DQ516763	ERCC-00060	3920
DQ516773	ERCC-00170	308
DQ516776	ERCC-00168	37
DQ516777	ERCC-00138	3
DQ516778	ERCC-00075	4
DQ516779	ERCC-00164	17
DQ516780	ERCC-00083	1
DQ516782	ERCC-00123	11
DQ516783	ERCC-00042	18525
DQ516784	ERCC-00003	42893
DQ516785	ERCC-00053	859
DQ516786	ERCC-00062	1931
DQ516787	ERCC-00043	9876
DQ516790	ERCC-00147	3
DQ516791	ERCC-00086	5
DQ516795	ERCC-00158	15
DQ516796	ERCC-00033	49
DQ516815	ERCC-00104	5
DQ668356	ERCC-00059	304
DQ668358	ERCC-00073	21
DQ668359	ERCC-00163	296
DQ668362	ERCC-00143	128
DQ668363	ERCC-00165	2174
DQ668364	ERCC-00009	24205
DQ668365	ERCC-00108	29171
DQ668366	ERCC-00057	0
DQ668367	ERCC-00116	38331
DQ839618	ERCC-00157	453
DQ854991	ERCC-00081	1
DQ854992	ERCC-00120	8
DQ854993	ERCC-00024	2
DQ854994	ERCC-00171	55212
DQ854995	ERCC-00144	425
DQ854997	ERCC-00154	33
DQ854998	ERCC-00109	8
DQ855000	ERCC-00137	6
DQ855001	ERCC-00034	579
DQ855003	ERCC-00131	4631
DQ855004	ERCC-00022	4525
DQ875385	ERCC-00014	219
DQ875386	ERCC-00145	15874
DQ875387	ERCC-00099	492
DQ883642	ERCC-00148	82
DQ883643	ERCC-00156	2
DQ883646	ERCC-00142	1
DQ883650	ERCC-00076	2265
DQ883651	ERCC-00019	750
DQ883652	ERCC-00079	1294
DQ883653	ERCC-00067	57
DQ883654	ERCC-00071	1078
DQ883656	ERCC-00039	102
DQ883658	ERCC-00160	462
DQ883659	ERCC-00150	72
DQ883661	ERCC-00040	13
DQ883663	ERCC-00113	131414
DQ883664	ERCC-00016	6
DQ883669	ERCC-00085	182
DQ883670	ERCC-00012	0
DQ883671	ERCC-00048	0
DQ883673	ERCC-00078	1252
DQ883682	ERCC-00084	1003
DQ883685	ERCC-00111	11355
DQ883689	ERCC-00025	4404
EF011062	ERCC-00013	17
EF011063	ERCC-00136	44280
EF011069	ERCC-00041	9
EF011072	ERCC-00130	731263
KanR	KanR	209355
Spc	Spc	332
gene-HQ24_RS00080		1176
gene-HQ24_RS00100		183
gene-HQ24_RS00290		129
gene-HQ24_RS00405		3
gene-HQ24_RS01025		36
gene-HQ24_RS01030		35
gene-HQ24_RS01045		14
gene-HQ24_RS01095		13
gene-HQ24_RS01100		62
gene-HQ24_RS01105		5
gene-HQ24_RS01110		43
gene-HQ24_RS01170		371
gene-HQ24_RS01200		289
gene-HQ24_RS01245		74
gene-HQ24_RS01275		332
gene-HQ24_RS01305		45
gene-HQ24_RS01310		233
gene-HQ24_RS01315		457
gene-HQ24_RS01335		518
gene-HQ24_RS01355		212
gene-HQ24_RS01360		233
gene-HQ24_RS01370		123
gene-HQ24_RS01415		203
gene-HQ24_RS01420		96
gene-HQ24_RS01435		40
gene-HQ24_RS01445		197
gene-HQ24_RS01460		15
gene-HQ24_RS01525		18
gene-HQ24_RS01540		2
gene-HQ24_RS01545		181
gene-HQ24_RS01555		398
gene-HQ24_RS01560		116
gene-HQ24_RS01605		108
gene-HQ24_RS01670		15
gene-HQ24_RS01690		135
gene-HQ24_RS01695		126
gene-HQ24_RS01850		91
gene-HQ24_RS01865		1074
gene-HQ24_RS01875		59
gene-HQ24_RS01910		323
gene-HQ24_RS01915		440
gene-HQ24_RS01925		1123
gene-HQ24_RS02030		409
gene-HQ24_RS02345		129
gene-HQ24_RS02570		70
gene-HQ24_RS02745		23
gene-HQ24_RS02755		35
gene-HQ24_RS02760		31
gene-HQ24_RS02765		5
gene-HQ24_RS02775		462
gene-HQ24_RS02780		16
gene-HQ24_RS02845		567
gene-HQ24_RS02850		214
gene-HQ24_RS02880		33
gene-HQ24_RS02905		358
gene-HQ24_RS03020		1090
gene-HQ24_RS03245		982
gene-HQ24_RS03400		604
gene-HQ24_RS03435		422
gene-HQ24_RS03440		118
gene-HQ24_RS03445		79
gene-HQ24_RS03450		351
gene-HQ24_RS03455		393
gene-HQ24_RS03460		168
gene-HQ24_RS03465		14
gene-HQ24_RS03555		96
gene-HQ24_RS03560		121
gene-HQ24_RS03565		4
gene-HQ24_RS03625		106
gene-HQ24_RS03630		433
gene-HQ24_RS03635		64
gene-HQ24_RS03645		81
gene-HQ24_RS03850		187
gene-HQ24_RS03855		289
gene-HQ24_RS03860		109
gene-HQ24_RS03865		119
gene-HQ24_RS03870		104
gene-HQ24_RS03875		76
gene-HQ24_RS03880		76
gene-HQ24_RS04370		162
gene-HQ24_RS04580		42
gene-HQ24_RS05035		18
gene-HQ24_RS05130		141
gene-HQ24_RS05275		11
gene-HQ24_RS05290		607
gene-HQ24_RS05340		450
gene-HQ24_RS05350		48
gene-HQ24_RS05355		456
gene-HQ24_RS05365		13
gene-HQ24_RS05510		28
gene-HQ24_RS05950		945
gene-HQ24_RS05960		60
gene-HQ24_RS05990		12
gene-HQ24_RS05995		39
gene-HQ24_RS06030		292
gene-HQ24_RS06115		286
gene-HQ24_RS06220		65
gene-HQ24_RS06225		61
gene-HQ24_RS06230		94
gene-HQ24_RS06305		104
gene-HQ24_RS06310		26
gene-HQ24_RS06350		114
gene-HQ24_RS06550		68
gene-HQ24_RS06610		228
gene-HQ24_RS06795		110
gene-HQ24_RS06840		24
gene-HQ24_RS06870		557
gene-HQ24_RS06950		5
gene-HQ24_RS06990		77
gene-HQ24_RS07010		619
gene-HQ24_RS07025		83
gene-HQ24_RS07030		93
gene-HQ24_RS07200		400
gene-HQ24_RS07205		1080
gene-HQ24_RS07215		186
gene-HQ24_RS07220		9589
gene-HQ24_RS07295		392
gene-HQ24_RS07300		224
gene-HQ24_RS07495		1012
gene-HQ24_RS07505		51
gene-HQ24_RS07510		86
gene-HQ24_RS07560		13
gene-HQ24_RS07745		167
gene-HQ24_RS07765		5829
gene-HQ24_RS07985		50
gene-HQ24_RS08035		303
gene-HQ24_RS08040		302
gene-HQ24_RS08065		21
gene-HQ24_RS08085		60
gene-HQ24_RS08110		499
gene-HQ24_RS08210		6
gene-HQ24_RS08565		2
gene-HQ24_RS08570		215
gene-HQ24_RS08855		10
gene-HQ24_RS08900		89
gene-HQ24_RS09205		73
gene-HQ24_RS09770		568
gene-HQ24_RS09845		316
gene-HQ24_RS09850		101
gene-HQ24_RS09855		65
gene-HQ24_RS09975		16
gene-HQ24_RS10175		7
gene-HQ24_RS10185		11
gene-HQ24_RS10195		188
gene-HQ24_RS10215		51
gene-HQ24_RS10225		60
gene-HQ24_RS10240		7
gene-HQ24_RS10270		724
gene-HQ24_RS10280		1079
gene-HQ24_RS10290		92
gene-HQ24_RS10295		379
gene-HQ24_RS10305		182
gene-HQ24_RS10340		28
gene-HQ24_RS10460		563
gene-HQ24_RS10735		95
gene-HQ24_RS10745		139
gene-HQ24_RS10755		430
gene-HQ24_RS10760		150
gene-HQ24_RS10770		1215
gene-HQ24_RS10900		217
gene-HQ24_RS10905		31
gene-HQ24_RS11280		17
gene-HQ24_RS11290		586
gene-HQ24_RS11490		1099
gene-HQ24_RS11545		14
gene-HQ24_RS11580		72
gene-HQ24_RS11730		60
gene-HQ24_RS11735		40
gene-HQ24_RS12090		50
gene-HQ24_RS12105		12
gene-HQ24_RS12135		33
gene-HQ24_RS12140		371
gene-HQ24_RS12150		27
gene-HQ24_RS12170		7
gene-HQ24_RS12185		5
gene-HQ24_RS12190		2
gene-HQ24_RS12355		1114
gene-HQ24_RS12365		47
gene-HQ24_RS12370		17
gene-HQ24_RS12390		45
gene-HQ24_RS12395		559
gene-HQ24_RS12400		41
gene-HQ24_RS12405		7
gene-HQ24_RS12415		16
gene-HQ24_RS12430		354
gene-HQ24_RS12610		38
gene-HQ24_RS12615		22
gene-HQ24_RS12620		19
gene-HQ24_RS12625		40
gene-HQ24_RS12630		108
gene-HQ24_RS12635		4
gene-HQ24_RS12640		47
gene-HQ24_RS12645		152
gene-HQ24_RS13400		728
gene-HQ24_RS13555		52
gene-HQ24_RS13615		3
gene-HQ24_RS13620		17
gene-HQ24_RS13625		70
gene-HQ24_RS13635		414
gene-HQ24_RS13640		48
gene-HQ24_RS13695		1
gene-HQ24_RS13820		867
gene-HQ24_RS13875		153
gene-HQ24_RS13880		178
gene-HQ24_RS13885		300
gene-HQ24_RS13890		241
gene-HQ24_RS13895		161
gene-HQ24_RS14315		0
gene-HQ24_RS14355		1083
gene-HQ24_RS14520		116
gene-HQ24_RS14525		193
gene-HQ24_RS14530		118
gene-HQ24_RS14700		6
gene-HQ24_RS14705		11
gene-HQ24_RS14710		8
gene-HQ24_RS14725		16
gene-HQ24_RS14730		8
gene-HQ24_RS14735		30
gene-HQ24_RS14760		1115
gene-HQ24_RS14780		50
gene-HQ24_RS14800		2587
gene-HQ24_RS14810		335
gene-HQ24_RS14815		1406
gene-HQ24_RS14820		1085
gene-HQ24_RS14835		226
gene-HQ24_RS14840		173
gene-HQ24_RS14845		866
gene-HQ24_RS14850		1040
gene-HQ24_RS14870		3708
gene-HQ24_RS14885		3248
gene-HQ24_RS14900		556
gene-HQ24_RS14905		7
gene-HQ24_RS14910		240
gene-HQ24_RS14920		67
gene-HQ24_RS14925		50
gene-HQ24_RS14930		26
gene-HQ24_RS14940		34
gene-HQ24_RS14945		12
gene-HQ24_RS14950		248
gene-HQ24_RS14960		136
gene-HQ24_RS14970		1274
gene-HQ24_RS14985		37
gene-HQ24_RS14990		38
gene-HQ24_RS14995		62
gene-HQ24_RS15000		15
gene-HQ24_RS15035		1172
gene-HQ24_RS15040		185
gene-HQ24_RS15045		31
gene-HQ24_RS15080		694
gene-HQ24_RS15095		127
gene-HQ24_RS15110		17
gene-HQ24_RS15130		65
gene-HQ24_RS15135		627
gene-HQ24_RS15150		932
gene-HQ24_RS15180		263
gene-HQ24_RS15190		390
gene-HQ24_RS15195		23
gene-HQ24_RS15200		614
gene-HQ24_RS15205		8544
gene-HQ24_RS15225		157
gene-HQ24_RS15230		49
gene-HQ24_RS15235		1936
gene-HQ24_RS15240		7
gene-HQ24_RS15245		6
gene-HQ24_RS15250		8
gene-HQ24_RS15255		8
gene-HQ24_RS15265		3
gene-HQ24_RS15275		527
gene-HQ24_RS15300		1185
gene-HQ24_RS15315		858
gene-HQ24_RS15320		79
gene-HQ24_RS15445		4
gene-HQ24_RS15575		56
gene-HQ24_RS15835		11
gene-HQ24_RS15915		576
gene-HQ24_RS15925		103
gene-HQ24_RS16005		1151
gene-HQ24_RS16230		1100
gene-HQ24_RS16235		506
gene-HQ24_RS16365		8
gene-HQ24_RS16560		45
gene-HQ24_RS16615		18
gene-HQ24_RS16675		42
gene-HQ24_RS16680		87
gene-HQ24_RS16865		125
gene-HQ24_RS16880		54
gene-HQ24_RS17095		59
gene-HQ24_RS17105		648
gene-HQ24_RS17110		4
gene-HQ24_RS17365		6
gene-HQ24_RS17375		208
gene-HQ24_RS17400		14
gene-HQ24_RS17415		53
gene-HQ24_RS17420		35
gene-HQ24_RS17955		60
gene-HQ24_RS18155		1202
gene-HQ24_RS18175		75
gene-HQ24_RS18250		14
gene-HQ24_RS18255		163
gene-HQ24_RS18460		13
gene-HQ24_RS18490		56
gene-HQ24_RS18580		15
gene-HQ24_RS18585		570
gene-HQ24_RS18590		0
gene-HQ24_RS18630		15
gene-HQ24_RS18820		33
gene-HQ24_RS18920		33
gene-HQ24_RS19090		379
gene-HQ24_RS19130		76
gene-HQ24_RS19415		44
gene-HQ24_RS19445		155
gene-HQ24_RS19540		138
gene-HQ24_RS19560		75
gene-HQ24_RS19570		32
gene-HQ24_RS19635		1099
gene-HQ24_RS19950		59
gene-HQ24_RS19965		5
gene-HQ24_RS19970		136
gene-HQ24_RS20140		121
gene-HQ24_RS20145		96
gene-HQ24_RS20150		118
gene-HQ24_RS20155		6
gene-HQ24_RS20250		10
gene-HQ24_RS20410		40
gene-HQ24_RS20415		56
gene-HQ24_RS20610		148
gene-HQ24_RS21030		623
gene-HQ24_RS21065		13
gene-HQ24_RS21070		283
gene-HQ24_RS21075		169
gene-HQ24_RS21080		339
gene-HQ24_RS21230		44
gene-HQ24_RS21245		106
gene-HQ24_RS21405		42
gene-HQ24_RS21455		53
gene-HQ24_RS21915		178
gene-HQ24_RS22040		330
gene-HQ24_RS22070		171
gene-HQ24_RS22075		183
gene-HQ24_RS22080		120
gene-HQ24_RS22285		96
gene-HQ24_RS22335		100
gene-HQ24_RS22515		59
gene-HQ24_RS22600		10
gene-HQ24_RS22605		863
gene-HQ24_RS22615		1094
gene-HQ24_RS22660		99
gene-HQ24_RS22670		364
gene-HQ24_RS22675		199
gene-HQ24_RS22680		8
gene-HQ24_RS22685		188
gene-HQ24_RS22820		12
gene-HQ24_RS22985		46
gene-HQ24_RS23050		2336
gene-HQ24_RS23180		45
gene-HQ24_RS23185		29
gene-HQ24_RS23190		37
gene-HQ24_RS23365		11
gene-HQ24_RS23475		456
gene-HQ24_RS23555		41
gene-HQ24_RS23720		26
gene-HQ24_RS23725		14
gene-HQ24_RS23800		26
gene-HQ24_RS24085		12
gene-HQ24_RS24280		20
gene-HQ24_RS24295		37
gene-HQ24_RS24455		168
gene-HQ24_RS24465		171
gene-HQ24_RS24515		127
gene-HQ24_RS24640		13
gene-HQ24_RS24650		41
gene-HQ24_RS24660		33
gene-HQ24_RS24710		29
gene-HQ24_RS24785		25
gene-HQ24_RS25375		49
gene-HQ24_RS25510		19
gene-HQ24_RS25520		27
gene-HQ24_RS25595		14
gene-HQ24_RS25610		112
gene-HQ24_RS25795		4
gene-HQ24_RS25805		2
gene-HQ24_RS25810		6
gene-HQ24_RS25825		375
gene-HQ24_RS25840		1107
gene-HQ24_RS25885		549
gene-HQ24_RS25910		218
gene-HQ24_RS25940		80
gene-HQ24_RS25950		699
gene-HQ24_RS25955		118
gene-HQ24_RS25980		9
gene-HQ24_RS25985		0
gene-HQ24_RS25990		0
gene-HQ24_RS26000		9
gene-HQ24_RS26005		30
gene-HQ24_RS26010		4
gene-HQ24_RS26015		17
gene-HQ24_RS26025		42
gene-HQ24_RS26030		8
gene-HQ24_RS26045		26
gene-HQ24_RS26060		3
gene-HQ24_RS26070		100
gene-HQ24_RS26080		833
gene-HQ24_RS26105		17
gene-HQ24_RS26110		4
gene-HQ24_RS26125		4
gene-HQ24_RS26130		38
gene-HQ24_RS26135		177
gene-HQ24_RS26145		358
gene-HQ24_RS26150		0
gene-HQ24_RS26170		9
gene-HQ24_RS26175		5
gene-HQ24_RS26180		381
gene-HQ24_RS26185		20
gene-HQ24_RS26190		92
gene-HQ24_RS26200		178
gene-HQ24_RS26215		7
gene-HQ24_RS26240		2
gene-HQ24_RS26245		445
gene-HQ24_RS26275		101
gene-HQ24_RS26310		20
gene-HQ24_RS26335		69
gene-HQ24_RS26340		3
gene-HQ24_RS26345		3
gene-HQ24_RS26350		1
gene-HQ24_RS26360		9
gene-HQ24_RS26365		17
gene-HQ24_RS26380		30
gene-HQ24_RS26390		78
gene-HQ24_RS26410		82
gene-HQ24_RS26425		196
gene-HQ24_RS26430		47
gene-HQ24_RS26445		75
gene-HQ24_RS26460		37
gene-HQ24_RS26465		8
gene-HQ24_RS26470		3
gene-HQ24_RS26495		53
gene-HQ24_RS26505		26
gene-HQ24_RS26510		39
gene-HQ24_RS26525		10
gene-HQ24_RS26540		33
gene-HQ24_RS26550		7
gene-HQ24_RS26560		14
gene-HQ24_RS26580		31
gene-HQ24_RS26585		3
gene-HQ24_RS26590		14
gene-HQ24_RS26595		11
gene-HQ24_RS26600		6
gene-HQ24_RS26605		2
gene-HQ24_RS26610		886
gene-HQ24_RS26615		23
gene-HQ24_RS26620		99
gene-HQ24_RS26625		100
gene-HQ24_RS26630		10
gene-HQ24_RS26635		1455
gene-HQ24_RS26640		383
gene-HQ24_RS26645		7
gene-HQ24_RS26650		5
gene-HQ24_RS26655		31
gene-HQ24_RS26660		103
gene-HQ24_RS26665		2
gene-HQ24_RS26670		102
gene-HQ24_RS26675		98
gene-HQ24_RS26695		0
gene-HQ24_RS26705		9
gene-HQ24_RS26710		16
gene-HQ24_RS26715		1
gene-HQ24_RS26720		61
gene-HQ24_RS26725		128
gene-HQ24_RS26730		11
gene-HQ24_RS26735		1
gene-HQ24_RS26770		33
gene-HQ24_RS26780		49
gene-HQ24_RS26785		6
gene-HQ24_RS26800		18
gene-HQ24_RS26810		172
gene-HQ24_RS26815		13
gene-HQ24_RS26820		54
gene-HQ24_RS26825		67
gene-HQ24_RS26830		30
gene-HQ24_RS26840		48
gene-HQ24_RS26845		20
gene-HQ24_RS26850		1537
gene-HQ24_RS26855		25
gene-HQ24_RS26860		1081
gene-HQ24_RS26875		50
gene-HQ24_RS26885		1
gene-HQ24_RS26890		2
gene-HQ24_RS26900		44
gene-HQ24_RS26905		26
gene-HQ24_RS26915		8
gene-HQ24_RS26925		101
gene-HQ24_RS26930		3
gene-HQ24_RS26940		0
gene-HQ24_RS26950		16
gene-HQ24_RS26955		16
gene-YFP		10567
gene-aaeA	aaeA	409
gene-aaeB	aaeB	1236
gene-aaeR	aaeR	1129
gene-aaeX	aaeX	111
gene-aas	aas	1668
gene-aat	aat	374
gene-abgR	abgR	445
gene-abpA	abpA	685
gene-abpB	abpB	529
gene-abrB	abrB	98
gene-accA	accA	2735
gene-accB	accB	629
gene-accC	accC	1503
gene-accD	accD	4318
gene-aceA	aceA	1858
gene-aceB	aceB	2624
gene-aceE	aceE	743
gene-aceF	aceF	788
gene-aceK	aceK	485
gene-ackA	ackA	2080
gene-acnA	acnA	4797
gene-acnB	acnB	16506
gene-acpH	acpH	638
gene-acpP	acpP	3368
gene-acpS	acpS	176
gene-acpT	acpT	421
gene-acrA	acrA	2658
gene-acrB	acrB	8025
gene-acrD	acrD	2066
gene-acrE	acrE	72
gene-acrF	acrF	671
gene-acrR	acrR	100
gene-acrS	acrS	18
gene-acrZ	acrZ	89
gene-acs	acs	671
gene-actP	actP	235
gene-actS	actS	580
gene-ada	ada	1849
gene-add	add	788
gene-adeD	adeD	687
gene-adeP	adeP	828
gene-adeQ	adeQ	425
gene-adhE	adhE	2625
gene-adhP	adhP	3111
gene-adiA	adiA	124
gene-adiC	adiC	282
gene-adiY	adiY	103
gene-adk	adk	947
gene-adrA	adrA	362
gene-aegA	aegA	442
gene-aer	aer	4905
gene-aes	aes	424
gene-agaB	agaB	24
gene-agaC	agaC	68
gene-agaD	agaD	69
gene-agaI	agaI	54
gene-agaR	agaR	882
gene-agaS	agaS	159
gene-agaV	agaV	36
gene-agn43	agn43	565
gene-agp	agp	660
gene-ahpC	ahpC	1221
gene-ahpF	ahpF	2104
gene-ahr	ahr	1502
gene-aidB	aidB	1353
gene-ais	ais	166
gene-alaA	alaA	2410
gene-alaC	alaC	3318
gene-alaE	alaE	64
gene-alaS	alaS	9777
gene-aldA	aldA	320
gene-aldB	aldB	447
gene-alkA	alkA	282
gene-alkB	alkB	321
gene-allA	allA	75
gene-allB	allB	376
gene-allC	allC	114
gene-allD	allD	39
gene-allE	allE	104
gene-allR	allR	2605
gene-allS	allS	30
gene-alpA	alpA	12
gene-alr	alr	1089
gene-alsA	alsA	201
gene-alsB	alsB	178
gene-alsC	alsC	77
gene-alsE	alsE	52
gene-alsK	alsK	159
gene-alsR	alsR	132
gene-alx	alx	1923
gene-amiA	amiA	2161
gene-amiB	amiB	3148
gene-amiC	amiC	4573
gene-amiD	amiD	1307
gene-amn	amn	234
gene-ampC	ampC	246
gene-ampD	ampD	120
gene-ampE	ampE	304
gene-ampG	ampG	318
gene-ampH	ampH	477
gene-amtB	amtB	546
gene-amyA	amyA	3031
gene-anmK	anmK	772
gene-ansA	ansA	553
gene-ansB	ansB	1264
gene-ansP	ansP	931
gene-apaG	apaG	508
gene-apaH	apaH	863
gene-apbC	apbC	1002
gene-apbE	apbE	1249
gene-aphA	aphA	210
gene-appA	appA	276
gene-appB	appB	149
gene-appC	appC	226
gene-appY	appY	67
gene-apt	apt	882
gene-aqpZ	aqpZ	747
gene-araA	araA	171
gene-araB	araB	164
gene-araC	araC	563
gene-araD	araD	165
gene-araE	araE	1261
gene-araF	araF	344
gene-araG	araG	446
gene-araH	araH	476
gene-araJ	araJ	282
gene-arcA	arcA	8365
gene-arcB	arcB	934
gene-arcC	arcC	182
gene-arfA	arfA	253
gene-arfB	arfB	375
gene-argA	argA	538
gene-argB	argB	430
gene-argC	argC	136
gene-argD	argD	1336
gene-argE	argE	539
gene-argF	argF	521
gene-argG	argG	1769
gene-argH	argH	1858
gene-argL	argL	1
gene-argO	argO	1726
gene-argP	argP	385
gene-argR	argR	738
gene-argS	argS	1559
gene-argT	argT	1374
gene-ariR	ariR	1261
gene-arnA	arnA	682
gene-arnB	arnB	1957
gene-arnC	arnC	405
gene-arnD	arnD	417
gene-arnE	arnE	70
gene-arnF	arnF	111
gene-arnT	arnT	425
gene-aroA	aroA	400
gene-aroB	aroB	2967
gene-aroC	aroC	964
gene-aroD	aroD	385
gene-aroE	aroE	1545
gene-aroF	aroF	2986
gene-aroG	aroG	2373
gene-aroH	aroH	771
gene-aroK	aroK	1513
gene-aroL	aroL	391
gene-aroM	aroM	601
gene-aroP	aroP	1280
gene-arsB	arsB	364
gene-arsC	arsC	252
gene-arsR	arsR	92
gene-artJ	artJ	1353
gene-artM	artM	1410
gene-artP	artP	1279
gene-artQ	artQ	1263
gene-ascB	ascB	616
gene-ascF	ascF	554
gene-ascG	ascG	437
gene-asd	asd	1642
gene-aslA	aslA	544
gene-aslB	aslB	472
gene-asmA	asmA	1688
gene-asnA	asnA	435
gene-asnB	asnB	526
gene-asnC	asnC	189
gene-asnS	asnS	3730
gene-aspA	aspA	484
gene-aspC	aspC	978
gene-aspS	aspS	2710
gene-asr	asr	26
gene-astA	astA	1614
gene-astB	astB	897
gene-astC	astC	2784
gene-astD	astD	1515
gene-astE	astE	345
gene-atoA	atoA	12
gene-atoB	atoB	107
gene-atoC	atoC	81
gene-atoD	atoD	6
gene-atoE	atoE	49
gene-atoS	atoS	76
gene-atpA	atpA	3701
gene-atpB	atpB	1711
gene-atpC	atpC	1254
gene-atpD	atpD	2763
gene-atpE	atpE	506
gene-atpF	atpF	1368
gene-atpG	atpG	1308
gene-atpH	atpH	955
gene-atpI	atpI	495
gene-avtA	avtA	1621
gene-azoR	azoR	96
gene-azuC	azuC	90
gene-bacA	bacA	621
gene-baeR	baeR	341
gene-baeS	baeS	195
gene-bamA	bamA	6375
gene-bamB	bamB	5968
gene-bamC	bamC	3802
gene-bamD	bamD	1170
gene-bamE	bamE	3841
gene-barA	barA	331
gene-basR	basR	468
gene-bax	bax	734
gene-bcp	bcp	578
gene-bcr	bcr	2163
gene-bcsA	bcsA	2517
gene-bcsB	bcsB	1440
gene-bcsC	bcsC	2623
gene-bcsE	bcsE	2079
gene-bcsF	bcsF	48
gene-bcsG	bcsG	356
gene-bcsQ	bcsQ	591
gene-bcsR	bcsR	310
gene-bcsZ	bcsZ	417
gene-bdcA	bdcA	100
gene-bdcR	bdcR	139
gene-bdm	bdm	38
gene-bepA	bepA	961
gene-betA	betA	1903
gene-betB	betB	5662
gene-betI	betI	2479
gene-betT	betT	2962
gene-bfd	bfd	280
gene-bfr	bfr	2032
gene-bglA	bglA	892
gene-bglB	bglB	43
gene-bglF	bglF	88
gene-bglG	bglG	38
gene-bglH	bglH	223
gene-bglJ	bglJ	219
gene-bglX	bglX	1775
gene-bhsA	bhsA	2208
gene-bioA	bioA	651
gene-bioB	bioB	4280
gene-bioC	bioC	1885
gene-bioD	bioD	930
gene-bioF	bioF	4879
gene-bioH	bioH	408
gene-bioP	bioP	668
gene-birA	birA	450
gene-bisC	bisC	1418
gene-blc	blc	1414
gene-blr	blr	165
gene-bluF	bluF	620
gene-bluR	bluR	1916
gene-bolA	bolA	707
gene-bor	bor	106
gene-brnQ	brnQ	3241
gene-bsmA	bsmA	709
gene-bssR	bssR	1385
gene-bssS	bssS	2696
gene-btsR	btsR	235
gene-btsS	btsS	449
gene-btsT	btsT	240
gene-btuB	btuB	499
gene-btuC	btuC	1825
gene-btuD	btuD	2139
gene-btuE	btuE	1036
gene-btuF	btuF	93
gene-cadA	cadA	178
gene-cadB	cadB	149
gene-cadC	cadC	119
gene-caiA	caiA	193
gene-caiB	caiB	215
gene-caiC	caiC	147
gene-caiD	caiD	64
gene-caiE	caiE	54
gene-caiF	caiF	123
gene-caiT	caiT	124
gene-camR		654
gene-can	can	657
gene-carA	carA	60
gene-carB	carB	314
gene-cas1e	cas1e	621
gene-cas2e	cas2e	61
gene-cas3	cas3	597
gene-cas5e	cas5e	223
gene-cas6e	cas6e	372
gene-cas7e	cas7e	669
gene-casA	casA	468
gene-casB	casB	178
gene-cbdX	cbdX	3
gene-cbl	cbl	799
gene-cbpA	cbpA	1218
gene-cbpM	cbpM	331
gene-cbrA	cbrA	302
gene-cbrB	cbrB	94
gene-cbrC	cbrC	142
gene-cbtA	cbtA	18
gene-cca	cca	3523
gene-ccdA	ccdA	551
gene-ccdB	ccdB	1119
gene-ccmA	ccmA	187
gene-ccmB	ccmB	112
gene-ccmC	ccmC	170
gene-ccmD	ccmD	18
gene-ccmE	ccmE	48
gene-ccmF	ccmF	410
gene-ccmH	ccmH	377
gene-ccp	ccp	360
gene-cdaR	cdaR	895
gene-cdd	cdd	1262
gene-cdgI	cdgI	223
gene-cdh	cdh	337
gene-cdsA	cdsA	1577
gene-cecR	cecR	1143
gene-cedA	cedA	129
gene-celF	celF	598
gene-cfa	cfa	8595
gene-cgtA	cgtA	4652
gene-chaA	chaA	1109
gene-chaB	chaB	561
gene-chaC	chaC	2272
gene-chbA	chbA	102
gene-chbB	chbB	403
gene-chbC	chbC	1173
gene-chbG	chbG	810
gene-chbR	chbR	460
gene-cheA	cheA	21160
gene-cheB	cheB	3100
gene-cheR	cheR	2867
gene-cheW	cheW	3392
gene-cheY	cheY	383
gene-cheZ	cheZ	1503
gene-chiA	chiA	1641
gene-chiP	chiP	103
gene-chiQ	chiQ	21
gene-cho	cho	1413
gene-chpB	chpB	630
gene-chpS	chpS	62
gene-cirA	cirA	7703
gene-citC	citC	4
gene-citD	citD	0
gene-citE	citE	4
gene-citF	citF	50
gene-citG	citG	5
gene-citT	citT	55
gene-citX	citX	18
gene-clcA	clcA	2848
gene-clcB	clcB	310
gene-clpA	clpA	7690
gene-clpB	clpB	10189
gene-clpP	clpP	3955
gene-clpS	clpS	113
gene-clpX	clpX	11065
gene-cls	cls	2014
gene-clsB	clsB	1104
gene-clsC	clsC	569
gene-cmk	cmk	1735
gene-cmoA	cmoA	636
gene-cmoB	cmoB	807
gene-cmoM	cmoM	493
gene-cmtA	cmtA	210
gene-cmtB	cmtB	13
gene-cnoX	cnoX	1092
gene-coaA	coaA	228
gene-coaBC	coaBC	276
gene-coaD	coaD	775
gene-coaE	coaE	256
gene-cobB	cobB	334
gene-cobC	cobC	214
gene-cobO	cobO	160
gene-cobS	cobS	1183
gene-cobT	cobT	1569
gene-cobU	cobU	393
gene-codA	codA	152
gene-codB	codB	52
gene-cof	cof	476
gene-comR	comR	436
gene-copA	copA	1428
gene-copD	copD	3582
gene-corA	corA	1594
gene-corC	corC	2674
gene-cpdA	cpdA	1286
gene-cpdB	cpdB	409
gene-cpoB	cpoB	2034
gene-cpsB	cpsB	133
gene-cpsG	cpsG	146
gene-cpxA	cpxA	2605
gene-cpxP	cpxP	2757
gene-cpxR	cpxR	1259
gene-cra	cra	984
gene-crcB	crcB	142
gene-creA	creA	442
gene-creB	creB	838
gene-creC	creC	709
gene-creD	creD	335
gene-crfC	crfC	1168
gene-crl	crl	436
gene-crp	crp	2599
gene-crr	crr	6218
gene-csdA	csdA	2233
gene-csdE	csdE	657
gene-csgA	csgA	93
gene-csgB	csgB	33
gene-csgC	csgC	22
gene-csgD	csgD	340
gene-csgE	csgE	153
gene-csgF	csgF	150
gene-csgG	csgG	370
gene-csiD	csiD	747
gene-csiE	csiE	876
gene-csiR	csiR	299
gene-cspA	cspA	18732
gene-cspB	cspB	2199
gene-cspD	cspD	482
gene-cspE	cspE	2806
gene-cspF	cspF	141
gene-cspG	cspG	823
gene-cspH	cspH	13
gene-cspI	cspI	236
gene-csqR	csqR	523
gene-csrA	csrA	1382
gene-csrD	csrD	3064
gene-cstA	cstA	4021
gene-cueO	cueO	1934
gene-cueR	cueR	179
gene-curA	curA	1057
gene-cusA	cusA	1048
gene-cusB	cusB	175
gene-cusC	cusC	62
gene-cusF	cusF	15
gene-cusR	cusR	266
gene-cusS	cusS	118
gene-cutA	cutA	66
gene-cutC	cutC	746
gene-cvpA	cvpA	443
gene-cvrA	cvrA	1038
gene-cyaA	cyaA	5485
gene-cyaY	cyaY	91
gene-cybB	cybB	718
gene-cybC	cybC	244
gene-cycA	cycA	3423
gene-cydA	cydA	2773
gene-cydB	cydB	2246
gene-cydC	cydC	204
gene-cydD	cydD	335
gene-cydX	cydX	84
gene-cynR	cynR	361
gene-cynS	cynS	50
gene-cynT	cynT	70
gene-cynX	cynX	179
gene-cyoA	cyoA	1316
gene-cyoB	cyoB	1695
gene-cyoC	cyoC	303
gene-cyoD	cyoD	175
gene-cyoE	cyoE	730
gene-cysA	cysA	10973
gene-cysB	cysB	2065
gene-cysC	cysC	1008
gene-cysD	cysD	3650
gene-cysE	cysE	1843
gene-cysG	cysG	668
gene-cysH	cysH	668
gene-cysI	cysI	1956
gene-cysJ	cysJ	3266
gene-cysK	cysK	15899
gene-cysM	cysM	2035
gene-cysN	cysN	8063
gene-cysP	cysP	6977
gene-cysQ	cysQ	1091
gene-cysS	cysS	701
gene-cysT	cysT	5847
gene-cysW	cysW	7712
gene-cysZ	cysZ	165
gene-cytR	cytR	548
gene-cyuA	cyuA	359
gene-cyuP	cyuP	145
gene-dacA	dacA	540
gene-dacB	dacB	421
gene-dacC	dacC	4270
gene-dacD	dacD	645
gene-dadA	dadA	2121
gene-dadX	dadX	919
gene-dam	dam	916
gene-damX	damX	4919
gene-dapA	dapA	2211
gene-dapB	dapB	356
gene-dapD	dapD	1011
gene-dapE	dapE	1458
gene-dapF	dapF	796
gene-dauA	dauA	1542
gene-dbpA	dbpA	1197
gene-dcd	dcd	1192
gene-dcm	dcm	2538
gene-dcp	dcp	1098
gene-dcrB	dcrB	1416
gene-dctA	dctA	1072
gene-dctR	dctR	44
gene-dcuA	dcuA	2209
gene-dcuB	dcuB	129
gene-dcuC	dcuC	476
gene-dcuR	dcuR	45
gene-dcuS	dcuS	155
gene-dcyD	dcyD	1757
gene-ddlA	ddlA	588
gene-ddlB	ddlB	897
gene-ddpA	ddpA	140
gene-ddpB	ddpB	106
gene-ddpC	ddpC	158
gene-ddpD	ddpD	128
gene-ddpF	ddpF	126
gene-ddpX	ddpX	71
gene-deaD	deaD	20105
gene-decR	decR	192
gene-dedA	dedA	1558
gene-dedD	dedD	1584
gene-def	def	1191
gene-degP	degP	6621
gene-degQ	degQ	956
gene-degS	degS	510
gene-deoA	deoA	982
gene-deoB	deoB	3520
gene-deoC	deoC	375
gene-deoD	deoD	1045
gene-deoR	deoR	512
gene-der	der	6346
gene-dgcE	dgcE	2050
gene-dgcF	dgcF	658
gene-dgcI	dgcI	227
gene-dgcJ	dgcJ	1011
gene-dgcM	dgcM	636
gene-dgcN	dgcN	432
gene-dgcP	dgcP	411
gene-dgcT	dgcT	392
gene-dgcZ	dgcZ	1051
gene-dgkA	dgkA	407
gene-dgoA	dgoA	327
gene-dgoD	dgoD	329
gene-dgoK	dgoK	977
gene-dgoR	dgoR	1309
gene-dgoT	dgoT	379
gene-dgt	dgt	470
gene-dhaK	dhaK	149
gene-dhaL	dhaL	134
gene-dhaM	dhaM	227
gene-dhaR	dhaR	5475
gene-diaA	diaA	320
gene-dicA	dicA	68
gene-dicB	dicB	3
gene-dicC	dicC	2
gene-digH	digH	238
gene-dinB	dinB	1987
gene-dinD	dinD	160
gene-dinF	dinF	3282
gene-dinG	dinG	1491
gene-dinI	dinI	939
gene-dinJ	dinJ	311
gene-dinQ	dinQ	2542
gene-djlA	djlA	242
gene-djlB	djlB	92
gene-djlC	djlC	466
gene-dkgA	dkgA	299
gene-dkgB	dkgB	130
gene-dksA	dksA	3144
gene-dld	dld	1454
gene-dmlA	dmlA	94
gene-dmlR	dmlR	556
gene-dmpG	dmpG	141
gene-dmsA	dmsA	542
gene-dmsB	dmsB	264
gene-dmsC	dmsC	319
gene-dmsD	dmsD	198
gene-dnaA	dnaA	2961
gene-dnaB	dnaB	1217
gene-dnaC	dnaC	298
gene-dnaE	dnaE	3104
gene-dnaG	dnaG	3271
gene-dnaJ	dnaJ	3830
gene-dnaK	dnaK	10197
gene-dnaN	dnaN	2678
gene-dnaQ	dnaQ	542
gene-dnaT	dnaT	256
gene-dnaX	dnaX	1258
gene-dosC	dosC	1216
gene-dosP	dosP	650
gene-dpaA	dpaA	2657
gene-dpaL	dpaL	59
gene-dpiA	dpiA	206
gene-dpiB	dpiB	389
gene-dppA	dppA	3436
gene-dppB	dppB	745
gene-dppC	dppC	624
gene-dppD	dppD	533
gene-dppF	dppF	442
gene-dprA	dprA	387
gene-dps	dps	2007
gene-drpB	drpB	1232
gene-dsbA	dsbA	717
gene-dsbB	dsbB	351
gene-dsbC	dsbC	657
gene-dsbD	dsbD	313
gene-dsbE	dsbE	165
gene-dsbG	dsbG	195
gene-dsdA	dsdA	326
gene-dsdC	dsdC	197
gene-dsdX	dsdX	130
gene-dsrB	dsrB	79
gene-dtd	dtd	321
gene-dtpA	dtpA	2478
gene-dtpB	dtpB	960
gene-dtpC	dtpC	150
gene-dtpD	dtpD	523
gene-dusA	dusA	607
gene-dusB	dusB	5147
gene-dusC	dusC	406
gene-dut	dut	224
gene-dxs	dxs	956
gene-eamA	eamA	639
gene-eamB	eamB	176
gene-ebgA	ebgA	282
gene-ebgC	ebgC	25
gene-ebgR	ebgR	200
gene-ecnA	ecnA	149
gene-ecnB	ecnB	116
gene-eco	eco	147
gene-ecpA	ecpA	379
gene-ecpB	ecpB	231
gene-ecpC	ecpC	480
gene-ecpD	ecpD	162
gene-ecpE	ecpE	79
gene-ecpR	ecpR	108
gene-edd	edd	313
gene-efeB	efeB	359
gene-efeO	efeO	486
gene-efp	efp	761
gene-elaA	elaA	139
gene-elaB	elaB	3484
gene-elaD	elaD	36
gene-elbB	elbB	186
gene-elfA	elfA	55
gene-elfC	elfC	224
gene-elfD	elfD	39
gene-elfG	elfG	198
gene-elyC	elyC	174
gene-emrA	emrA	531
gene-emrB	emrB	978
gene-emrD	emrD	1617
gene-emrE	emrE	143
gene-emrK	emrK	226
gene-emrR	emrR	320
gene-emrY	emrY	391
gene-emtA	emtA	717
gene-endA	endA	311
gene-eno	eno	6951
gene-entA	entA	521
gene-entB	entB	428
gene-entC	entC	2594
gene-entD	entD	798
gene-entE	entE	1133
gene-entF	entF	2212
gene-entH	entH	129
gene-entS	entS	1987
gene-envC	envC	445
gene-envY	envY	17
gene-envZ	envZ	1471
gene-epd	epd	1533
gene-epmA	epmA	703
gene-epmB	epmB	667
gene-epmC	epmC	207
gene-eptA	eptA	123
gene-eptB	eptB	401
gene-eptC	eptC	709
gene-era	era	2452
gene-erpA	erpA	845
gene-espL1	espL1	95
gene-espL4	espL4	23
gene-espX5	espX5	24
gene-essD	essD	71
gene-etk	etk	1092
gene-etp	etp	71
gene-ettA	ettA	3954
gene-eutA	eutA	368
gene-eutB	eutB	216
gene-eutC	eutC	230
gene-eutE	eutE	53
gene-eutG	eutG	110
gene-eutH	eutH	329
gene-eutJ	eutJ	38
gene-eutK	eutK	162
gene-eutL	eutL	186
gene-eutM	eutM	17
gene-eutN	eutN	12
gene-eutP	eutP	19
gene-eutQ	eutQ	39
gene-eutR	eutR	143
gene-eutS	eutS	15
gene-eutT	eutT	74
gene-evgA	evgA	404
gene-evgS	evgS	692
gene-exbB	exbB	1074
gene-exbD	exbD	1112
gene-exoX	exoX	927
gene-exuR	exuR	2004
gene-exuT	exuT	1194
gene-fabA	fabA	2480
gene-fabB	fabB	11079
gene-fabD	fabD	1682
gene-fabF	fabF	21088
gene-fabG	fabG	2143
gene-fabH	fabH	1717
gene-fabI	fabI	1982
gene-fabR	fabR	592
gene-fabY	fabY	676
gene-fabZ	fabZ	720
gene-fadA	fadA	406
gene-fadB	fadB	413
gene-fadD	fadD	1508
gene-fadE	fadE	4628
gene-fadH	fadH	274
gene-fadI	fadI	1227
gene-fadJ	fadJ	1813
gene-fadK	fadK	100
gene-fadL	fadL	1994
gene-fadM	fadM	374
gene-fadR	fadR	949
gene-fau	fau	1406
gene-fbaA	fbaA	1783
gene-fbaB	fbaB	4079
gene-fbp	fbp	871
gene-fbpC	fbpC	511
gene-fcl	fcl	203
gene-fdhD	fdhD	457
gene-fdhE	fdhE	855
gene-fdhF	fdhF	680
gene-fdnG	fdnG	8078
gene-fdnH	fdnH	323
gene-fdnI	fdnI	210
gene-fdoH	fdoH	1564
gene-fdoI	fdoI	794
gene-fdrA	fdrA	354
gene-fdx	fdx	746
gene-feaB	feaB	1227
gene-feaR	feaR	86
gene-fecA	fecA	1054
gene-fecB	fecB	216
gene-fecC	fecC	177
gene-fecD	fecD	150
gene-fecE	fecE	73
gene-fecI	fecI	917
gene-fecR	fecR	1306
gene-feoA	feoA	282
gene-feoB	feoB	2726
gene-feoC	feoC	276
gene-fepA	fepA	7093
gene-fepB	fepB	862
gene-fepC	fepC	290
gene-fepD	fepD	827
gene-fepG	fepG	538
gene-fes	fes	903
gene-fetA	fetA	55
gene-fetB	fetB	165
gene-ffh	ffh	1661
gene-fghA	fghA	700
gene-fhuA	fhuA	2620
gene-fhuB	fhuB	1234
gene-fhuC	fhuC	559
gene-fhuD	fhuD	492
gene-fhuE	fhuE	2424
gene-fhuF	fhuF	5631
gene-fic	fic	978
gene-fieF	fieF	1113
gene-fimA	fimA	391
gene-fimB	fimB	320
gene-fimC	fimC	161
gene-fimD	fimD	961
gene-fimE	fimE	57
gene-fimF	fimF	282
gene-fimG	fimG	115
gene-fimH	fimH	568
gene-fimI	fimI	72
gene-fimZ	fimZ	37
gene-fis	fis	1929
gene-fiu	fiu	1231
gene-fixA	fixA	37
gene-fixB	fixB	92
gene-fixC	fixC	88
gene-fixX	fixX	18
gene-fklB	fklB	543
gene-fkpA	fkpA	1116
gene-fkpB	fkpB	434
gene-fldA	fldA	468
gene-fldB	fldB	183
gene-flgA	flgA	48
gene-flgB	flgB	15
gene-flgC	flgC	9
gene-flgD	flgD	43
gene-flgE	flgE	60
gene-flgF	flgF	41
gene-flgG	flgG	73
gene-flgH	flgH	42
gene-flgI	flgI	59
gene-flgJ	flgJ	64
gene-flgK	flgK	6723
gene-flgL	flgL	4507
gene-flgM	flgM	761
gene-flgN	flgN	1439
gene-flhA	flhA	3008
gene-flhB	flhB	1744
gene-flhC	flhC	208
gene-flhD	flhD	105
gene-flhe	flhe	239
gene-fliA	fliA	2258
gene-fliC	fliC	20879
gene-fliD	fliD	1535
gene-fliE	fliE	7
gene-fliF	fliF	120
gene-fliG	fliG	110
gene-fliH	fliH	104
gene-fliI	fliI	162
gene-fliJ	fliJ	11
gene-fliK	fliK	23
gene-fliL	fliL	104
gene-fliM	fliM	226
gene-fliN	fliN	122
gene-fliO	fliO	151
gene-fliP	fliP	93
gene-fliQ	fliQ	26
gene-fliR	fliR	38
gene-fliS	fliS	251
gene-fliT	fliT	183
gene-fliZ	fliZ	1223
gene-flk	flk	423
gene-flxA	flxA	101
gene-fmt	fmt	3149
gene-focA	focA	1306
gene-focB	focB	159
gene-folA	folA	332
gene-folB	folB	39
gene-folC	folC	1257
gene-folD	folD	196
gene-folE	folE	1122
gene-folK	folK	87
gene-folM	folM	450
gene-folP	folP	798
gene-folX	folX	697
gene-fpr	fpr	314
gene-frc	frc	298
gene-frdA	frdA	1959
gene-frdB	frdB	616
gene-frdC	frdC	338
gene-frdD	frdD	613
gene-fre	fre	1360
gene-frlA	frlA	21
gene-frlB	frlB	91
gene-frlC	frlC	45
gene-frlD	frlD	186
gene-frmA	frmA	2617
gene-frmR	frmR	509
gene-frr	frr	4588
gene-frsA	frsA	498
gene-fruA	fruA	8172
gene-fruB	fruB	152
gene-fruK	fruK	2686
gene-frvA	frvA	12
gene-frvB	frvB	96
gene-frvR	frvR	102
gene-frvX	frvX	75
gene-frwB	frwB	7
gene-frwC	frwC	53
gene-frwD	frwD	32
gene-fryB	fryB	48
gene-fryC	fryC	146
gene-fsa	fsa	82
gene-fsr	fsr	250
gene-ftnA	ftnA	226
gene-ftnB	ftnB	2456
gene-ftsA	ftsA	2451
gene-ftsB	ftsB	540
gene-ftsE	ftsE	1296
gene-ftsH	ftsH	56536
gene-ftsI	ftsI	1182
gene-ftsK	ftsK	6371
gene-ftsL	ftsL	178
gene-ftsN	ftsN	692
gene-ftsP	ftsP	3589
gene-ftsQ	ftsQ	1686
gene-ftsW	ftsW	689
gene-ftsX	ftsX	2374
gene-ftsY	ftsY	1646
gene-ftsZ	ftsZ	5144
gene-fucA	fucA	62
gene-fucI	fucI	357
gene-fucK	fucK	160
gene-fucO	fucO	262
gene-fucP	fucP	39
gene-fucR	fucR	217
gene-fucU	fucU	416
gene-fumB	fumB	1107
gene-fumC	fumC	760
gene-fumD	fumD	105
gene-fumE	fumE	376
gene-fur	fur	1465
gene-fusA	fusA	70383
gene-fxsA	fxsA	732
gene-gabD	gabD	1015
gene-gabP	gabP	205
gene-gabT	gabT	849
gene-gadA	gadA	482
gene-gadB	gadB	692
gene-gadC	gadC	530
gene-gadE	gadE	25
gene-gadW	gadW	273
gene-gadX	gadX	371
gene-galE	galE	271
gene-galF	galF	5490
gene-galK	galK	1144
gene-galM	galM	5569
gene-galP	galP	8062
gene-galR	galR	957
gene-galS	galS	218
gene-galT	galT	172
gene-galU	galU	2177
gene-gap	gap	13923
gene-gapA	gapA	9505
gene-garD	garD	405
gene-garK	garK	439
gene-garL	garL	77
gene-garP	garP	101
gene-garR	garR	182
gene-gatA	gatA	79
gene-gatB	gatB	51
gene-gatD	gatD	547
gene-gatY	gatY	610
gene-gatZ	gatZ	531
gene-gcd	gcd	3043
gene-gcl	gcl	205
gene-gcvA	gcvA	1635
gene-gcvH	gcvH	74
gene-gcvP	gcvP	485
gene-gcvR	gcvR	513
gene-gcvT	gcvT	367
gene-gdhA	gdhA	1999
gene-gfcA	gfcA	1062
gene-gfcB	gfcB	321
gene-gfcC	gfcC	336
gene-gfcD	gfcD	430
gene-gfcE	gfcE	196
gene-ggt	ggt	1314
gene-ghoS	ghoS	542
gene-ghoT	ghoT	71
gene-ghrA	ghrA	663
gene-ghrB	ghrB	293
gene-ghxP	ghxP	596
gene-ghxQ	ghxQ	368
gene-glcA	glcA	820
gene-glcB	glcB	2437
gene-glcC	glcC	813
gene-glcD	glcD	143
gene-glcE	glcE	97
gene-glcF	glcF	494
gene-glcG	glcG	158
gene-gldA	gldA	172
gene-glf	glf	372
gene-glgA	glgA	4151
gene-glgB	glgB	2087
gene-glgC	glgC	2499
gene-glgP	glgP	3690
gene-glgS	glgS	111
gene-glgX	glgX	1827
gene-glk	glk	2567
gene-glmM	glmM	3301
gene-glmS	glmS	3753
gene-glmU	glmU	1368
gene-glnA	glnA	244
gene-glnB	glnB	278
gene-glnD	glnD	673
gene-glnE	glnE	1106
gene-glnG	glnG	2121
gene-glnH	glnH	632
gene-glnK	glnK	53
gene-glnL	glnL	1395
gene-glnP	glnP	268
gene-glnQ	glnQ	466
gene-glnS	glnS	900
gene-gloA	gloA	374
gene-gloB	gloB	91
gene-gloC	gloC	1624
gene-glpA	glpA	104
gene-glpB	glpB	62
gene-glpC	glpC	64
gene-glpD	glpD	1732
gene-glpE	glpE	349
gene-glpF	glpF	270
gene-glpG	glpG	910
gene-glpK	glpK	474
gene-glpQ	glpQ	739
gene-glpT	glpT	140
gene-glpX	glpX	773
gene-glrR	glrR	1142
gene-glsA	glsA	111
gene-glsB	glsB	495
gene-gltA	gltA	3753
gene-gltB	gltB	1884
gene-gltD	gltD	424
gene-gltF	gltF	98
gene-gltI	gltI	510
gene-gltJ	gltJ	326
gene-gltK	gltK	286
gene-gltL	gltL	302
gene-gltP	gltP	1396
gene-gltS	gltS	4469
gene-gltX	gltX	3604
gene-gluQRS	gluQRS	724
gene-glxK	glxK	185
gene-glxR	glxR	81
gene-glyA	glyA	1175
gene-glyQ	glyQ	2477
gene-glyS	glyS	3704
gene-gmd	gmd	291
gene-gmhB	gmhB	92
gene-gmk	gmk	1137
gene-gmm	gmm	97
gene-gndA	gndA	5146
gene-gnsA	gnsA	65
gene-gnsB	gnsB	66
gene-gntK	gntK	183
gene-gntP	gntP	237
gene-gntR	gntR	718
gene-gntT	gntT	603
gene-gntU	gntU	560
gene-gntX	gntX	223
gene-gorA	gorA	807
gene-gph	gph	492
gene-gpmA	gpmA	1561
gene-gpmB	gpmB	599
gene-gpmM	gpmM	1178
gene-gppA	gppA	2062
gene-gpr	gpr	212
gene-gpsA	gpsA	2011
gene-gpt	gpt	343
gene-grcA	grcA	117
gene-greA	greA	619
gene-greB	greB	338
gene-groL	groL	7760
gene-groS	groS	805
gene-grpE	grpE	2678
gene-grxA	grxA	7
gene-grxB	grxB	330
gene-grxC	grxC	986
gene-grxD	grxD	889
gene-gshA	gshA	5327
gene-gshB	gshB	1411
gene-gsiA	gsiA	3905
gene-gsiB	gsiB	1543
gene-gsiC	gsiC	637
gene-gsiD	gsiD	400
gene-gsk	gsk	550
gene-gspA	gspA	300
gene-gspB	gspB	93
gene-gspC	gspC	461
gene-gspD	gspD	816
gene-gspE	gspE	228
gene-gspF	gspF	52
gene-gspG	gspG	15
gene-gspH	gspH	17
gene-gspI	gspI	9
gene-gspJ	gspJ	19
gene-gspK	gspK	37
gene-gspL	gspL	201
gene-gspM	gspM	55
gene-gspO	gspO	77
gene-gss	gss	694
gene-gstA	gstA	1250
gene-gstB	gstB	362
gene-guaA	guaA	1746
gene-guaB	guaB	2907
gene-guaC	guaC	699
gene-guaD	guaD	213
gene-gudD	gudD	489
gene-gudP	gudP	153
gene-gudX	gudX	226
gene-gutM	gutM	41
gene-gutQ	gutQ	399
gene-gyrA	gyrA	8018
gene-gyrB	gyrB	1969
gene-hcaB	hcaB	384
gene-hcaC	hcaC	152
gene-hcaD	hcaD	390
gene-hcaE	hcaE	583
gene-hcaF	hcaF	196
gene-hcaR	hcaR	232
gene-hcaT	hcaT	821
gene-hchA	hchA	4138
gene-hcp	hcp	275
gene-hcr	hcr	147
gene-hcxA	hcxA	376
gene-hcxB	hcxB	625
gene-hda	hda	296
gene-hdeA	hdeA	101
gene-hdeB	hdeB	93
gene-hdeD	hdeD	326
gene-hdfR	hdfR	535
gene-hdhA	hdhA	2653
gene-helD	helD	1151
gene-hemA	hemA	2223
gene-hemB	hemB	567
gene-hemC	hemC	658
gene-hemD	hemD	494
gene-hemE	hemE	1178
gene-hemF	hemF	1488
gene-hemG	hemG	261
gene-hemH	hemH	1652
gene-hemL	hemL	1319
gene-hemN	hemN	558
gene-hemP	hemP	250
gene-hemW	hemW	586
gene-hemX	hemX	1569
gene-hemY	hemY	2448
gene-hexR	hexR	297
gene-hflC	hflC	6649
gene-hflD	hflD	731
gene-hflK	hflK	9096
gene-hflX	hflX	5868
gene-hfq	hfq	2503
gene-hha	hha	1040
gene-hicA	hicA	205
gene-hicB	hicB	722
gene-higA	higA	408
gene-higB	higB	120
gene-hinT	hinT	996
gene-hipA	hipA	1918
gene-hipB	hipB	266
gene-hisA	hisA	355
gene-hisB	hisB	650
gene-hisC	hisC	714
gene-hisD	hisD	1565
gene-hisF	hisF	256
gene-hisG	hisG	1180
gene-hisH	hisH	303
gene-hisIE	hisIE	230
gene-hisJ	hisJ	1206
gene-hisL	hisL	15
gene-hisM	hisM	203
gene-hisP	hisP	265
gene-hisQ	hisQ	454
gene-hisS	hisS	2018
gene-hiuH	hiuH	55
gene-hldE	hldE	2126
gene-hlyD	hlyD	1775
gene-hlyE	hlyE	148
gene-hmpA	hmpA	2151
gene-hmsP	hmsP	1406
gene-hns	hns	8181
gene-hofC	hofC	101
gene-hofM	hofM	138
gene-hofN	hofN	34
gene-hofO	hofO	55
gene-hofP	hofP	16
gene-hofQ	hofQ	113
gene-hokA	hokA	2
gene-hokD	hokD	4720
gene-hokE	hokE	30
gene-holA	holA	442
gene-holB	holB	1234
gene-holC	holC	404
gene-holD	holD	625
gene-holE	holE	39
gene-hpf	hpf	242
gene-hprR	hprR	314
gene-hprS	hprS	835
gene-hpt	hpt	398
gene-hrpA	hrpA	3251
gene-hrpB	hrpB	1163
gene-hscA	hscA	4816
gene-hscB	hscB	1651
gene-hscC	hscC	156
gene-hsdM	hsdM	626
gene-hsdR	hsdR	409
gene-hsdS	hsdS	80
gene-hslJ	hslJ	207
gene-hslO	hslO	1712
gene-hslR	hslR	684
gene-hslU	hslU	2053
gene-hslV	hslV	813
gene-hspQ	hspQ	1787
gene-htpG	htpG	1619
gene-htpX	htpX	15699
gene-htrE	htrE	486
gene-hupA	hupA	1415
gene-hupB	hupB	1262
gene-hxpA	hxpA	1532
gene-hxpB	hxpB	333
gene-hyaA	hyaA	453
gene-hyaB	hyaB	288
gene-hyaC	hyaC	113
gene-hyaD	hyaD	123
gene-hyaE	hyaE	56
gene-hyaF	hyaF	73
gene-hybA	hybA	382
gene-hybB	hybB	236
gene-hybC	hybC	1550
gene-hybD	hybD	821
gene-hybE	hybE	414
gene-hybG	hybG	70
gene-hybO	hybO	718
gene-hycA	hycA	133
gene-hycB	hycB	312
gene-hycC	hycC	861
gene-hycD	hycD	257
gene-hycE	hycE	439
gene-hycF	hycF	81
gene-hycG	hycG	98
gene-hycH	hycH	81
gene-hycI	hycI	214
gene-hydN	hydN	139
gene-hyfA	hyfA	25
gene-hyfB	hyfB	242
gene-hyfC	hyfC	34
gene-hyfD	hyfD	87
gene-hyfE	hyfE	40
gene-hyfF	hyfF	230
gene-hyfG	hyfG	194
gene-hyfH	hyfH	43
gene-hyfI	hyfI	49
gene-hyfJ	hyfJ	24
gene-hyfR	hyfR	238
gene-hyi	hyi	54
gene-hypA	hypA	125
gene-hypB	hypB	84
gene-hypC	hypC	19
gene-hypD	hypD	795
gene-hypE	hypE	1202
gene-hypF	hypF	647
gene-hypT	hypT	303
gene-hyuA	hyuA	21
gene-iaaA	iaaA	3122
gene-iadA	iadA	323
gene-iap	iap	637
gene-ibaG	ibaG	153
gene-ibpA	ibpA	1133
gene-ibpB	ibpB	634
gene-ibsA	ibsA	2
gene-ibsC	ibsC	11
gene-ibsE	ibsE	0
gene-icd	icd	2461
gene-iclR	iclR	383
gene-idi	idi	578
gene-idlP	idlP	98
gene-idnD	idnD	86
gene-idnK	idnK	159
gene-idnO	idnO	79
gene-idnR	idnR	188
gene-idnT	idnT	243
gene-igaA	igaA	1190
gene-ihfA	ihfA	24447
gene-ihfB	ihfB	1840
gene-ileS	ileS	8060
gene-ilvA	ilvA	3728
gene-ilvB	ilvB	679
gene-ilvC	ilvC	439
gene-ilvD	ilvD	6772
gene-ilvE	ilvE	5667
gene-ilvG	ilvG	15981
gene-ilvI	ilvI	361
gene-ilvL	ilvL	233
gene-ilvM	ilvM	921
gene-ilvN	ilvN	176
gene-ilvX	ilvX	202
gene-ilvY	ilvY	1125
gene-inaA	inaA	708
gene-infA	infA	1571
gene-infB	infB	32766
gene-infC	infC	12520
gene-insG	insG	206
gene-insQ	insQ	1081
gene-intA	intA	504
gene-intD	intD	322
gene-intF	intF	967
gene-intR	intR	287
gene-intZ	intZ	912
gene-iprA	iprA	44
gene-iraD	iraD	653
gene-iraM	iraM	17
gene-iraP	iraP	113
gene-iscA	iscA	2786
gene-iscR	iscR	3805
gene-iscS	iscS	10603
gene-iscU	iscU	3408
gene-iscX	iscX	623
gene-ispA	ispA	721
gene-ispB	ispB	2154
gene-ispC	ispC	754
gene-ispD	ispD	1557
gene-ispE	ispE	1788
gene-ispF	ispF	579
gene-ispG	ispG	2823
gene-ispH	ispH	802
gene-ispU	ispU	961
gene-ivbL	ivbL	75
gene-ivy	ivy	384
gene-katE	katE	1103
gene-katG	katG	1619
gene-kbaY	kbaY	50
gene-kbaZ	kbaZ	94
gene-kbl	kbl	2590
gene-kbp	kbp	2547
gene-kch	kch	546
gene-kdgA	kdgA	876
gene-kdgK	kdgK	328
gene-kdgR	kdgR	291
gene-kdgT	kdgT	132
gene-kdpA	kdpA	94
gene-kdpB	kdpB	177
gene-kdpC	kdpC	242
gene-kdpD	kdpD	2224
gene-kdpE	kdpE	362
gene-kdpF	kdpF	1
gene-kdsA	kdsA	1493
gene-kdsB	kdsB	844
gene-kdsC	kdsC	1244
gene-kdsD	kdsD	1230
gene-kduD	kduD	205
gene-kduI	kduI	193
gene-kefB	kefB	1092
gene-kefC	kefC	1030
gene-kefF	kefF	318
gene-kefG	kefG	372
gene-kgtP	kgtP	23623
gene-kilR	kilR	4
gene-kptA	kptA	88
gene-kup	kup	567
gene-lacA	lacA	60
gene-lacI	lacI	6422
gene-lacY	lacY	199
gene-lacZ	lacZ	1613
gene-lafU	lafU	102
gene-lamB	lamB	208
gene-lapA	lapA	490
gene-lapB	lapB	1281
gene-ldcA	ldcA	510
gene-ldcC	ldcC	2038
gene-ldhA	ldhA	649
gene-ldrD	ldrD	111
gene-ldtA	ldtA	3069
gene-ldtB	ldtB	1217
gene-ldtC	ldtC	1092
gene-ldtD	ldtD	5302
gene-ldtE	ldtE	1914
gene-lepA	lepA	5544
gene-lepB	lepB	2256
gene-leuA	leuA	1316
gene-leuB	leuB	733
gene-leuC	leuC	782
gene-leuD	leuD	298
gene-leuE	leuE	493
gene-leuL	leuL	8
gene-leuO	leuO	244
gene-leuS	leuS	5422
gene-lexA	lexA	4996
gene-lgoD	lgoD	453
gene-lgoR	lgoR	25
gene-lgoT	lgoT	669
gene-lgt	lgt	935
gene-lhgO	lhgO	602
gene-lhr	lhr	1253
gene-ligA	ligA	4150
gene-ligB	ligB	242
gene-lipA	lipA	691
gene-lipB	lipB	710
gene-livF	livF	240
gene-livG	livG	313
gene-livH	livH	1023
gene-livJ	livJ	1491
gene-livK	livK	833
gene-livM	livM	863
gene-lldD	lldD	270
gene-lldP	lldP	1270
gene-lldR	lldR	88
gene-lnt	lnt	2242
gene-loiP	loiP	654
gene-lolA	lolA	387
gene-lolB	lolB	817
gene-lolC	lolC	721
gene-lolD	lolD	520
gene-lolE	lolE	826
gene-lon	lon	14046
gene-lpcA	lpcA	520
gene-lpdA	lpdA	3594
gene-lplA	lplA	178
gene-lplT	lplT	2426
gene-lpoA	lpoA	944
gene-lpoB	lpoB	3067
gene-lpp	lpp	13570
gene-lptA	lptA	1206
gene-lptB	lptB	1414
gene-lptC	lptC	864
gene-lptD	lptD	3338
gene-lptE	lptE	1682
gene-lptF	lptF	2527
gene-lptG	lptG	2551
gene-lpxA	lpxA	1985
gene-lpxB	lpxB	554
gene-lpxC	lpxC	16186
gene-lpxD	lpxD	2445
gene-lpxH	lpxH	229
gene-lpxK	lpxK	2310
gene-lpxL	lpxL	692
gene-lpxM	lpxM	2270
gene-lpxP	lpxP	963
gene-lpxT	lpxT	370
gene-lrhA	lrhA	2157
gene-lrp	lrp	1626
gene-lspA	lspA	1139
gene-lsrA	lsrA	146
gene-lsrB	lsrB	46
gene-lsrC	lsrC	160
gene-lsrD	lsrD	90
gene-lsrF	lsrF	59
gene-lsrG	lsrG	30
gene-lsrK	lsrK	1185
gene-lsrR	lsrR	769
gene-ltaE	ltaE	881
gene-luxS	luxS	1389
gene-lysA	lysA	5359
gene-lysC	lysC	567
gene-lysO	lysO	617
gene-lysP	lysP	5209
gene-lysR	lysR	384
gene-lysS	lysS	2655
gene-lyxK	lyxK	132
gene-maa	maa	1633
gene-macA	macA	445
gene-macB	macB	1205
gene-maeA	maeA	2293
gene-maeB	maeB	2034
gene-mak	mak	664
gene-malE	malE	68
gene-malF	malF	132
gene-malG	malG	318
gene-malI	malI	758
gene-malK	malK	60
gene-malM	malM	107
gene-malP	malP	1973
gene-malQ	malQ	1811
gene-malS	malS	324
gene-malT	malT	2190
gene-malX	malX	348
gene-malY	malY	352
gene-malZ	malZ	329
gene-manA	manA	282
gene-manX	manX	1053
gene-manY	manY	1205
gene-manZ	manZ	1052
gene-maoP	maoP	534
gene-map	map	597
gene-marA	marA	147
gene-marB	marB	73
gene-marC	marC	621
gene-marR	marR	88
gene-matP	matP	365
gene-mazE	mazE	927
gene-mazF	mazF	697
gene-mazG	mazG	2464
gene-mcbA	mcbA	26
gene-mcbR	mcbR	3105
gene-mcrB	mcrB	185
gene-mcrC	mcrC	74
gene-mdaB	mdaB	196
gene-mddA	mddA	233
gene-mdfA	mdfA	1618
gene-mdh	mdh	4091
gene-mdlA	mdlA	1051
gene-mdlB	mdlB	865
gene-mdoC	mdoC	166
gene-mdoG	mdoG	826
gene-mdoH	mdoH	1965
gene-mdtA	mdtA	794
gene-mdtB	mdtB	1701
gene-mdtC	mdtC	1032
gene-mdtD	mdtD	776
gene-mdtE	mdtE	114
gene-mdtF	mdtF	743
gene-mdtG	mdtG	441
gene-mdtH	mdtH	490
gene-mdtI	mdtI	1291
gene-mdtJ	mdtJ	1771
gene-mdtK	mdtK	8001
gene-mdtL	mdtL	81
gene-mdtM	mdtM	1765
gene-mdtN	mdtN	57
gene-mdtO	mdtO	84
gene-mdtP	mdtP	66
gene-mdtQ	mdtQ	269
gene-meaB	meaB	140
gene-melA	melA	476
gene-melB	melB	458
gene-melR	melR	90
gene-menA	menA	492
gene-menB	menB	1308
gene-menC	menC	1877
gene-menD	menD	2084
gene-menE	menE	1311
gene-menF	menF	3729
gene-menH	menH	539
gene-menI	menI	61
gene-mepA	mepA	429
gene-mepH	mepH	181
gene-mepK	mepK	1699
gene-mepM	mepM	2552
gene-mepS	mepS	1868
gene-metA	metA	187
gene-metB	metB	291
gene-metC	metC	286
gene-metE	metE	1030
gene-metF	metF	177
gene-metG	metG	1227
gene-metH	metH	709
gene-metI	metI	249
gene-metJ	metJ	273
gene-metK	metK	1237
gene-metL	metL	1536
gene-metN	metN	280
gene-metQ	metQ	455
gene-metR	metR	176
gene-mfd	mfd	889
gene-mglA	mglA	211
gene-mglB	mglB	214
gene-mglC	mglC	748
gene-mgrB	mgrB	402
gene-mgsA	mgsA	545
gene-mgtA	mgtA	1188
gene-mgtL	mgtL	63
gene-mgtS	mgtS	34
gene-mgtT	mgtT	23
gene-mhpA	mhpA	184
gene-mhpB	mhpB	94
gene-mhpC	mhpC	62
gene-mhpD	mhpD	60
gene-mhpF	mhpF	83
gene-mhpR	mhpR	1714
gene-mhpT	mhpT	258
gene-miaA	miaA	7081
gene-miaB	miaB	2268
gene-minC	minC	545
gene-minD	minD	678
gene-minE	minE	163
gene-mioC	mioC	472
gene-mipA	mipA	1414
gene-mlaA	mlaA	1276
gene-mlaB	mlaB	752
gene-mlaC	mlaC	1504
gene-mlaD	mlaD	816
gene-mlaE	mlaE	1656
gene-mlaF	mlaF	1945
gene-mlc	mlc	942
gene-mliC	mliC	135
gene-mlrA	mlrA	2207
gene-mltA	mltA	2736
gene-mltB	mltB	1082
gene-mltC	mltC	406
gene-mltD	mltD	1299
gene-mltF	mltF	219
gene-mmuM	mmuM	584
gene-mmuP	mmuP	457
gene-mngA	mngA	82
gene-mngB	mngB	342
gene-mngR	mngR	116
gene-mnmA	mnmA	1580
gene-mnmC	mnmC	742
gene-mnmE	mnmE	1306
gene-mnmG	mnmG	2851
gene-mnmH	mnmH	156
gene-mntH	mntH	21255
gene-mntP	mntP	127
gene-mntR	mntR	289
gene-mntS	mntS	929
gene-moaA	moaA	1196
gene-moaB	moaB	504
gene-moaC	moaC	404
gene-moaD	moaD	66
gene-moaE	moaE	155
gene-mobA	mobA	232
gene-mobB	mobB	187
gene-mocA	mocA	471
gene-modA	modA	1865
gene-modB	modB	1588
gene-modC	modC	2502
gene-modE	modE	236
gene-modF	modF	1308
gene-moeA	moeA	344
gene-moeB	moeB	199
gene-mog	mog	380
gene-mokC	mokC	69
gene-motA	motA	23607
gene-motB	motB	21581
gene-mpaA	mpaA	913
gene-mpl	mpl	1209
gene-mppA	mppA	2926
gene-mqo	mqo	2974
gene-mqsA	mqsA	9400
gene-mqsR	mqsR	5283
gene-mraY	mraY	582
gene-mraZ	mraZ	821
gene-mrcA	mrcA	1556
gene-mrcB	mrcB	2810
gene-mrdA	mrdA	1603
gene-mrdB	mrdB	700
gene-mreB	mreB	4385
gene-mreC	mreC	1939
gene-mreD	mreD	376
gene-mrr	mrr	557
gene-msbA	msbA	3126
gene-mscK	mscK	1000
gene-mscL	mscL	1473
gene-mscM	mscM	757
gene-mscS	mscS	12350
gene-msrA	msrA	665
gene-msrB	msrB	313
gene-msrC	msrC	1633
gene-msrP	msrP	1086
gene-msrQ	msrQ	786
gene-msyB	msyB	409
gene-mtfA	mtfA	279
gene-mtgA	mtgA	152
gene-mtlA	mtlA	1618
gene-mtlD	mtlD	2001
gene-mtlR	mtlR	883
gene-mtnN	mtnN	501
gene-mtr	mtr	1590
gene-mug	mug	765
gene-mukB	mukB	3216
gene-mukE	mukE	463
gene-mukF	mukF	662
gene-murA	murA	1739
gene-murB	murB	398
gene-murC	murC	1118
gene-murD	murD	690
gene-murE	murE	559
gene-murF	murF	568
gene-murG	murG	720
gene-murI	murI	259
gene-murJ	murJ	575
gene-murP	murP	210
gene-murQ	murQ	163
gene-murR	murR	453
gene-mutH	mutH	383
gene-mutL	mutL	2149
gene-mutM	mutM	430
gene-mutS	mutS	536
gene-mutT	mutT	38
gene-mutY	mutY	560
gene-mzrA	mzrA	442
gene-nac	nac	569
gene-nadA	nadA	5625
gene-nadB	nadB	2580
gene-nadC	nadC	213
gene-nadD	nadD	467
gene-nadE	nadE	641
gene-nadK	nadK	909
gene-nadR	nadR	710
gene-nagA	nagA	588
gene-nagB	nagB	422
gene-nagC	nagC	324
gene-nagD	nagD	588
gene-nagE	nagE	913
gene-nagK	nagK	679
gene-nagZ	nagZ	719
gene-nanA	nanA	790
gene-nanC	nanC	183
gene-nanE	nanE	476
gene-nanK	nanK	721
gene-nanM	nanM	1635
gene-nanQ	nanQ	331
gene-nanR	nanR	251
gene-nanS	nanS	450
gene-nanT	nanT	1436
gene-nanX	nanX	140
gene-nanY	nanY	227
gene-napA	napA	347
gene-napB	napB	34
gene-napC	napC	91
gene-napD	napD	10
gene-napF	napF	81
gene-napG	napG	97
gene-napH	napH	94
gene-narG	narG	618
gene-narH	narH	525
gene-narI	narI	183
gene-narJ	narJ	185
gene-narK	narK	247
gene-narL	narL	547
gene-narP	narP	489
gene-narQ	narQ	684
gene-narU	narU	1264
gene-narW	narW	35
gene-narX	narX	1308
gene-narZ	narZ	563
gene-ndh	ndh	458
gene-ndk	ndk	618
gene-nei	nei	501
gene-nemA	nemA	649
gene-nemR	nemR	262
gene-nepI	nepI	477
gene-nfeF	nfeF	1402
gene-nfeR	nfeR	572
gene-nfi	nfi	980
gene-nfo	nfo	460
gene-nfrA	nfrA	729
gene-nfsA	nfsA	457
gene-nfsB	nfsB	647
gene-nfuA	nfuA	1160
gene-nhaA	nhaA	5436
gene-nhaB	nhaB	931
gene-nhaR	nhaR	1941
gene-nhoA	nhoA	321
gene-nifJ	nifJ	710
gene-nikA	nikA	79
gene-nikB	nikB	43
gene-nikC	nikC	42
gene-nikD	nikD	39
gene-nikE	nikE	40
gene-nikR	nikR	74
gene-nimR	nimR	694
gene-nimT	nimT	286
gene-ninE	ninE	14
gene-nirB	nirB	301
gene-nirC	nirC	79
gene-nirD	nirD	37
gene-nlpA	nlpA	684
gene-nlpC	nlpC	1548
gene-nlpD	nlpD	6779
gene-nlpE	nlpE	1420
gene-nlpI	nlpI	6680
gene-nnr	nnr	4558
gene-nohA	nohA	94
gene-nohD	nohD	58
gene-norR	norR	1648
gene-norV	norV	930
gene-norW	norW	687
gene-npr	npr	54
gene-nrdA	nrdA	850
gene-nrdB	nrdB	271
gene-nrdD	nrdD	9328
gene-nrdE	nrdE	5467
gene-nrdF	nrdF	362
gene-nrdG	nrdG	710
gene-nrdH	nrdH	488
gene-nrdI	nrdI	2712
gene-nrdR	nrdR	291
gene-nrfA	nrfA	213
gene-nrfB	nrfB	844
gene-nrfC	nrfC	94
gene-nrfD	nrfD	204
gene-nrfE	nrfE	187
gene-nrfF	nrfF	39
gene-nrfG	nrfG	30
gene-nsrR	nsrR	591
gene-nth	nth	119
gene-nudB	nudB	618
gene-nudC	nudC	911
gene-nudE	nudE	1501
gene-nudF	nudF	291
gene-nudG	nudG	87
gene-nudI	nudI	32
gene-nudJ	nudJ	271
gene-nudK	nudK	171
gene-nudL	nudL	563
gene-nuoA	nuoA	1711
gene-nuoB	nuoB	2325
gene-nuoC	nuoC	2766
gene-nuoE	nuoE	288
gene-nuoF	nuoF	919
gene-nuoG	nuoG	1917
gene-nuoH	nuoH	593
gene-nuoI	nuoI	273
gene-nuoJ	nuoJ	306
gene-nuoK	nuoK	150
gene-nuoL	nuoL	1069
gene-nuoM	nuoM	973
gene-nuoN	nuoN	870
gene-nupC	nupC	646
gene-nupG	nupG	277
gene-nupX	nupX	311
gene-nusA	nusA	12628
gene-nusB	nusB	833
gene-nusG	nusG	3271
gene-odhB	odhB	607
gene-ogrK	ogrK	247
gene-ompA	ompA	45088
gene-ompC	ompC	11023
gene-ompF	ompF	2289
gene-ompG	ompG	292
gene-ompL	ompL	56
gene-ompN	ompN	180
gene-ompP	ompP	327
gene-ompR	ompR	1953
gene-ompT	ompT	4030
gene-ompW	ompW	149
gene-ompX	ompX	13458
gene-opgB	opgB	1087
gene-opgD	opgD	1525
gene-opgE	opgE	2663
gene-oppA	oppA	5555
gene-oppB	oppB	954
gene-oppC	oppC	996
gene-oppD	oppD	1166
gene-oppF	oppF	1114
gene-orn	orn	123
gene-ortT	ortT	138
gene-osmB	osmB	642
gene-osmC	osmC	2185
gene-osmE	osmE	4243
gene-osmF	osmF	3792
gene-osmY	osmY	19590
gene-otsA	otsA	2674
gene-otsB	otsB	2342
gene-oxc	oxc	419
gene-oxyR	oxyR	1450
gene-paaA	paaA	16
gene-paaB	paaB	5
gene-paaC	paaC	136
gene-paaD	paaD	18
gene-paaF	paaF	473
gene-paaG	paaG	33
gene-paaI	paaI	24
gene-paaJ	paaJ	162
gene-paaK	paaK	30
gene-paaX	paaX	1478
gene-paaY	paaY	392
gene-paaZ	paaZ	73
gene-pabA	pabA	855
gene-pabB	pabB	1958
gene-pabC	pabC	1184
gene-paeA	paeA	795
gene-pagP	pagP	71
gene-pal	pal	2456
gene-panB	panB	980
gene-panC	panC	867
gene-panD	panD	725
gene-panE	panE	510
gene-panF	panF	418
gene-panM	panM	263
gene-paoA	paoA	257
gene-paoB	paoB	277
gene-paoC	paoC	244
gene-paoD	paoD	106
gene-parC	parC	7782
gene-parE	parE	3429
gene-pat	pat	946
gene-patD	patD	205
gene-pbp4b	pbp4b	195
gene-pbpC	pbpC	1091
gene-pbpG	pbpG	570
gene-pckA	pckA	1313
gene-pcm	pcm	1425
gene-pcnB	pcnB	4493
gene-pdeA	pdeA	859
gene-pdeB	pdeB	734
gene-pdeC	pdeC	353
gene-pdeD	pdeD	897
gene-pdeF	pdeF	466
gene-pdeG	pdeG	1253
gene-pdeH	pdeH	6190
gene-pdeI	pdeI	163
gene-pdeL	pdeL	2176
gene-pdeN	pdeN	273
gene-pdeR	pdeR	5972
gene-pdhR	pdhR	109
gene-pdxA	pdxA	588
gene-pdxB	pdxB	1024
gene-pdxH	pdxH	252
gene-pdxI	pdxI	945
gene-pdxJ	pdxJ	453
gene-pdxK	pdxK	272
gene-pdxY	pdxY	256
gene-pepA	pepA	5661
gene-pepB	pepB	2364
gene-pepD	pepD	841
gene-pepE	pepE	103
gene-pepN	pepN	2343
gene-pepP	pepP	881
gene-pepQ	pepQ	897
gene-pepT	pepT	1781
gene-perR	perR	96
gene-pfkA	pfkA	4086
gene-pfkB	pfkB	2295
gene-pflA	pflA	545
gene-pflB	pflB	5376
gene-pflC	pflC	70
gene-pflD	pflD	213
gene-pgaA	pgaA	293
gene-pgaB	pgaB	167
gene-pgaC	pgaC	172
gene-pgaD	pgaD	97
gene-pgeF	pgeF	1203
gene-pgi	pgi	2184
gene-pgk	pgk	3839
gene-pgl	pgl	2512
gene-pgm	pgm	4193
gene-pgmB	pgmB	130
gene-pgpA	pgpA	378
gene-pgpB	pgpB	492
gene-pgrR	pgrR	545
gene-pgsA	pgsA	364
gene-pheA	pheA	578
gene-pheL	pheL	31
gene-pheM	pheM	43
gene-pheP	pheP	1567
gene-pheS	pheS	2862
gene-pheT	pheT	16226
gene-phnC	phnC	60
gene-phnD	phnD	33
gene-phnE	phnE	20
gene-phnF	phnF	8
gene-phnG	phnG	3
gene-phnH	phnH	3
gene-phnI	phnI	9
gene-phnJ	phnJ	12
gene-phnK	phnK	21
gene-phnL	phnL	61
gene-phnM	phnM	83
gene-phnN	phnN	30
gene-phnO	phnO	229
gene-phnP	phnP	315
gene-phoA	phoA	1204
gene-phoB	phoB	745
gene-phoE	phoE	72
gene-phoH	phoH	1116
gene-phoP	phoP	722
gene-phoQ	phoQ	1976
gene-phoR	phoR	475
gene-phoU	phoU	257
gene-php	php	37
gene-phrB	phrB	631
gene-pifC	pifC	1600
gene-pinQ	pinQ	386
gene-pinR	pinR	385
gene-pitA	pitA	5017
gene-pitB	pitB	450
gene-plaP	plaP	1824
gene-pldA	pldA	307
gene-pldB	pldB	726
gene-pliG	pliG	50
gene-plsB	plsB	1471
gene-plsC	plsC	1087
gene-plsX	plsX	1328
gene-plsY	plsY	435
gene-pmbA	pmbA	822
gene-pmrB	pmrB	500
gene-pmrD	pmrD	150
gene-pmrR	pmrR	738
gene-pncA	pncA	145
gene-pncB	pncB	1660
gene-pncC	pncC	289
gene-pnp	pnp	18271
gene-pntA	pntA	3705
gene-pntB	pntB	4420
gene-pnuC	pnuC	3706
gene-polA	polA	808
gene-polB	polB	3932
gene-potA	potA	914
gene-potB	potB	247
gene-potC	potC	369
gene-potD	potD	1012
gene-potE	potE	252
gene-potF	potF	1305
gene-potG	potG	540
gene-potH	potH	221
gene-potI	potI	438
gene-poxB	poxB	1550
gene-ppa	ppa	446
gene-ppc	ppc	1355
gene-ppdA	ppdA	83
gene-ppdB	ppdB	189
gene-ppdC	ppdC	163
gene-ppdD	ppdD	18
gene-pphA	pphA	1852
gene-pphB	pphB	61
gene-pphC	pphC	111
gene-ppiA	ppiA	674
gene-ppiB	ppiB	345
gene-ppiC	ppiC	281
gene-ppiD	ppiD	2799
gene-ppk1	ppk1	456
gene-ppnN	ppnN	963
gene-ppnP	ppnP	681
gene-pppA	pppA	129
gene-ppsA	ppsA	2684
gene-ppsR	ppsR	486
gene-pptA	pptA	87
gene-ppx	ppx	411
gene-pqiA	pqiA	1713
gene-pqiB	pqiB	1460
gene-pqiC	pqiC	272
gene-pqqL	pqqL	400
gene-prc	prc	6239
gene-preA	preA	220
gene-preT	preT	251
gene-prfA	prfA	1265
gene-prfB	prfB	1506
gene-prfC	prfC	3065
gene-prfH	prfH	968
gene-priA	priA	1345
gene-priB	priB	2460
gene-priC	priC	395
gene-prkB	prkB	454
gene-prlC	prlC	3262
gene-prlF	prlF	338
gene-prmA	prmA	422
gene-prmB	prmB	484
gene-prmC	prmC	664
gene-proA	proA	2321
gene-proB	proB	2793
gene-proC	proC	650
gene-proP	proP	22877
gene-proQ	proQ	4923
gene-proS	proS	2599
gene-proV	proV	2047
gene-proW	proW	1963
gene-proX	proX	564
gene-proY	proY	1351
gene-prpB	prpB	168
gene-prpC	prpC	93
gene-prpD	prpD	110
gene-prpE	prpE	222
gene-prpR	prpR	317
gene-prs	prs	2428
gene-psiB	psiB	49
gene-psiE	psiE	455
gene-psiF	psiF	282
gene-pspA	pspA	85450
gene-pspB	pspB	19254
gene-pspC	pspC	24550
gene-pspD	pspD	9896
gene-pspE	pspE	21117
gene-pspF	pspF	519
gene-pspG	pspG	6690
gene-pssA	pssA	2195
gene-pstA	pstA	1086
gene-pstB	pstB	432
gene-pstC	pstC	1135
gene-pstS	pstS	1356
gene-psuG	psuG	245
gene-psuK	psuK	107
gene-psuT	psuT	670
gene-pta	pta	1527
gene-pth	pth	249
gene-ptrA	ptrA	2281
gene-ptrB	ptrB	3584
gene-ptsG	ptsG	2808
gene-ptsH	ptsH	1681
gene-ptsI	ptsI	12922
gene-ptsN	ptsN	544
gene-ptsP	ptsP	1898
gene-punC	punC	532
gene-punR	punR	253
gene-purA	purA	3340
gene-purB	purB	464
gene-purC	purC	62
gene-purD	purD	193
gene-purE	purE	136
gene-purF	purF	1177
gene-purH	purH	180
gene-purK	purK	196
gene-purL	purL	879
gene-purM	purM	231
gene-purN	purN	248
gene-purR	purR	1310
gene-purT	purT	215
gene-purU	purU	938
gene-putA	putA	2000
gene-putP	putP	1340
gene-puuA	puuA	2850
gene-puuB	puuB	690
gene-puuC	puuC	2061
gene-puuD	puuD	1581
gene-puuE	puuE	415
gene-puuP	puuP	910
gene-puuR	puuR	2302
gene-pxpA	pxpA	680
gene-pxpB	pxpB	747
gene-pxpC	pxpC	1167
gene-pyk	pyk	1929
gene-pykF	pykF	2623
gene-pyrB	pyrB	33
gene-pyrC	pyrC	106
gene-pyrD	pyrD	266
gene-pyrE	pyrE	25
gene-pyrF	pyrF	511
gene-pyrG	pyrG	6506
gene-pyrH	pyrH	713
gene-pyrI	pyrI	59
gene-pyrL	pyrL	32
gene-qmcA	qmcA	747
gene-qorA	qorA	611
gene-qorB	qorB	143
gene-qseB	qseB	136
gene-qseC	qseC	457
gene-qseE	qseE	1182
gene-qseG	qseG	969
gene-queA	queA	852
gene-queC	queC	131
gene-queD	queD	193
gene-queE	queE	603
gene-queF	queF	303
gene-queG	queG	277
gene-quuD	quuD	71
gene-racC	racC	9
gene-racR	racR	186
gene-radA	radA	1603
gene-radC	radC	288
gene-radD	radD	276
gene-raiA	raiA	2227
gene-ralR	ralR	17
gene-rapA	rapA	2744
gene-rapZ	rapZ	592
gene-rarA	rarA	576
gene-rarD	rarD	399
gene-ratA	ratA	204
gene-ravA	ravA	683
gene-rayT	rayT	120
gene-rbbA	rbbA	4633
gene-rbfA	rbfA	1970
gene-rbn	rbn	198
gene-rbsA	rbsA	210
gene-rbsB	rbsB	1357
gene-rbsC	rbsC	786
gene-rbsD	rbsD	31
gene-rbsK	rbsK	732
gene-rbsR	rbsR	217
gene-rcbA	rcbA	15
gene-rcdA	rcdA	105
gene-rcdB	rcdB	429
gene-rclA	rclA	153
gene-rclB	rclB	33
gene-rclC	rclC	133
gene-rclR	rclR	311
gene-rcnA	rcnA	91
gene-rcnB	rcnB	204
gene-rcnR	rcnR	73
gene-rcsA	rcsA	291
gene-rcsB	rcsB	2713
gene-rcsC	rcsC	4972
gene-rcsD	rcsD	1813
gene-rcsF	rcsF	396
gene-rdcB	rdcB	2203
gene-rdgB	rdgB	454
gene-rdgC	rdgC	186
gene-recA	recA	37426
gene-recB	recB	1503
gene-recC	recC	1313
gene-recD	recD	1128
gene-recE	recE	137
gene-recF	recF	964
gene-recG	recG	665
gene-recJ	recJ	3085
gene-recN	recN	18402
gene-recO	recO	609
gene-recQ	recQ	624
gene-recR	recR	491
gene-recT	recT	100
gene-recX	recX	1891
gene-relA	relA	2572
gene-relB	relB	774
gene-relE	relE	4024
gene-rep	rep	846
gene-repA	repA	418
gene-repE	repE	929
gene-rfaC	rfaC	261
gene-rfaD	rfaD	731
gene-rfaF	rfaF	395
gene-rfaG	rfaG	529
gene-rfaH	rfaH	397
gene-rfaJ	rfaJ	116
gene-rfaP	rfaP	155
gene-rfaQ	rfaQ	636
gene-rfaS	rfaS	74
gene-rfaY	rfaY	93
gene-rfbA	rfbA	1150
gene-rfbB	rfbB	1123
gene-rfbC	rfbC	381
gene-rfbD	rfbD	968
gene-rffA	rffA	788
gene-rffC	rffC	437
gene-rffG	rffG	867
gene-rffM	rffM	454
gene-rffT	rffT	853
gene-rhaA	rhaA	41
gene-rhaB	rhaB	61
gene-rhaD	rhaD	9
gene-rhaM	rhaM	3
gene-rhaR	rhaR	42
gene-rhaS	rhaS	51
gene-rhaT	rhaT	165
gene-rhlB	rhlB	1750
gene-rhlE	rhlE	2881
gene-rhmD	rhmD	61
gene-rho	rho	18255
gene-rhoL	rhoL	1499
gene-rhsA	rhsA	704
gene-rhsB	rhsB	731
gene-rhsC	rhsC	632
gene-rhsD	rhsD	2072
gene-rhtA	rhtA	192
gene-rhtB	rhtB	71
gene-rhtC	rhtC	198
gene-ribA	ribA	102
gene-ribB	ribB	2154
gene-ribD	ribD	575
gene-ribE	ribE	1117
gene-ribF	ribF	1094
gene-ridA	ridA	228
gene-rihA	rihA	61
gene-rihB	rihB	267
gene-rihC	rihC	226
gene-rimI	rimI	636
gene-rimJ	rimJ	310
gene-rimK	rimK	458
gene-rimL	rimL	271
gene-rimM	rimM	6351
gene-rimO	rimO	431
gene-rimP	rimP	2513
gene-rlhA	rlhA	1006
gene-rlmA	rlmA	1364
gene-rlmB	rlmB	780
gene-rlmC	rlmC	953
gene-rlmD	rlmD	641
gene-rlmE	rlmE	9480
gene-rlmF	rlmF	742
gene-rlmG	rlmG	523
gene-rlmH	rlmH	1308
gene-rlmI	rlmI	488
gene-rlmJ	rlmJ	303
gene-rlmKL	rlmKL	2863
gene-rlmM	rlmM	3026
gene-rlmN	rlmN	1799
gene-rlpA	rlpA	1276
gene-rluA	rluA	562
gene-rluB	rluB	1179
gene-rluC	rluC	443
gene-rluD	rluD	1531
gene-rluE	rluE	362
gene-rluF	rluF	293
gene-rmf	rmf	375
gene-rmuC	rmuC	1001
gene-rna	rna	268
gene-rnb	rnb	1446
gene-rnc	rnc	1155
gene-rnd	rnd	816
gene-rne	rne	3542
gene-rng	rng	1358
gene-rnhA	rnhA	67
gene-rnhB	rnhB	387
gene-rnk	rnk	187
gene-rnlA	rnlA	2169
gene-rnlB	rnlB	928
gene-rnpA	rnpA	2100
gene-rnr	rnr	4713
gene-rnt	rnt	651
gene-robA	robA	3196
gene-rodZ	rodZ	3308
gene-rof	rof	614
gene-roxA	roxA	1873
gene-rpe	rpe	572
gene-rph	rph	326
gene-rpiA	rpiA	552
gene-rpiB	rpiB	116
gene-rplA	rplA	43074
gene-rplB	rplB	23870
gene-rplC	rplC	22146
gene-rplD	rplD	16626
gene-rplE	rplE	12643
gene-rplF	rplF	17959
gene-rplI	rplI	4210
gene-rplJ	rplJ	28195
gene-rplK	rplK	8174
gene-rplL	rplL	22426
gene-rplM	rplM	4876
gene-rplN	rplN	4124
gene-rplO	rplO	32843
gene-rplP	rplP	12685
gene-rplQ	rplQ	16183
gene-rplR	rplR	7244
gene-rplS	rplS	769
gene-rplT	rplT	13060
gene-rplU	rplU	1060
gene-rplV	rplV	11439
gene-rplW	rplW	12859
gene-rplX	rplX	6082
gene-rplY	rplY	1109
gene-rpmA	rpmA	2133
gene-rpmB	rpmB	4549
gene-rpmC	rpmC	4881
gene-rpmD	rpmD	4496
gene-rpmE	rpmE	2308
gene-rpmF	rpmF	2541
gene-rpmG	rpmG	1556
gene-rpmH	rpmH	1453
gene-rpmI	rpmI	2641
gene-rpmJ	rpmJ	3627
gene-rpnA	rpnA	88
gene-rpnB	rpnB	274
gene-rpnC	rpnC	175
gene-rpnE	rpnE	17
gene-rpoA	rpoA	61291
gene-rpoB	rpoB	20340
gene-rpoC	rpoC	17783
gene-rpoD	rpoD	17573
gene-rpoE	rpoE	2315
gene-rpoH	rpoH	19433
gene-rpoN	rpoN	2014
gene-rpoS	rpoS	15734
gene-rpoZ	rpoZ	694
gene-rppH	rppH	351
gene-rpsA	rpsA	48093
gene-rpsB	rpsB	14527
gene-rpsC	rpsC	19881
gene-rpsD	rpsD	22449
gene-rpsE	rpsE	20039
gene-rpsF	rpsF	3348
gene-rpsG	rpsG	16950
gene-rpsH	rpsH	7353
gene-rpsI	rpsI	9707
gene-rpsJ	rpsJ	10977
gene-rpsK	rpsK	14198
gene-rpsL	rpsL	8757
gene-rpsM	rpsM	10391
gene-rpsN	rpsN	10576
gene-rpsO	rpsO	4706
gene-rpsP	rpsP	1479
gene-rpsQ	rpsQ	13438
gene-rpsR	rpsR	1571
gene-rpsS	rpsS	5969
gene-rpsT	rpsT	1238
gene-rpsU	rpsU	1892
gene-rraA	rraA	1183
gene-rraB	rraB	174
gene-rrf	rrf	0
gene-rrrD	rrrD	97
gene-rrrQ	rrrQ	66
gene-rsd	rsd	746
gene-rseA	rseA	8568
gene-rseB	rseB	3673
gene-rseC	rseC	1682
gene-rseD	rseD	62
gene-rseP	rseP	2948
gene-rsfS	rsfS	609
gene-rsgA	rsgA	1257
gene-rsmA	rsmA	1950
gene-rsmB	rsmB	967
gene-rsmC	rsmC	457
gene-rsmD	rsmD	149
gene-rsmE	rsmE	437
gene-rsmF	rsmF	288
gene-rsmG	rsmG	264
gene-rsmH	rsmH	1297
gene-rsmI	rsmI	208
gene-rsmJ	rsmJ	617
gene-rsmS	rsmS	10
gene-rspA	rspA	268
gene-rspB	rspB	110
gene-rssA	rssA	2153
gene-rssB	rssB	2425
gene-rstA	rstA	536
gene-rstB	rstB	446
gene-rsuA	rsuA	1523
gene-rsxA	rsxA	762
gene-rsxB	rsxB	1257
gene-rsxC	rsxC	1231
gene-rsxD	rsxD	496
gene-rsxE	rsxE	231
gene-rsxG	rsxG	132
gene-rtcA	rtcA	477
gene-rtcB	rtcB	446
gene-rtcR	rtcR	194
gene-rusA	rusA	44
gene-rutA	rutA	39
gene-rutB	rutB	11
gene-rutC	rutC	6
gene-rutD	rutD	21
gene-rutE	rutE	7
gene-rutF	rutF	13
gene-rutG	rutG	147
gene-rutR	rutR	267
gene-ruvA	ruvA	1237
gene-ruvB	ruvB	2200
gene-ruvC	ruvC	923
gene-ruvX	ruvX	567
gene-rzoD	rzoD	117
gene-rzpQ	rzpQ	50
gene-sad	sad	475
gene-safA	safA	22
gene-sanA	sanA	215
gene-sapA	sapA	691
gene-sapB	sapB	339
gene-sapC	sapC	169
gene-sapD	sapD	216
gene-sapF	sapF	155
gene-satP	satP	1091
gene-sbcB	sbcB	251
gene-sbcC	sbcC	224
gene-sbcD	sbcD	84
gene-sbmA	sbmA	417
gene-sbmC	sbmC	1487
gene-sbp	sbp	3582
gene-scpA	scpA	254
gene-scpB	scpB	55
gene-scpC	scpC	140
gene-sdaA	sdaA	7629
gene-sdaB	sdaB	469
gene-sdaC	sdaC	524
gene-sdhA	sdhA	1390
gene-sdhB	sdhB	525
gene-sdhC	sdhC	481
gene-sdhD	sdhD	285
gene-sdhE	sdhE	194
gene-sdiA	sdiA	2206
gene-secA	secA	1437
gene-secB	secB	2246
gene-secD	secD	4142
gene-secE	secE	3186
gene-secF	secF	3343
gene-secG	secG	2111
gene-secM	secM	381
gene-secY	secY	54838
gene-selA	selA	959
gene-selB	selB	1066
gene-selD	selD	907
gene-selO	selO	2868
gene-seqA	seqA	568
gene-serA	serA	1527
gene-serB	serB	1399
gene-serC	serC	1562
gene-serS	serS	3919
gene-setA	setA	329
gene-setB	setB	99
gene-setC	setC	112
gene-sfmD	sfmD	657
gene-sfmF	sfmF	32
gene-sfsA	sfsA	735
gene-sfsB	sfsB	111
gene-sgbU	sgbU	17
gene-sgcA	sgcA	24
gene-sgcB	sgcB	20
gene-sgcC	sgcC	165
gene-sgcE	sgcE	77
gene-sgcQ	sgcQ	105
gene-sgcR	sgcR	56
gene-sgcX	sgcX	459
gene-sgrR	sgrR	285
gene-sgrT	sgrT	28
gene-shiA	shiA	882
gene-shoB	shoB	122
gene-sieB	sieB	149
gene-sirB1	sirB1	759
gene-sirB2	sirB2	187
gene-sixA	sixA	4300
gene-skp	skp	1665
gene-slmA	slmA	220
gene-slp	slp	122
gene-sltY	sltY	1667
gene-slyA	slyA	998
gene-slyB	slyB	4043
gene-slyD	slyD	1653
gene-slyX	slyX	209
gene-smg	smg	1389
gene-smpB	smpB	506
gene-smrA	smrA	641
gene-smrB	smrB	194
gene-sodA	sodA	1876
gene-sodB	sodB	595
gene-sodC	sodC	843
gene-sohB	sohB	450
gene-solA	solA	670
gene-sopA	sopA	3230
gene-soxR	soxR	249
gene-soxS	soxS	913
gene-speA	speA	8980
gene-speB	speB	965
gene-speC	speC	771
gene-speD	speD	188
gene-speE	speE	729
gene-speF	speF	108
gene-speG	speG	389
gene-spoT	spoT	1680
gene-sppA	sppA	633
gene-spy	spy	377
gene-sra	sra	2090
gene-srkA	srkA	732
gene-srlA	srlA	24
gene-srlB	srlB	5
gene-srlD	srlD	60
gene-srlE	srlE	39
gene-srlR	srlR	232
gene-srmB	srmB	2797
gene-ssb1	ssb1	685
gene-sseA	sseA	768
gene-sseB	sseB	859
gene-sslE	sslE	1559
gene-ssnA	ssnA	56
gene-sspA	sspA	3024
gene-sspB	sspB	1944
gene-sstT	sstT	1624
gene-ssuA	ssuA	45
gene-ssuB	ssuB	113
gene-ssuC	ssuC	48
gene-ssuD	ssuD	58
gene-ssuE	ssuE	25
gene-stfQ	stfQ	123
gene-stfR	stfR	478
gene-sthA	sthA	542
gene-stpA	stpA	89
gene-sucA	sucA	468
gene-sucC	sucC	427
gene-sucD	sucD	410
gene-sufA	sufA	384
gene-sufB	sufB	1403
gene-sufC	sufC	536
gene-sufD	sufD	1229
gene-sufE	sufE	119
gene-sufS	sufS	843
gene-sugE	sugE	497
gene-suhB	suhB	1283
gene-sulA	sulA	5371
gene-surA	surA	2250
gene-surE	surE	2402
gene-sutR	sutR	241
gene-sxy	sxy	490
gene-syd	syd	170
gene-symE	symE	80
gene-tabA	tabA	130
gene-tadA	tadA	681
gene-tag	tag	612
gene-tal	tal	3090
gene-tam	tam	1368
gene-tamA	tamA	897
gene-tamB	tamB	2794
gene-tap	tap	5942
gene-tapT	tapT	173
gene-tar	tar	7664
gene-tas	tas	2801
gene-tatA	tatA	363
gene-tatB	tatB	577
gene-tatC	tatC	643
gene-tatD	tatD	330
gene-tatE	tatE	225
gene-tauA	tauA	160
gene-tauB	tauB	158
gene-tauC	tauC	127
gene-tauD	tauD	162
gene-tcdA	tcdA	955
gene-tcyJ	tcyJ	3445
gene-tcyL	tcyL	1583
gene-tcyP	tcyP	10597
gene-tdcA	tdcA	57
gene-tdcB	tdcB	128
gene-tdcC	tdcC	250
gene-tdcD	tdcD	150
gene-tdcE	tdcE	420
gene-tdcF	tdcF	73
gene-tdcG	tdcG	152
gene-tdcR	tdcR	0
gene-tdh	tdh	2304
gene-tdk	tdk	201
gene-tehA	tehA	667
gene-tehB	tehB	318
gene-tesA	tesA	215
gene-tesB	tesB	929
gene-tfaQ	tfaQ	67
gene-tfaR	tfaR	77
gene-tgt	tgt	1548
gene-thiB	thiB	308
gene-thiC	thiC	9732
gene-thiD	thiD	456
gene-thiE	thiE	2190
gene-thiF	thiF	1678
gene-thiG	thiG	1677
gene-thiH	thiH	2065
gene-thiI	thiI	954
gene-thiK	thiK	595
gene-thiL	thiL	237
gene-thiM	thiM	318
gene-thiP	thiP	339
gene-thiQ	thiQ	130
gene-thiS	thiS	328
gene-thpR	thpR	61
gene-thrA	thrA	12313
gene-thrB	thrB	3191
gene-thrC	thrC	2823
gene-thrL	thrL	112
gene-thrS	thrS	11881
gene-thyA	thyA	790
gene-tig	tig	4589
gene-tilS	tilS	1614
gene-timP	timP	726
gene-tisB	tisB	6469
gene-tkt	tkt	5525
gene-tldD	tldD	3071
gene-tmaR	tmaR	1313
gene-tmcA	tmcA	1357
gene-tmk	tmk	854
gene-tnaA	tnaA	119
gene-tnaB	tnaB	148
gene-tnaC	tnaC	1
gene-tnpA	tnpA	33
gene-tolA	tolA	2243
gene-tolB	tolB	4955
gene-tolC	tolC	4908
gene-tolQ	tolQ	1310
gene-tolR	tolR	521
gene-tomB	tomB	1836
gene-tonB	tonB	1539
gene-topA	topA	10486
gene-topB	topB	1270
gene-torA	torA	445
gene-torC	torC	73
gene-torD	torD	149
gene-torI	torI	90
gene-torR	torR	132
gene-torS	torS	695
gene-torT	torT	226
gene-torY	torY	380
gene-torZ	torZ	1394
gene-tpiA	tpiA	1602
gene-tpx	tpx	1415
gene-tqsA	tqsA	1029
gene-traA	traA	481
gene-traC	traC	1133
gene-traD	traD	1573
gene-traE	traE	253
gene-traF	traF	255
gene-traG	traG	1115
gene-traI	traI	5464
gene-traJ	traJ	208
gene-traK	traK	589
gene-traL	traL	248
gene-traN	traN	690
gene-traQ	traQ	64
gene-traR	traR	83
gene-traS	traS	144
gene-traV	traV	140
gene-traW	traW	404
gene-traX	traX	1101
gene-traY	traY	50
gene-trbA	trbA	50
gene-trbB	trbB	205
gene-trbC	trbC	360
gene-trbG	trbG	57
gene-trbI	trbI	153
gene-trbJ	trbJ	30
gene-treA	treA	529
gene-treB	treB	206
gene-treC	treC	42
gene-treF	treF	424
gene-treR	treR	173
gene-trg	trg	2030
gene-trhO	trhO	216
gene-trkA	trkA	916
gene-trkG	trkG	850
gene-trkH	trkH	1239
gene-trmA	trmA	2048
gene-trmB	trmB	1501
gene-trmD	trmD	11533
gene-trmH	trmH	152
gene-trmJ	trmJ	756
gene-trmL	trmL	108
gene-trmN	trmN	404
gene-trpA	trpA	339
gene-trpB	trpB	493
gene-trpCF	trpCF	601
gene-trpD	trpD	103
gene-trpE	trpE	92
gene-trpL	trpL	7
gene-trpR	trpR	103
gene-trpS	trpS	948
gene-truA	truA	1148
gene-truB	truB	5504
gene-truC	truC	301
gene-truD	truD	1190
gene-trxA	trxA	1056
gene-trxB	trxB	622
gene-trxC	trxC	244
gene-tsaA	tsaA	446
gene-tsaB	tsaB	269
gene-tsaC	tsaC	908
gene-tsaD	tsaD	1521
gene-tsaE	tsaE	750
gene-tsf	tsf	4001
gene-tsgA	tsgA	523
gene-tsr	tsr	11965
gene-tsuB	tsuB	2538
gene-tsx	tsx	338
gene-ttcA	ttcA	791
gene-ttdA	ttdA	135
gene-ttdB	ttdB	30
gene-ttdR	ttdR	78
gene-ttdT	ttdT	61
gene-tuf	tuf	41272
gene-tus	tus	235
gene-tusA	tusA	199
gene-tusB	tusB	354
gene-tusC	tusC	289
gene-tusD	tusD	244
gene-tusE	tusE	94
gene-tynA	tynA	126
gene-typA	typA	7313
gene-tyrA	tyrA	2006
gene-tyrB	tyrB	699
gene-tyrP	tyrP	710
gene-tyrR	tyrR	3532
gene-tyrS	tyrS	2563
gene-uacT	uacT	40
gene-ubiA	ubiA	764
gene-ubiB	ubiB	967
gene-ubiC	ubiC	502
gene-ubiD	ubiD	1871
gene-ubiE	ubiE	1258
gene-ubiF	ubiF	1546
gene-ubiG	ubiG	726
gene-ubiH	ubiH	678
gene-ubiI	ubiI	475
gene-ubiJ	ubiJ	894
gene-ubiK	ubiK	299
gene-ubiT	ubiT	623
gene-ubiU	ubiU	81
gene-ubiV	ubiV	98
gene-ubiX	ubiX	369
gene-ucpA	ucpA	2661
gene-udk	udk	235
gene-udp	udp	1060
gene-ugd	ugd	793
gene-ugpA	ugpA	367
gene-ugpB	ugpB	1723
gene-ugpC	ugpC	328
gene-ugpE	ugpE	143
gene-ugpQ	ugpQ	287
gene-uhpA	uhpA	803
gene-uhpB	uhpB	1619
gene-uhpC	uhpC	759
gene-uhpT	uhpT	307
gene-uidA	uidA	409
gene-uidB	uidB	138
gene-uidC	uidC	576
gene-uidR	uidR	1041
gene-ulaA	ulaA	84
gene-ulaB	ulaB	25
gene-ulaC	ulaC	49
gene-ulaD	ulaD	153
gene-ulaE	ulaE	165
gene-ulaF	ulaF	158
gene-ulaG	ulaG	72
gene-ulaR	ulaR	136
gene-umuC	umuC	4995
gene-umuD	umuD	1346
gene-ung	ung	224
gene-uof	uof	128
gene-upp	upp	889
gene-uraA	uraA	261
gene-usg	usg	953
gene-ushA	ushA	1157
gene-uspA	uspA	1290
gene-uspB	uspB	696
gene-uspC	uspC	49
gene-uspD	uspD	797
gene-uspF	uspF	1202
gene-uspG	uspG	1212
gene-uup	uup	1512
gene-uvrA	uvrA	8030
gene-uvrB	uvrB	10928
gene-uvrC	uvrC	1284
gene-uvrD	uvrD	2414
gene-uvrY	uvrY	926
gene-uxaA	uxaA	1679
gene-uxaB	uxaB	1497
gene-uxaC	uxaC	1640
gene-uxuA	uxuA	6335
gene-uxuB	uxuB	8500
gene-uxuR	uxuR	1743
gene-valS	valS	6262
gene-vapB	vapB	288
gene-vapC	vapC	1491
gene-ves	ves	1286
gene-viaA	viaA	667
gene-vsr	vsr	483
gene-waaA	waaA	892
gene-waaB	waaB	271
gene-waaH	waaH	509
gene-waaL	waaL	38
gene-waaO	waaO	142
gene-waaU	waaU	131
gene-waaZ	waaZ	137
gene-wbbI	wbbI	574
gene-wbbJ	wbbJ	356
gene-wbbK	wbbK	558
gene-wbbL	wbbL	615
gene-wcaA	wcaA	63
gene-wcaB	wcaB	26
gene-wcaC	wcaC	71
gene-wcaD	wcaD	175
gene-wcaE	wcaE	137
gene-wcaF	wcaF	82
gene-wcaI	wcaI	131
gene-wcaJ	wcaJ	139
gene-wcaK	wcaK	110
gene-wcaL	wcaL	225
gene-wcaM	wcaM	108
gene-wecA	wecA	2190
gene-wecB	wecB	1022
gene-wecC	wecC	1074
gene-wecH	wecH	231
gene-wrbA	wrbA	1903
gene-wza	wza	48
gene-wzb	wzb	8
gene-wzc	wzc	128
gene-wzx	wzx	727
gene-wzxC	wzxC	121
gene-wzxE	wzxE	1379
gene-wzy	wzy	401
gene-wzyE	wzyE	466
gene-wzz(fepE)	wzz(fepE)	54
gene-wzzB	wzzB	4466
gene-wzzE	wzzE	1512
gene-xanP	xanP	115
gene-xanQ	xanQ	157
gene-xapA	xapA	127
gene-xapB	xapB	225
gene-xapR	xapR	1035
gene-xdhA	xdhA	578
gene-xdhB	xdhB	57
gene-xdhC	xdhC	32
gene-xdhD	xdhD	786
gene-xerC	xerC	436
gene-xerD	xerD	863
gene-xisR	xisR	10
gene-xni	xni	220
gene-xseA	xseA	1908
gene-xseB	xseB	149
gene-xthA	xthA	742
gene-xylA	xylA	676
gene-xylB	xylB	893
gene-xylE	xylE	1309
gene-xylF	xylF	149
gene-xylG	xylG	125
gene-xylH	xylH	273
gene-xylR	xylR	155
gene-xynR	xynR	1605
gene-yaaA	yaaA	235
gene-yaaI	yaaI	6
gene-yaaJ	yaaJ	612
gene-yaaU	yaaU	76
gene-yaaX	yaaX	146
gene-yaaY	yaaY	186
gene-yabI	yabI	2105
gene-yacC	yacC	389
gene-yacG	yacG	160
gene-yacH	yacH	158
gene-yacL	yacL	142
gene-yadC	yadC	1186
gene-yadE	yadE	1224
gene-yadG	yadG	941
gene-yadH	yadH	829
gene-yadI	yadI	186
gene-yadK	yadK	214
gene-yadL	yadL	211
gene-yadM	yadM	256
gene-yadN	yadN	60
gene-yadS	yadS	224
gene-yadV	yadV	59
gene-yadX	yadX	28
gene-yaeF	yaeF	101
gene-yaeH	yaeH	531
gene-yaeI	yaeI	107
gene-yaeP	yaeP	223
gene-yaeQ	yaeQ	216
gene-yaeR	yaeR	446
gene-yafC	yafC	480
gene-yafD	yafD	1805
gene-yafE	yafE	955
gene-yafJ	yafJ	347
gene-yafL	yafL	144
gene-yafN	yafN	827
gene-yafO	yafO	930
gene-yafP	yafP	1134
gene-yafQ	yafQ	301
gene-yafS	yafS	286
gene-yafV	yafV	654
gene-yafW	yafW	5
gene-yafX	yafX	1
gene-yafZ	yafZ	101
gene-yagA	yagA	322
gene-yagB	yagB	52
gene-yagE	yagE	165
gene-yagF	yagF	398
gene-yagG	yagG	80
gene-yagH	yagH	49
gene-yagK	yagK	372
gene-yagL	yagL	84
gene-yagU	yagU	403
gene-yahB	yahB	217
gene-yahC	yahC	58
gene-yahD	yahD	66
gene-yahE	yahE	39
gene-yahG	yahG	235
gene-yahI	yahI	83
gene-yahJ	yahJ	203
gene-yahK	yahK	536
gene-yahN	yahN	78
gene-yahO	yahO	1024
gene-yaiA	yaiA	222
gene-yaiI	yaiI	87
gene-yaiL	yaiL	145
gene-yaiO	yaiO	260
gene-yaiP	yaiP	180
gene-yaiW	yaiW	416
gene-yaiY	yaiY	41
gene-yaiZ	yaiZ	64
gene-yajC	yajC	951
gene-yajD	yajD	209
gene-yajG	yajG	460
gene-yajI	yajI	109
gene-yajL	yajL	401
gene-yajO	yajO	1262
gene-yajQ	yajQ	803
gene-yajR	yajR	289
gene-ybaA	ybaA	396
gene-ybaB	ybaB	95
gene-ybaE	ybaE	73
gene-ybaK	ybaK	234
gene-ybaL	ybaL	5929
gene-ybaN	ybaN	205
gene-ybaP	ybaP	286
gene-ybaQ	ybaQ	120
gene-ybaT	ybaT	238
gene-ybaV	ybaV	134
gene-ybaY	ybaY	7399
gene-ybbA	ybbA	1448
gene-ybbC	ybbC	48
gene-ybbJ	ybbJ	622
gene-ybbO	ybbO	508
gene-ybbP	ybbP	2741
gene-ybbW	ybbW	142
gene-ybbY	ybbY	182
gene-ybcF	ybcF	55
gene-ybcH	ybcH	157
gene-ybcI	ybcI	78
gene-ybcJ	ybcJ	27
gene-ybcK	ybcK	83
gene-ybcL	ybcL	112
gene-ybcM	ybcM	846
gene-ybcN	ybcN	46
gene-ybcO	ybcO	56
gene-ybcV	ybcV	17
gene-ybdD	ybdD	122
gene-ybdF	ybdF	210
gene-ybdG	ybdG	709
gene-ybdJ	ybdJ	147
gene-ybdK	ybdK	968
gene-ybdL	ybdL	212
gene-ybdM	ybdM	60
gene-ybdN	ybdN	75
gene-ybdO	ybdO	27
gene-ybdR	ybdR	1041
gene-ybdZ	ybdZ	39
gene-ybeD	ybeD	540
gene-ybeF	ybeF	65
gene-ybeL	ybeL	1370
gene-ybeQ	ybeQ	140
gene-ybeR	ybeR	46
gene-ybeT	ybeT	25
gene-ybeU	ybeU	105
gene-ybeY	ybeY	633
gene-ybeZ	ybeZ	2057
gene-ybfA	ybfA	19
gene-ybfD	ybfD	31
gene-ybfE	ybfE	101
gene-ybfF	ybfF	282
gene-ybfQ	ybfQ	29
gene-ybgA	ybgA	166
gene-ybgC	ybgC	372
gene-ybgD	ybgD	16
gene-ybgE	ybgE	197
gene-ybgI	ybgI	446
gene-ybgO	ybgO	89
gene-ybgP	ybgP	24
gene-ybgQ	ybgQ	151
gene-ybgS	ybgS	2124
gene-ybhA	ybhA	215
gene-ybhB	ybhB	175
gene-ybhC	ybhC	540
gene-ybhD	ybhD	171
gene-ybhF	ybhF	2924
gene-ybhH	ybhH	181
gene-ybhI	ybhI	272
gene-ybhJ	ybhJ	829
gene-ybhL	ybhL	1337
gene-ybhM	ybhM	265
gene-ybhN	ybhN	353
gene-ybhP	ybhP	1037
gene-ybhQ	ybhQ	481
gene-ybhR	ybhR	217
gene-ybhS	ybhS	662
gene-ybiA	ybiA	84
gene-ybiB	ybiB	534
gene-ybiE	ybiE	24
gene-ybiI	ybiI	66
gene-ybiJ	ybiJ	77
gene-ybiO	ybiO	429
gene-ybiR	ybiR	1395
gene-ybiT	ybiT	2510
gene-ybiU	ybiU	446
gene-ybiV	ybiV	584
gene-ybiW	ybiW	148
gene-ybiX	ybiX	73
gene-ybiY	ybiY	5
gene-ybjC	ybjC	154
gene-ybjD	ybjD	467
gene-ybjG	ybjG	547
gene-ybjI	ybjI	444
gene-ybjJ	ybjJ	1052
gene-ybjL	ybjL	2577
gene-ybjM	ybjM	165
gene-ybjN	ybjN	247
gene-ybjO	ybjO	348
gene-ybjP	ybjP	841
gene-ybjQ	ybjQ	588
gene-ybjS	ybjS	405
gene-ybjT	ybjT	693
gene-ybjX	ybjX	4442
gene-ycaC	ycaC	179
gene-ycaD	ycaD	557
gene-ycaI	ycaI	3409
gene-ycaK	ycaK	72
gene-ycaL	ycaL	166
gene-ycaM	ycaM	296
gene-ycaN	ycaN	194
gene-ycaO	ycaO	455
gene-ycaP	ycaP	174
gene-ycaQ	ycaQ	1487
gene-ycaR	ycaR	85
gene-ycbF	ycbF	127
gene-ycbJ	ycbJ	707
gene-ycbU	ycbU	104
gene-ycbV	ycbV	87
gene-ycbX	ycbX	319
gene-ycbZ	ycbZ	1252
gene-yccA	yccA	2409
gene-yccE	yccE	56
gene-yccF	yccF	117
gene-yccJ	yccJ	994
gene-yccM	yccM	198
gene-yccS	yccS	514
gene-yccT	yccT	485
gene-yccU	yccU	385
gene-yccX	yccX	84
gene-ycdX	ycdX	533
gene-ycdY	ycdY	536
gene-ycdZ	ycdZ	584
gene-yceB	yceB	481
gene-yceD	yceD	4979
gene-yceF	yceF	621
gene-yceG	yceG	1277
gene-yceH	yceH	441
gene-yceI	yceI	181
gene-yceJ	yceJ	180
gene-yceK	yceK	18
gene-yceM	yceM	722
gene-ycfH	ycfH	2003
gene-ycfJ	ycfJ	458
gene-ycfL	ycfL	1191
gene-ycfP	ycfP	942
gene-ycfT	ycfT	49
gene-ycfZ	ycfZ	41
gene-ycgB	ycgB	928
gene-ycgJ	ycgJ	114
gene-ycgM	ycgM	627
gene-ycgN	ycgN	542
gene-ycgR	ycgR	2194
gene-ycgV	ycgV	939
gene-ycgX	ycgX	118
gene-ycgZ	ycgZ	654
gene-ychE	ychE	306
gene-ychF	ychF	1005
gene-ychH	ychH	804
gene-ychJ	ychJ	109
gene-ychN	ychN	42
gene-ychO	ychO	1034
gene-yciA	yciA	66
gene-yciB	yciB	549
gene-yciC	yciC	415
gene-yciE	yciE	1003
gene-yciF	yciF	1212
gene-yciG	yciG	368
gene-yciH	yciH	123
gene-yciI	yciI	70
gene-yciK	yciK	217
gene-yciN	yciN	140
gene-yciO	yciO	764
gene-yciQ	yciQ	571
gene-yciT	yciT	1445
gene-yciU	yciU	364
gene-yciV	yciV	318
gene-yciW	yciW	507
gene-yciY	yciY	74
gene-ycjD	ycjD	79
gene-ycjF	ycjF	741
gene-ycjG	ycjG	1636
gene-ycjM	ycjM	5462
gene-ycjN	ycjN	2209
gene-ycjO	ycjO	1675
gene-ycjP	ycjP	852
gene-ycjQ	ycjQ	1448
gene-ycjR	ycjR	970
gene-ycjS	ycjS	1437
gene-ycjT	ycjT	1921
gene-ycjW	ycjW	341
gene-ycjX	ycjX	1077
gene-ycjY	ycjY	133
gene-ydaF	ydaF	73
gene-ydaN	ydaN	6
gene-ydaS	ydaS	68
gene-ydaT	ydaT	70
gene-ydaU	ydaU	132
gene-ydaV	ydaV	103
gene-ydbD	ydbD	1419
gene-ydbH	ydbH	515
gene-ydbJ	ydbJ	1193
gene-ydbL	ydbL	76
gene-ydcF	ydcF	455
gene-ydcH	ydcH	123
gene-ydcI	ydcI	1260
gene-ydcJ	ydcJ	675
gene-ydcK	ydcK	332
gene-ydcL	ydcL	861
gene-ydcO	ydcO	231
gene-ydcR	ydcR	2048
gene-ydcS	ydcS	719
gene-ydcT	ydcT	425
gene-ydcU	ydcU	282
gene-ydcV	ydcV	108
gene-ydcY	ydcY	712
gene-ydcZ	ydcZ	274
gene-yddA	yddA	269
gene-yddB	yddB	232
gene-yddE	yddE	947
gene-yddG	yddG	169
gene-yddH	yddH	160
gene-yddL	yddL	9
gene-yddM	yddM	675
gene-ydeA	ydeA	344
gene-ydeE	ydeE	569
gene-ydeI	ydeI	587
gene-ydeJ	ydeJ	1556
gene-ydeM	ydeM	91
gene-ydeN	ydeN	150
gene-ydeO	ydeO	108
gene-ydeP	ydeP	2362
gene-ydeQ	ydeQ	610
gene-ydeR	ydeR	507
gene-ydeS	ydeS	736
gene-ydeT	ydeT	2397
gene-ydfA	ydfA	34
gene-ydfD	ydfD	9
gene-ydfG	ydfG	1014
gene-ydfH	ydfH	1012
gene-ydfI	ydfI	1212
gene-ydfJ	ydfJ	2607
gene-ydfK	ydfK	449
gene-ydfO	ydfO	10
gene-ydfR	ydfR	54
gene-ydfT	ydfT	185
gene-ydfU	ydfU	625
gene-ydfZ	ydfZ	63
gene-ydgA	ydgA	8373
gene-ydgC	ydgC	205
gene-ydgD	ydgD	4478
gene-ydgH	ydgH	509
gene-ydgI	ydgI	1160
gene-ydgJ	ydgJ	788
gene-ydgK	ydgK	1122
gene-ydgT	ydgT	462
gene-ydhF	ydhF	858
gene-ydhI	ydhI	234
gene-ydhJ	ydhJ	679
gene-ydhK	ydhK	941
gene-ydhL	ydhL	134
gene-ydhP	ydhP	1352
gene-ydhQ	ydhQ	3010
gene-ydhR	ydhR	879
gene-ydhS	ydhS	805
gene-ydhT	ydhT	217
gene-ydhU	ydhU	177
gene-ydhV	ydhV	405
gene-ydhW	ydhW	219
gene-ydhX	ydhX	183
gene-ydhY	ydhY	183
gene-ydiB	ydiB	199
gene-ydiF	ydiF	167
gene-ydiH	ydiH	103
gene-ydiJ	ydiJ	819
gene-ydiK	ydiK	1969
gene-ydiL	ydiL	46
gene-ydiM	ydiM	93
gene-ydiN	ydiN	296
gene-ydiO	ydiO	166
gene-ydiP	ydiP	116
gene-ydiQ	ydiQ	110
gene-ydiR	ydiR	231
gene-ydiS	ydiS	126
gene-ydiT	ydiT	26
gene-ydiV	ydiV	1347
gene-ydiY	ydiY	172
gene-ydjA	ydjA	382
gene-ydjE	ydjE	734
gene-ydjF	ydjF	322
gene-ydjG	ydjG	400
gene-ydjH	ydjH	228
gene-ydjI	ydjI	180
gene-ydjJ	ydjJ	122
gene-ydjK	ydjK	124
gene-ydjL	ydjL	141
gene-ydjM	ydjM	1064
gene-ydjX	ydjX	51
gene-ydjY	ydjY	65
gene-ydjZ	ydjZ	149
gene-yeaC	yeaC	237
gene-yeaD	yeaD	292
gene-yeaE	yeaE	552
gene-yeaG	yeaG	5764
gene-yeaH	yeaH	928
gene-yeaK	yeaK	394
gene-yeaL	yeaL	310
gene-yeaO	yeaO	128
gene-yeaQ	yeaQ	821
gene-yeaR	yeaR	69
gene-yeaV	yeaV	179
gene-yeaW	yeaW	100
gene-yeaX	yeaX	128
gene-yeaY	yeaY	707
gene-yebB	yebB	143
gene-yebC	yebC	1019
gene-yebE	yebE	5897
gene-yebF	yebF	14176
gene-yebG	yebG	4340
gene-yebO	yebO	1316
gene-yebQ	yebQ	306
gene-yebS	yebS	886
gene-yebT	yebT	2277
gene-yebV	yebV	901
gene-yebW	yebW	546
gene-yebY	yebY	1793
gene-yecA	yecA	512
gene-yecC	yecC	1603
gene-yecD	yecD	233
gene-yecE	yecE	123
gene-yecF	yecF	91
gene-yecH	yecH	59
gene-yecJ	yecJ	364
gene-yecM	yecM	270
gene-yecN	yecN	698
gene-yecR	yecR	155
gene-yecT	yecT	55
gene-yecV	yecV	48
gene-yedA	yedA	207
gene-yedD	yedD	755
gene-yedE	yedE	557
gene-yedF	yedF	123
gene-yedI	yedI	1171
gene-yedJ	yedJ	3882
gene-yedK	yedK	172
gene-yedL	yedL	109
gene-yedP	yedP	1516
gene-yedQ	yedQ	6465
gene-yeeA	yeeA	3793
gene-yeeE	yeeE	11383
gene-yeeJ	yeeJ	1108
gene-yeeN	yeeN	153
gene-yeeO	yeeO	2746
gene-yeeS	yeeS	31
gene-yeeT	yeeT	6
gene-yeeW	yeeW	16
gene-yeeY	yeeY	1371
gene-yeeZ	yeeZ	3187
gene-yefM	yefM	348
gene-yegD	yegD	975
gene-yegH	yegH	1179
gene-yegI	yegI	454
gene-yegJ	yegJ	131
gene-yegL	yegL	191
gene-yegP	yegP	883
gene-yegQ	yegQ	3498
gene-yegS	yegS	2256
gene-yegT	yegT	136
gene-yegU	yegU	96
gene-yegV	yegV	143
gene-yegW	yegW	369
gene-yegX	yegX	176
gene-yehA	yehA	120
gene-yehB	yehB	181
gene-yehC	yehC	7
gene-yehD	yehD	5
gene-yehE	yehE	218
gene-yehL	yehL	135
gene-yehM	yehM	300
gene-yehP	yehP	68
gene-yehQ	yehQ	225
gene-yehR	yehR	65
gene-yehS	yehS	876
gene-yehW	yehW	1199
gene-yehX	yehX	978
gene-yehY	yehY	2393
gene-yeiB	yeiB	696
gene-yeiE	yeiE	818
gene-yeiG	yeiG	294
gene-yeiH	yeiH	347
gene-yeiI	yeiI	374
gene-yeiL	yeiL	107
gene-yeiP	yeiP	249
gene-yeiQ	yeiQ	493
gene-yeiR	yeiR	524
gene-yeiS	yeiS	34
gene-yeiW	yeiW	68
gene-yejA	yejA	809
gene-yejB	yejB	186
gene-yejE	yejE	203
gene-yejF	yejF	153
gene-yejG	yejG	3709
gene-yejK	yejK	954
gene-yejL	yejL	315
gene-yejM	yejM	1246
gene-yejO	yejO	2039
gene-yfaA	yfaA	345
gene-yfaE	yfaE	41
gene-yfaL	yfaL	1742
gene-yfaP	yfaP	176
gene-yfaQ	yfaQ	494
gene-yfaT	yfaT	105
gene-yfaU	yfaU	96
gene-yfaV	yfaV	134
gene-yfaX	yfaX	48
gene-yfaY	yfaY	994
gene-yfaZ	yfaZ	209
gene-yfbK	yfbK	202
gene-yfbL	yfbL	47
gene-yfbM	yfbM	25
gene-yfbP	yfbP	230
gene-yfbR	yfbR	250
gene-yfbS	yfbS	1924
gene-yfbU	yfbU	1334
gene-yfbV	yfbV	1984
gene-yfcA	yfcA	307
gene-yfcC	yfcC	568
gene-yfcD	yfcD	784
gene-yfcE	yfcE	622
gene-yfcF	yfcF	660
gene-yfcG	yfcG	661
gene-yfcH	yfcH	3228
gene-yfcJ	yfcJ	1161
gene-yfcL	yfcL	114
gene-yfcO	yfcO	961
gene-yfcP	yfcP	57
gene-yfcQ	yfcQ	54
gene-yfcR	yfcR	55
gene-yfcS	yfcS	125
gene-yfcU	yfcU	1114
gene-yfcV	yfcV	189
gene-yfcZ	yfcZ	358
gene-yfdC	yfdC	307
gene-yfdE	yfdE	445
gene-yfdG	yfdG	130
gene-yfdH	yfdH	325
gene-yfdK	yfdK	90
gene-yfdM	yfdM	8
gene-yfdN	yfdN	42
gene-yfdQ	yfdQ	54
gene-yfdR	yfdR	8
gene-yfdV	yfdV	636
gene-yfdX	yfdX	358
gene-yfdY	yfdY	740
gene-yfeC	yfeC	54
gene-yfeD	yfeD	130
gene-yfeH	yfeH	276
gene-yfeK	yfeK	78
gene-yfeO	yfeO	606
gene-yfeR	yfeR	704
gene-yfeS	yfeS	409
gene-yfeX	yfeX	1869
gene-yfeY	yfeY	1914
gene-yfeZ	yfeZ	1179
gene-yffB	yffB	141
gene-yfgG	yfgG	392
gene-yfgH	yfgH	286
gene-yfgI	yfgI	242
gene-yfgJ	yfgJ	525
gene-yfgM	yfgM	1152
gene-yfgO	yfgO	971
gene-yfhH	yfhH	959
gene-yfhL	yfhL	287
gene-yfhM	yfhM	6179
gene-yfhR	yfhR	160
gene-yfhb	yfhb	889
gene-yfiB	yfiB	151
gene-yfiE	yfiE	600
gene-yfiF	yfiF	2678
gene-yfiL	yfiL	152
gene-yfiM	yfiM	47
gene-yfiR	yfiR	341
gene-yfjD	yfjD	727
gene-yfjF	yfjF	100
gene-yfjI	yfjI	72
gene-yfjJ	yfjJ	72
gene-yfjM	yfjM	20
gene-yfjP	yfjP	527
gene-yfjQ	yfjQ	100
gene-yfjR	yfjR	67
gene-yfjX	yfjX	5
gene-yfjY	yfjY	7
gene-yfjZ	yfjZ	4
gene-ygaC	ygaC	364
gene-ygaH	ygaH	96
gene-ygaM	ygaM	1059
gene-ygaP	ygaP	116
gene-ygaV	ygaV	37
gene-ygaZ	ygaZ	402
gene-ygbA	ygbA	389
gene-ygbE	ygbE	594
gene-ygbI	ygbI	442
gene-ygbJ	ygbJ	201
gene-ygbK	ygbK	618
gene-ygbL	ygbL	165
gene-ygbM	ygbM	180
gene-ygbN	ygbN	314
gene-ygcE	ygcE	140
gene-ygcG	ygcG	28
gene-ygcN	ygcN	358
gene-ygcO	ygcO	20
gene-ygcP	ygcP	60
gene-ygcQ	ygcQ	223
gene-ygcR	ygcR	201
gene-ygcS	ygcS	305
gene-ygcU	ygcU	226
gene-ygcW	ygcW	5
gene-ygdB	ygdB	131
gene-ygdD	ygdD	429
gene-ygdI	ygdI	1167
gene-ygdQ	ygdQ	730
gene-ygdR	ygdR	471
gene-ygeA	ygeA	284
gene-ygeG	ygeG	5
gene-ygeH	ygeH	12
gene-ygeV	ygeV	537
gene-ygeW	ygeW	32
gene-ygeY	ygeY	67
gene-ygfB	ygfB	283
gene-ygfF	ygfF	591
gene-ygfI	ygfI	457
gene-ygfK	ygfK	186
gene-ygfM	ygfM	30
gene-ygfS	ygfS	137
gene-ygfT	ygfT	565
gene-ygfX	ygfX	315
gene-ygfZ	ygfZ	856
gene-yggC	yggC	715
gene-yggE	yggE	3334
gene-yggI	yggI	312
gene-yggL	yggL	580
gene-yggM	yggM	115
gene-yggN	yggN	1566
gene-yggP	yggP	501
gene-yggR	yggR	174
gene-yggS	yggS	248
gene-yggT	yggT	460
gene-yggU	yggU	140
gene-yggX	yggX	88
gene-yghA	yghA	516
gene-yghB	yghB	611
gene-yghD	yghD	130
gene-yghG	yghG	39
gene-yghO	yghO	68
gene-yghQ	yghQ	165
gene-yghS	yghS	121
gene-yghT	yghT	44
gene-yghU	yghU	912
gene-yghW	yghW	196
gene-ygiB	ygiB	2398
gene-ygiC	ygiC	2275
gene-ygiD	ygiD	238
gene-ygiF	ygiF	847
gene-ygiL	ygiL	39
gene-ygiM	ygiM	1031
gene-ygiN	ygiN	446
gene-ygiQ	ygiQ	2072
gene-ygiS	ygiS	11083
gene-ygiV	ygiV	567
gene-ygiW	ygiW	925
gene-ygiZ	ygiZ	60
gene-ygjG	ygjG	1110
gene-ygjH	ygjH	38
gene-ygjI	ygjI	152
gene-ygjJ	ygjJ	69
gene-ygjK	ygjK	318
gene-ygjP	ygjP	58
gene-ygjQ	ygjQ	62
gene-ygjR	ygjR	400
gene-ygjV	ygjV	109
gene-yhaC	yhaC	14
gene-yhaH	yhaH	595
gene-yhaI	yhaI	353
gene-yhaJ	yhaJ	724
gene-yhaK	yhaK	50
gene-yhaV	yhaV	1311
gene-yhbE	yhbE	2177
gene-yhbO	yhbO	267
gene-yhbP	yhbP	325
gene-yhbQ	yhbQ	49
gene-yhbS	yhbS	902
gene-yhbW	yhbW	496
gene-yhbX	yhbX	239
gene-yhbY	yhbY	177
gene-yhcA	yhcA	79
gene-yhcC	yhcC	172
gene-yhcD	yhcD	523
gene-yhcF	yhcF	110
gene-yhcG	yhcG	424
gene-yhcN	yhcN	165
gene-yhcO	yhcO	128
gene-yhdE	yhdE	534
gene-yhdH	yhdH	499
gene-yhdJ	yhdJ	89
gene-yhdN	yhdN	441
gene-yhdP	yhdP	2799
gene-yhdT	yhdT	16
gene-yhdU	yhdU	14
gene-yhdX	yhdX	128
gene-yhdY	yhdY	86
gene-yhdZ	yhdZ	114
gene-yheO	yheO	594
gene-yheS	yheS	1001
gene-yheT	yheT	345
gene-yheU	yheU	64
gene-yheV	yheV	90
gene-yhfA	yhfA	142
gene-yhfG	yhfG	233
gene-yhfK	yhfK	803
gene-yhfL	yhfL	44
gene-yhfS	yhfS	328
gene-yhfT	yhfT	281
gene-yhfU	yhfU	12
gene-yhfW	yhfW	47
gene-yhfX	yhfX	39
gene-yhfY	yhfY	13
gene-yhgE	yhgE	620
gene-yhgF	yhgF	856
gene-yhgN	yhgN	228
gene-yhhA	yhhA	351
gene-yhhH	yhhH	2
gene-yhhI	yhhI	49
gene-yhhJ	yhhJ	1088
gene-yhhL	yhhL	109
gene-yhhM	yhhM	79
gene-yhhN	yhhN	687
gene-yhhQ	yhhQ	1306
gene-yhhS	yhhS	1240
gene-yhhT	yhhT	465
gene-yhhW	yhhW	988
gene-yhhX	yhhX	2523
gene-yhhY	yhhY	72
gene-yhiD	yhiD	85
gene-yhiI	yhiI	4561
gene-yhiJ	yhiJ	100
gene-yhiM	yhiM	216
gene-yhiN	yhiN	1670
gene-yhiY	yhiY	512
gene-yhjB	yhjB	125
gene-yhjD	yhjD	1054
gene-yhjE	yhjE	933
gene-yhjG	yhjG	11480
gene-yhjJ	yhjJ	1041
gene-yhjV	yhjV	336
gene-yhjX	yhjX	963
gene-yhjY	yhjY	1876
gene-yiaA	yiaA	78
gene-yiaC	yiaC	388
gene-yiaD	yiaD	126
gene-yiaF	yiaF	2994
gene-yiaG	yiaG	627
gene-yiaJ	yiaJ	231
gene-yiaK	yiaK	44
gene-yiaL	yiaL	15
gene-yiaM	yiaM	16
gene-yiaN	yiaN	31
gene-yiaO	yiaO	50
gene-yiaT	yiaT	236
gene-yiaU	yiaU	197
gene-yiaV	yiaV	520
gene-yiaW	yiaW	13
gene-yiaY	yiaY	154
gene-yibA	yibA	91
gene-yibB	yibB	205
gene-yibF	yibF	1324
gene-yibG	yibG	78
gene-yibH	yibH	313
gene-yibI	yibI	104
gene-yibL	yibL	265
gene-yibN	yibN	1086
gene-yibQ	yibQ	420
gene-yicC	yicC	1230
gene-yicG	yicG	94
gene-yicH	yicH	1914
gene-yicI	yicI	302
gene-yicJ	yicJ	144
gene-yicL	yicL	174
gene-yicN	yicN	228
gene-yidA	yidA	253
gene-yidB	yidB	248
gene-yidC	yidC	4814
gene-yidD	yidD	695
gene-yidE	yidE	1590
gene-yidF	yidF	65
gene-yidG	yidG	89
gene-yidH	yidH	82
gene-yidJ	yidJ	152
gene-yidK	yidK	175
gene-yidL	yidL	105
gene-yidP	yidP	54
gene-yidQ	yidQ	638
gene-yidR	yidR	163
gene-yidZ	yidZ	81
gene-yieE	yieE	741
gene-yieF	yieF	677
gene-yieH	yieH	146
gene-yieK	yieK	113
gene-yieL	yieL	287
gene-yieP	yieP	297
gene-yifB	yifB	111
gene-yifK	yifK	497
gene-yifL	yifL	130
gene-yigA	yigA	586
gene-yigB	yigB	205
gene-yigE	yigE	76
gene-yigF	yigF	58
gene-yigI	yigI	308
gene-yigL	yigL	428
gene-yigZ	yigZ	283
gene-yihA	yihA	209
gene-yihD	yihD	60
gene-yihF	yihF	231
gene-yihG	yihG	127
gene-yihI	yihI	313
gene-yihL	yihL	27
gene-yihM	yihM	93
gene-yihN	yihN	146
gene-yihO	yihO	338
gene-yihP	yihP	55
gene-yihQ	yihQ	129
gene-yihR	yihR	19
gene-yihS	yihS	42
gene-yihT	yihT	13
gene-yihU	yihU	15
gene-yihV	yihV	127
gene-yihX	yihX	1634
gene-yihY	yihY	829
gene-yiiE	yiiE	30
gene-yiiG	yiiG	102
gene-yiiM	yiiM	445
gene-yiiQ	yiiQ	60
gene-yiiR	yiiR	169
gene-yiiS	yiiS	187
gene-yiiX	yiiX	469
gene-yijD	yijD	709
gene-yijE	yijE	349
gene-yijF	yijF	41
gene-yijO	yijO	80
gene-yjaB	yjaB	175
gene-yjaG	yjaG	591
gene-yjaH	yjaH	568
gene-yjaZ	yjaZ	140
gene-yjbB	yjbB	1193
gene-yjbD	yjbD	91
gene-yjbE	yjbE	6
gene-yjbF	yjbF	39
gene-yjbG	yjbG	42
gene-yjbH	yjbH	996
gene-yjbJ	yjbJ	1099
gene-yjbQ	yjbQ	382
gene-yjbR	yjbR	291
gene-yjcB	yjcB	832
gene-yjcE	yjcE	968
gene-yjcH	yjcH	37
gene-yjcO	yjcO	132
gene-yjcS	yjcS	148
gene-yjdC	yjdC	1498
gene-yjdF	yjdF	71
gene-yjdI	yjdI	134
gene-yjdJ	yjdJ	120
gene-yjdM	yjdM	394
gene-yjdN	yjdN	720
gene-yjdP	yjdP	249
gene-yjeH	yjeH	347
gene-yjeI	yjeI	366
gene-yjeJ	yjeJ	363
gene-yjeM	yjeM	1636
gene-yjeO	yjeO	405
gene-yjeT	yjeT	95
gene-yjfC	yjfC	805
gene-yjfF	yjfF	182
gene-yjfI	yjfI	66
gene-yjfJ	yjfJ	302
gene-yjfK	yjfK	118
gene-yjfL	yjfL	217
gene-yjfM	yjfM	558
gene-yjfN	yjfN	296
gene-yjfP	yjfP	175
gene-yjfY	yjfY	46
gene-yjfZ	yjfZ	128
gene-yjgA	yjgA	455
gene-yjgH	yjgH	176
gene-yjgM	yjgM	227
gene-yjgN	yjgN	64
gene-yjgR	yjgR	1518
gene-yjhF	yjhF	327
gene-yjhG	yjhG	530
gene-yjhH	yjhH	342
gene-yjhI	yjhI	134
gene-yjhP	yjhP	85
gene-yjhQ	yjhQ	50
gene-yjhR	yjhR	231
gene-yjhU	yjhU	1147
gene-yjiA	yjiA	128
gene-yjiC	yjiC	72
gene-yjiG	yjiG	43
gene-yjiJ	yjiJ	435
gene-yjiK	yjiK	103
gene-yjiL	yjiL	323
gene-yjiM	yjiM	1046
gene-yjiN	yjiN	1837
gene-yjiR	yjiR	1552
gene-yjiS	yjiS	3
gene-yjiT	yjiT	451
gene-yjiX	yjiX	10
gene-yjjA	yjjA	242
gene-yjjB	yjjB	41
gene-yjjG	yjjG	1648
gene-yjjI	yjjI	39
gene-yjjJ	yjjJ	4566
gene-yjjP	yjjP	242
gene-yjjQ	yjjQ	111
gene-yjjU	yjjU	2100
gene-yjjV	yjjV	1592
gene-yjjW	yjjW	56
gene-yjjX	yjjX	431
gene-yjjZ	yjjZ	348
gene-yjtD	yjtD	206
gene-ykfA	ykfA	1055
gene-ykfC	ykfC	926
gene-ykfF	ykfF	12
gene-ykfG	ykfG	6
gene-ykfH	ykfH	3
gene-ykfI	ykfI	8
gene-ykgE	ykgE	202
gene-ykgF	ykgF	598
gene-ykgG	ykgG	213
gene-ykgJ	ykgJ	39
gene-ykgM	ykgM	3
gene-ykgO	ykgO	1
gene-ykgV	ykgV	7
gene-ykiE	ykiE	20
gene-ylaC	ylaC	1286
gene-ylbE	ylbE	162
gene-ylbF	ylbF	172
gene-ylbG	ylbG	32
gene-ylcG	ylcG	23
gene-ylcI	ylcI	7
gene-yliI	yliI	964
gene-yljB	yljB	71
gene-ymcE	ymcE	7
gene-ymcF	ymcF	46
gene-ymdA	ymdA	62
gene-ymdB	ymdB	220
gene-ymdF	ymdF	131
gene-ymfA	ymfA	50
gene-ymgA	ymgA	900
gene-ymgD	ymgD	172
gene-ymgE	ymgE	169
gene-ymgG	ymgG	90
gene-ymiA	ymiA	34
gene-ymiD	ymiD	13
gene-ymjA	ymjA	80
gene-ynaA	ynaA	341
gene-ynaI	ynaI	329
gene-ynaK	ynaK	333
gene-ynbA	ynbA	183
gene-ynbB	ynbB	498
gene-ynbC	ynbC	1336
gene-ynbD	ynbD	1054
gene-ynbE	ynbE	31
gene-yncD	yncD	3889
gene-yncE	yncE	4177
gene-yncG	yncG	274
gene-yncH	yncH	28
gene-yncJ	yncJ	125
gene-yncL	yncL	71
gene-yncP	yncP	197
gene-yneE	yneE	149
gene-yneG	yneG	238
gene-yneJ	yneJ	613
gene-yneK	yneK	58
gene-ynfA	ynfA	122
gene-ynfB	ynfB	221
gene-ynfC	ynfC	1128
gene-ynfD	ynfD	319
gene-ynfE	ynfE	333
gene-ynfF	ynfF	289
gene-ynfH	ynfH	301
gene-ynfL	ynfL	704
gene-ynfM	ynfM	1111
gene-ynfO	ynfO	0
gene-ynfQ	ynfQ	17
gene-ynfU	ynfU	25
gene-ynhF	ynhF	80
gene-yniA	yniA	3884
gene-yniB	yniB	692
gene-ynjA	ynjA	199
gene-ynjB	ynjB	481
gene-ynjC	ynjC	347
gene-ynjD	ynjD	159
gene-ynjE	ynjE	225
gene-ynjF	ynjF	289
gene-ynjH	ynjH	252
gene-ynjI	ynjI	271
gene-yoaA	yoaA	1450
gene-yoaB	yoaB	216
gene-yoaC	yoaC	920
gene-yoaE	yoaE	2871
gene-yoaF	yoaF	263
gene-yoaG	yoaG	30
gene-yoaH	yoaH	55
gene-yoaJ	yoaJ	2
gene-yoaK	yoaK	18
gene-yobA	yobA	1942
gene-yobB	yobB	1024
gene-yobD	yobD	46
gene-yobF	yobF	427
gene-yobH	yobH	97
gene-yobI	yobI	13
gene-yodB	yodB	89
gene-yodC	yodC	575
gene-yodD	yodD	686
gene-yoeB	yoeB	374
gene-yoeI	yoeI	18
gene-yohC	yohC	1303
gene-yohD	yohD	1067
gene-yohF	yohF	545
gene-yohJ	yohJ	177
gene-yohK	yohK	424
gene-yohO	yohO	76
gene-yohP	yohP	133
gene-yojI	yojI	1626
gene-ypdA	ypdA	638
gene-ypdB	ypdB	530
gene-ypdC	ypdC	499
gene-ypdE	ypdE	109
gene-ypdF	ypdF	131
gene-ypdI	ypdI	20
gene-ypdK	ypdK	39
gene-ypeA	ypeA	865
gene-ypeB	ypeB	238
gene-ypeC	ypeC	90
gene-ypfG	ypfG	430
gene-ypfH	ypfH	544
gene-ypfJ	ypfJ	931
gene-ypfM	ypfM	21
gene-ypfN	ypfN	548
gene-yphA	yphA	650
gene-yphB	yphB	621
gene-yphC	yphC	896
gene-yphD	yphD	781
gene-yphE	yphE	1151
gene-yphF	yphF	604
gene-yphG	yphG	407
gene-yphH	yphH	365
gene-ypjA	ypjA	5890
gene-ypjD	ypjD	442
gene-ypjF	ypjF	34
gene-ypjJ	ypjJ	9
gene-yqaA	yqaA	876
gene-yqaB	yqaB	751
gene-yqaE	yqaE	435
gene-yqcA	yqcA	166
gene-yqcC	yqcC	36
gene-yqcE	yqcE	94
gene-yqeB	yqeB	358
gene-yqeC	yqeC	136
gene-yqeF	yqeF	841
gene-yqeG	yqeG	199
gene-yqeH	yqeH	75
gene-yqeI	yqeI	26
gene-yqfA	yqfA	1557
gene-yqfB	yqfB	70
gene-yqgA	yqgA	118
gene-yqgB	yqgB	132
gene-yqgE	yqgE	897
gene-yqgH	yqgH	5
gene-yqhA	yqhA	475
gene-yqhC	yqhC	884
gene-yqhD	yqhD	200
gene-yqhG	yqhG	77
gene-yqhH	yqhH	23
gene-yqiA	yqiA	705
gene-yqiB	yqiB	449
gene-yqiH	yqiH	40
gene-yqiI	yqiI	169
gene-yqiJ	yqiJ	80
gene-yqiK	yqiK	249
gene-yqiM	yqiM	69
gene-yqjA	yqjA	810
gene-yqjC	yqjC	6478
gene-yqjD	yqjD	5004
gene-yqjE	yqjE	8880
gene-yqjF	yqjF	2601
gene-yqjG	yqjG	1088
gene-yqjK	yqjK	8362
gene-yraH	yraH	59
gene-yraI	yraI	12
gene-yraJ	yraJ	202
gene-yraK	yraK	141
gene-yraN	yraN	57
gene-yraP	yraP	460
gene-yraQ	yraQ	1545
gene-yraR	yraR	497
gene-yrbG	yrbG	960
gene-yrbL	yrbL	12659
gene-yrbN	yrbN	245
gene-yrdA	yrdA	616
gene-yrdB	yrdB	404
gene-yrdD	yrdD	1144
gene-yrfG	yrfG	913
gene-yrhB	yrhB	168
gene-ysaA	ysaA	126
gene-ysaB	ysaB	330
gene-ysaE	ysaE	61
gene-ysdE	ysdE	0
gene-ysgA	ysgA	2058
gene-ysgD	ysgD	12
gene-yshB	yshB	402
gene-ytcA	ytcA	4
gene-ytfB	ytfB	911
gene-ytfE	ytfE	325
gene-ytfF	ytfF	404
gene-ytfH	ytfH	373
gene-ytfJ	ytfJ	234
gene-ytfK	ytfK	2380
gene-ytfP	ytfP	429
gene-ytfQ	ytfQ	490
gene-ytfR	ytfR	403
gene-ytfT	ytfT	193
gene-ytgA	ytgA	80
gene-ytiA	ytiA	37
gene-ytjA	ytjA	3784
gene-ytjB	ytjB	112
gene-yvcK	yvcK	341
gene-zapA	zapA	656
gene-zapB	zapB	269
gene-zapC	zapC	1777
gene-zapD	zapD	635
gene-zapE	zapE	262
gene-zapG	zapG	332
gene-zinT	zinT	111
gene-zipA	zipA	13745
gene-zitB	zitB	713
gene-zntA	zntA	968
gene-zntB	zntB	3073
gene-zntR	zntR	539
gene-znuA	znuA	830
gene-znuB	znuB	626
gene-znuC	znuC	406
gene-zraP	zraP	12
gene-zraR	zraR	716
gene-zraS	zraS	466
gene-zupT	zupT	880
gene-zur	zur	87
gene-zwf	zwf	1136
mCherry	mCherry	660
rna-HQ24_RS01020		1730
rna-HQ24_RS01035		4055
rna-HQ24_RS13395		4088
rna-HQ24_RS13405		1778
rna-HQ24_RS17410		4077
rna-HQ24_RS17425		1811
rna-HQ24_RS19945		1744
rna-HQ24_RS19955		4248
rna-HQ24_RS20405		1745
rna-HQ24_RS20420		4265
rna-HQ24_RS21025		1756
rna-HQ24_RS21035		4197
rna-HQ24_RS21225		1691
rna-HQ24_RS21235		3969
rna-HQ24_RS23510		8
rna-HQ24_RS23515		2
rna-HQ24_RS23520		3
rna-HQ24_RS23535		116
rna-HQ24_RS23540		118
rna-HQ24_RS23545		220
rna-HQ24_RS23550		101
rna-HQ24_RS23570		10
rna-ffs	ffs	140
rna-rnpB	rnpB	186767
rna-rprA	rprA	57
rna-rrf	rrf	111
rna-ssrA	ssrA	32069
rna-ssrS	ssrS	88650
tetR	tetR	34
__no_feature		928839
__ambiguous		230998
__too_low_aQual		0
__not_aligned		131461
__alignment_not_unique		0
