,length,ID
thrL,66,thrL
thrA,2463,thrA
thrB,933,thrB
thrC,1287,thrC
yaaX,297,yaaX
yaaA,777,yaaA
yaaJ,1431,yaaJ
tal,1905,tal
mog,588,mog
satP,567,satP
msyB,1089,msyB
yaaI,405,yaaI
dnaK,1917,dnaK
dnaJ,1131,dnaJ
insL3,3339,insL3
mokC,153,mokC
nhaA,1167,nhaA
nhaR,900,nhaR
HQ24_RS00100,698,HQ24_RS00100
rpsT,264,rpsT
yaaY,219,yaaY
ribF,942,ribF
ileS,2817,ileS
lspA,495,lspA
fkpB,450,fkpB
ispH,951,ispH
rihC,915,rihC
dapB,822,dapB
carA,1149,carA
carB,3222,carB
caiF,396,caiF
caiE,591,caiE
caiD,786,caiD
caiC,1554,caiC
caiB,1218,caiB
caiA,1143,caiA
caiT,1515,caiT
fixA,771,fixA
fixB,942,fixB
fixC,1287,fixC
fixX,288,fixX
yaaU,1332,yaaU
kefF,531,kefF
kefC,1863,kefC
folA,480,folA
apaH,843,apaH
apaG,378,apaG
rsmA,822,rsmA
pdxA,990,pdxA
surA,1287,surA
lptD,2355,lptD
djlA,816,djlA
yabP,651,yabP
yabQ,159,yabQ
rluA,660,rluA
rapA,2907,rapA
polB,2352,polB
araD,1392,araD
araA,1503,araA
araB,1701,araB
araC,879,araC
yabI,765,yabI
thiQ,699,thiQ
thiP,1611,thiP
thiB,984,thiB
sgrR,1656,sgrR
sgrT,132,sgrT
setA,1179,setA
leuD,606,leuD
leuC,1401,leuC
leuB,1092,leuB
leuA,1572,leuA
leuL,87,leuL
leuO,945,leuO
HQ24_RS25985,45,HQ24_RS25985
ilvI,1725,ilvI
ilvN,783,ilvN
HQ24_RS00405,87,HQ24_RS00405
cra,1005,cra
mraZ,459,mraZ
rsmH,942,rsmH
ftsL,366,ftsL
ftsI,1767,ftsI
murE,1488,murE
murF,1359,murF
mraY,1083,mraY
murD,1317,murD
ftsW,1245,ftsW
murG,1068,murG
murC,1476,murC
ddlB,921,ddlB
ftsQ,831,ftsQ
ftsA,1263,ftsA
ftsZ,1152,ftsZ
lpxC,918,lpxC
secM,513,secM
secA,2706,secA
mutT,390,mutT
yacG,198,yacG
zapD,744,zapD
coaE,621,coaE
HQ24_RS26585,45,HQ24_RS26585
guaC,1044,guaC
hofC,1203,hofC
gspE,2868,gspE
ppdD,441,ppdD
nadC,894,nadC
ampD,552,ampD
ampE,855,ampE
aroP,1374,aroP
pdhR,765,pdhR
aceE,2664,aceE
aceF,1893,aceF
lpdA,1425,lpdA
yacH,1854,yacH
acnB,2598,acnB
yacL,363,yacL
speD,795,speD
speE,867,speE
yacC,348,yacC
cueO,1551,cueO
gcd,2391,gcd
hpt,537,hpt
can,663,can
yadG,927,yadG
yadH,771,yadH
yadI,441,yadI
yadE,1230,yadE
panD,381,panD
rpnC,903,rpnC
panC,852,panC
panB,795,panB
yadC,1239,yadC
yadK,597,yadK
yadL,606,yadL
yadM,570,yadM
htrE,2598,htrE
yadV,741,yadV
yadN,585,yadN
folK,480,folK
pcnB,1398,pcnB
gluQRS,897,gluQRS
dksA,456,dksA
sfsA,705,sfsA
thpR,531,thpR
hrpB,2430,hrpB
mrcB,2535,mrcB
fhuA,2244,fhuA
fhuC,798,fhuC
fhuD,891,fhuD
fhuB,1983,fhuB
hemL,1281,hemL
yadX,48,yadX
clcA,1422,clcA
yadW,66,yadW
erpA,345,erpA
yadS,624,yadS
btuF,801,btuF
mtnN,699,mtnN
dgt,1518,dgt
degP,1425,degP
cdaR,1158,cdaR
yaeH,387,yaeH
yaeI,813,yaeI
dapD,825,dapD
glnD,2673,glnD
map,795,map
rpsB,726,rpsB
tsf,852,tsf
pyrH,726,pyrH
frr,558,frr
ispC,1197,ispC
ispU,759,ispU
cdsA,858,cdsA
rseP,1353,rseP
bamA,2433,bamA
skp,486,skp
lpxD,1026,lpxD
fabZ,456,fabZ
lpxA,789,lpxA
lpxB,1149,lpxB
rnhB,597,rnhB
dnaE,3483,dnaE
accA,960,accA
ldcC,2142,ldcC
yaeR,390,yaeR
tilS,1299,tilS
rof,261,rof
yaeP,201,yaeP
yaeQ,546,yaeQ
arfB,423,arfB
nlpE,711,nlpE
yaeF,825,yaeF
proS,1719,proS
tsaA,708,tsaA
rcsF,405,rcsF
metQ,816,metQ
metI,654,metI
metN,1032,metN
gmhB,576,gmhB
rrsD,6168,rrsD
HQ24_RS01025,77,HQ24_RS01025
HQ24_RS01030,76,HQ24_RS01030
rrlB,8713,rrlB
rrf,928,rrf
HQ24_RS01045,77,HQ24_RS01045
dkgB,804,dkgB
yafC,915,yafC
yafD,801,yafD
mltD,1359,mltD
gloB,756,gloB
yafS,723,yafS
rnhA,468,rnhA
dnaQ,732,dnaQ
HQ24_RS01095,77,HQ24_RS01095
HQ24_RS01100,786,HQ24_RS01100
ykfM,480,ykfM
yafV,771,yafV
ivy,447,ivy
fadE,2445,fadE
lpcA,579,lpcA
yafJ,768,yafJ
dpaA,741,dpaA
yafQ,279,yafQ
dinJ,261,dinJ
yafL,750,yafL
rayT,498,rayT
lafU,786,lafU
dinB,1056,dinB
yafN,294,yafN
yafO,399,yafO
yafP,453,yafP
pepD,1458,pepD
gpt,459,gpt
frsA,1245,frsA
crl,402,crl
phoE,1056,phoE
proB,1104,proB
proA,1254,proA
HQ24_RS01245,76,HQ24_RS01245
ykfI,342,ykfI
yafW,318,yafW
ykfH,222,ykfH
ykfG,477,ykfG
yafX,459,yafX
ykfF,240,ykfF
ykfB,468,ykfB
yafY,444,yafY
ypjK,465,ypjK
yafZ,822,yafZ
ykfA,864,ykfA
perR,894,perR
insI2,1152,insI2
insH6,9810,insH6
mmuP,1404,mmuP
mmuM,933,mmuM
fbpC,1047,fbpC
HQ24_RS01360,698,HQ24_RS01360
yagB,351,yagB
yagA,1155,yagA
yagE,909,yagE
yagF,1968,yagF
yagG,1383,yagG
yagH,1611,yagH
xynR,759,xynR
argF,2010,argF
argL,96,argL
HQ24_RS01415,698,HQ24_RS01415
yagJ,732,yagJ
yagK,627,yagK
yagL,699,yagL
yagM,855,yagM
ykgV,225,ykgV
yagN,441,yagN
intF,1401,intF
paoD,957,paoD
paoC,2199,paoC
paoB,957,paoB
paoA,690,paoA
yagU,615,yagU
ykgJ,330,ykgJ
ecpE,711,ecpE
ecpD,1644,ecpD
ecpC,2526,ecpC
ecpB,669,ecpB
ecpA,588,ecpA
ecpR,543,ecpR
ykgL,228,ykgL
ykgO,141,ykgO
ykgM,264,ykgM
HXF02_RS00095,6978,HXF02_RS00095
rclC,594,rclC
rclB,237,rclB
rclA,1326,rclA
rclR,855,rclR
ykgE,720,ykgE
ykgF,1428,ykgF
ykgG,696,ykgG
ykgH,669,ykgH
betA,1671,betA
betB,1473,betB
betI,588,betI
betT,2034,betT
HQ24_RS26030,75,HQ24_RS26030
pdeL,1089,pdeL
yahB,933,yahB
yahC,498,yahC
yahD,606,yahD
yahE,864,yahE
fdrA,3216,fdrA
yahG,1419,yahG
yahI,951,yahI
yahJ,1383,yahJ
yahK,1050,yahK
yahL,816,yahL
yahM,246,yahM
yahN,672,yahN
yahO,276,yahO
prpR,1587,prpR
prpB,891,prpB
prpC,1170,prpC
prpD,1452,prpD
prpE,1887,prpE
codB,1260,codB
codA,1284,codA
cynR,900,cynR
cynT,660,cynT
cynS,471,cynS
cynX,1182,cynX
lacA,612,lacA
lacY,1254,lacY
lacZ,3075,lacZ
lacI,1083,lacI
mhpR,834,mhpR
mhpA,1665,mhpA
mhpB,945,mhpB
mhpC,867,mhpC
mhpD,810,mhpD
mhpF,951,mhpF
dmpG,1014,dmpG
mhpT,1212,mhpT
yaiL,540,yaiL
fghA,834,fghA
frmA,1110,frmA
frmR,276,frmR
yaiO,774,yaiO
HQ24_RS01850,444,HQ24_RS01850
HXF02_RS00105,9832,HXF02_RS00105
yaiP,1197,yaiP
tauA,963,tauA
tauB,768,tauB
tauC,828,tauC
tauD,852,tauD
hemB,975,hemB
iprA,624,iprA
ampH,1158,ampH
sbmA,1221,sbmA
yaiW,1095,yaiW
yaiY,309,yaiY
yaiZ,213,yaiZ
ddlA,1095,ddlA
HQ24_RS26525,204,HQ24_RS26525
iraP,261,iraP
phoA,1416,phoA
psiF,321,psiF
adrA,1116,adrA
proC,810,proC
yaiI,459,yaiI
aroL,525,aroL
yaiA,192,yaiA
aroM,678,aroM
ppnP,285,ppnP
HQ24_RS26045,84,HQ24_RS26045
rdgC,912,rdgC
mak,909,mak
araJ,1185,araJ
sbcC,3147,sbcC
sbcD,1203,sbcD
phoB,690,phoB
phoR,1296,phoR
brnQ,1320,brnQ
proY,1374,proY
malZ,1818,malZ
acpH,582,acpH
queA,1071,queA
tgt,1128,tgt
yajC,333,yajC
secD,1848,secD
secF,972,secF
yajD,348,yajD
tsx,885,tsx
yajI,540,yajI
nrdR,450,nrdR
ribD,1104,ribD
ribE,1113,ribE
nusB,420,nusB
thiL,978,thiL
pgpA,519,pgpA
yajO,975,yajO
dxs,1863,dxs
ispA,900,ispA
xseB,243,xseB
thiI,1449,thiI
yajL,591,yajL
panE,912,panE
yajQ,492,yajQ
yajR,1365,yajR
cyoE,891,cyoE
cyoD,330,cyoD
cyoC,615,cyoC
cyoB,1992,cyoB
cyoA,948,cyoA
ampG,1476,ampG
yajG,579,yajG
bolA,318,bolA
tig,1299,tig
clpP,624,clpP
clpX,1275,clpX
lon,2355,lon
hupB,291,hupB
ppiD,1872,ppiD
ybaV,372,ybaV
fadM,399,fadM
queC,696,queC
ybaE,1701,ybaE
cof,819,cof
decR,459,decR
mdlA,1773,mdlA
mdlB,1782,mdlB
glnK,339,glnK
amtB,1287,amtB
tesB,861,tesB
ybaY,573,ybaY
HQ24_RS02345,312,HQ24_RS02345
ffs,97,ffs
ybaA,354,ybaA
pdeB,1551,pdeB
ylaC,471,ylaC
maa,552,maa
hha,219,hha
tomB,375,tomB
acrB,3150,acrB
acrA,1194,acrA
acrR,648,acrR
mscK,3363,mscK
rsmS,162,rsmS
priC,528,priC
ybaN,378,ybaN
apt,552,apt
dnaX,1932,dnaX
ybaB,330,ybaB
recR,606,recR
htpG,1875,htpG
adk,645,adk
hemH,963,hemH
aes,960,aes
gsk,1305,gsk
ybaL,1677,ybaL
fsr,1221,fsr
ushA,1653,ushA
ybaK,480,ybaK
ybaP,795,ybaP
ybaQ,342,ybaQ
copA,2505,copA
glsA,933,glsA
ybaT,1293,ybaT
cueR,408,cueR
ybbJ,459,ybbJ
qmcA,918,qmcA
fetA,678,fetA
fetB,780,fetB
cnoX,855,cnoX
ybbO,810,ybbO
tesA,624,tesA
ybbA,687,ybbA
ybbP,2415,ybbP
rhsD,4281,rhsD
ybbC,369,ybbC
HQ24_RS25510,261,HQ24_RS25510
HQ24_RS26590,174,HQ24_RS26590
mnmH,1095,mnmH
allS,927,allS
allA,483,allA
allR,816,allR
gcl,1782,gcl
hyi,777,hyi
glxR,879,glxR
ybbW,1455,ybbW
allB,1362,allB
ybbY,1302,ybbY
glxK,1146,glxK
allE,786,allE
allC,1236,allC
allD,1050,allD
ylbE,1260,ylbE
ylbF,816,ylbF
ybcF,894,ybcF
purK,1068,purK
purE,510,purE
lpxH,723,lpxH
ppiB,495,ppiB
cysS,1386,cysS
ybcI,522,ybcI
ybcJ,213,ybcJ
folD,867,folD
fimA,1092,fimA
fimC,1419,fimC
sfmD,2604,sfmD
fimH,1881,fimH
sfmF,516,sfmF
fimZ,633,fimZ
HQ24_RS02745,77,HQ24_RS02745
intD,1164,intD
emrE,333,emrE
ylcJ,150,ylcJ
ybcK,1527,ybcK
ybcL,552,ybcL
ybcM,798,ybcM
HQ24_RS25520,102,HQ24_RS25520
ybcN,456,ybcN
ninE,171,ninE
ybcO,291,ybcO
rusA,363,rusA
ylcG,141,ylcG
quuD,384,quuD
HQ24_RS02850,1068,HQ24_RS02850
essD,432,essD
rrrD,498,rrrD
rzoD,369,rzoD
bor,294,bor
ybcV,411,ybcV
ybcW,207,ybcW
ylcI,195,ylcI
nohD,546,nohD
appY,750,appY
ompT,954,ompT
envY,762,envY
ybcH,891,ybcH
nfrA,2973,nfrA
nrfB,2805,nrfB
cusS,1443,cusS
cusR,684,cusR
cusC,1374,cusC
cusF,333,cusF
cusB,1224,cusB
cusA,3144,cusA
pheP,1377,pheP
ybdG,1248,ybdG
nfsB,654,nfsB
ybdF,369,ybdF
ybdJ,249,ybdJ
ybdK,1119,ybdK
hokE,153,hokE
entD,621,entD
fepA,2241,fepA
fes,1203,fes
ybdZ,219,ybdZ
entF,3882,entF
wzz(fepE),1134,wzz(fepE)
fepC,816,fepC
fepG,993,fepG
fepD,1005,fepD
entS,1251,entS
fepB,957,fepB
entC,1176,entC
entE,1611,entE
entB,858,entB
entA,747,entA
entH,414,entH
cstA,2106,cstA
ybdD,198,ybdD
hcxA,1089,hcxA
ybdL,1161,ybdL
ybdM,630,ybdM
ybdN,1221,ybdN
ybdO,903,ybdO
dsbG,747,dsbG
ahpC,564,ahpC
ahpF,1566,ahpF
uspG,429,uspG
ybdR,1239,ybdR
yldA,90,yldA
rnk,411,rnk
rna,807,rna
citT,1464,citT
citG,879,citG
citX,552,citX
citF,1533,citF
citE,909,citE
citD,297,citD
citC,1059,citC
dpiB,1659,dpiB
dpiA,681,dpiA
dcuC,2754,dcuC
pagP,561,pagP
cspE,420,cspE
crcB,384,crcB
tatE,204,tatE
lipA,966,lipA
ybeF,954,ybeF
lipB,642,lipB
ybeD,264,ybeD
dacA,1212,dacA
rlpA,1089,rlpA
mrdB,1113,mrdB
mrdA,1902,mrdA
rlmH,468,rlmH
rsfS,318,rsfS
cobC,612,cobC
nadD,642,nadD
holA,1032,holA
lptE,582,lptE
leuS,2583,leuS
ybeL,483,ybeL
ybeQ,978,ybeQ
ybeR,708,ybeR
djlB,1428,djlB
ybeT,555,ybeT
ybeU,708,ybeU
djlC,1452,djlC
hscC,1671,hscC
rihA,936,rihA
gltL,726,gltL
gltK,675,gltK
gltJ,741,gltJ
gltI,909,gltI
lnt,1539,lnt
corC,879,corC
ybeY,468,ybeY
ybeZ,1041,ybeZ
miaB,1425,miaB
ubiF,1176,ubiF
HQ24_RS03435,75,HQ24_RS03435
HQ24_RS03440,75,HQ24_RS03440
HQ24_RS03445,77,HQ24_RS03445
HQ24_RS03450,75,HQ24_RS03450
HQ24_RS03455,75,HQ24_RS03455
HQ24_RS03460,85,HQ24_RS03460
HQ24_RS03465,77,HQ24_RS03465
asnB,1665,asnB
nagD,753,nagD
nagC,1221,nagC
nagA,1149,nagA
nagB,801,nagB
nagE,1947,nagE
glnS,1665,glnS
chiP,1407,chiP
chiQ,327,chiQ
fur,447,fur
uof,87,uof
fldA,531,fldA
ybfE,294,ybfE
ybfF,765,ybfF
seqA,546,seqA
pgm,1641,pgm
HQ24_RS03555,495,HQ24_RS03555
potE,1320,potE
speF,2199,speF
HQ24_RS26735,105,HQ24_RS26735
kdpE,678,kdpE
kdpD,2685,kdpD
kdpC,573,kdpC
kdpB,2049,kdpB
kdpA,1674,kdpA
kdpF,90,kdpF
ybfA,207,ybfA
rhsC,4194,rhsC
ybfB,327,ybfB
ybfC,570,ybfC
ybgA,510,ybgA
phrB,1419,phrB
dtpD,1482,dtpD
ybgI,744,ybgI
pxpB,657,pxpB
pxpC,933,pxpC
pxpA,735,pxpA
nei,792,nei
abrB,1047,abrB
ybgO,1062,ybgO
ybgP,729,ybgP
ybgQ,2457,ybgQ
ybgD,567,ybgD
gltA,1284,gltA
HQ24_RS26070,108,HQ24_RS26070
sdhC,405,sdhC
sdhD,348,sdhD
sdhA,1767,sdhA
sdhB,717,sdhB
sucA,2802,sucA
odhB,1218,odhB
sucC,1167,sucC
sucD,870,sucD
mngR,723,mngR
mngA,1917,mngA
mngB,2634,mngB
cydA,1569,cydA
cydB,1140,cydB
cydX,114,cydX
ybgE,294,ybgE
ybgC,405,ybgC
tolQ,693,tolQ
tolR,429,tolR
tolA,1266,tolA
tolB,1293,tolB
pal,522,pal
cpoB,792,cpoB
HQ24_RS03850,76,HQ24_RS03850
HQ24_RS03855,76,HQ24_RS03855
HQ24_RS03860,76,HQ24_RS03860
HQ24_RS03865,76,HQ24_RS03865
HQ24_RS03870,76,HQ24_RS03870
HQ24_RS03875,76,HQ24_RS03875
HQ24_RS03880,76,HQ24_RS03880
HQ24_RS23510,126,HQ24_RS23510
nadA,1044,nadA
pnuC,720,pnuC
zitB,942,zitB
ybgS,381,ybgS
aroG,1053,aroG
gpmA,753,gpmA
galM,1041,galM
galK,1149,galK
galT,1047,galT
galE,1017,galE
modF,1473,modF
modE,789,modE
acrZ,150,acrZ
modA,774,modA
modB,690,modB
modC,1059,modC
ybhA,819,ybhA
pgl,996,pgl
ybhD,954,ybhD
ybhH,1053,ybhH
ybhI,1434,ybhI
ybhJ,2262,ybhJ
ybhC,1284,ybhC
ybhB,477,ybhB
bioA,1290,bioA
bioB,1041,bioB
bioF,1155,bioF
bioC,756,bioC
bioD,1374,bioD
uvrB,2022,uvrB
yvcK,909,yvcK
moaA,990,moaA
moaB,513,moaB
moaC,486,moaC
moaD,246,moaD
moaE,453,moaE
ybhL,705,ybhL
ybhM,714,ybhM
ybhN,957,ybhN
clsB,1242,clsB
ybhP,762,ybhP
ybhQ,411,ybhQ
ybhR,1107,ybhR
ybhS,1134,ybhS
ybhF,1737,ybhF
hlyD,996,hlyD
cecR,672,cecR
rhlE,1365,rhlE
ybiA,483,ybiA
dinG,2151,dinG
ybiB,963,ybiB
hcxB,1086,hcxB
ybiE,60,ybiE
ybiJ,261,ybiJ
ybiI,267,ybiI
ybiX,678,ybiX
fiu,2283,fiu
mcbA,261,mcbA
rlmF,927,rlmF
ybiO,2226,ybiO
glnQ,723,glnQ
glnP,660,glnP
glnH,747,glnH
dps,504,dps
rhtA,888,rhtA
HQ24_RS26080,66,HQ24_RS26080
ompX,516,ompX
opgE,1584,opgE
mntS,129,mntS
mntR,468,mntR
ybiR,1119,ybiR
ldtB,921,ldtB
ybiT,1593,ybiT
ybiU,1266,ybiU
ybiV,816,ybiV
ybiW,2433,ybiW
ybiY,900,ybiY
fsa,1326,fsa
moeB,750,moeB
moeA,1236,moeA
iaaA,966,iaaA
gsiA,1872,gsiA
gsiB,1539,gsiB
gsiC,921,gsiC
gsiD,912,gsiD
pdeI,2349,pdeI
dgcI,1329,dgcI
rimO,1326,rimO
bssR,384,bssR
yliI,1116,yliI
gstB,627,gstB
dacC,1203,dacC
deoR,759,deoR
ybjG,597,ybjG
mdfA,1233,mdfA
ybjH,285,ybjH
ybjI,816,ybjI
ybjJ,1209,ybjJ
rcdA,537,rcdA
ybjL,1686,ybjL
ybjM,378,ybjM
grxA,258,grxA
ybjC,288,ybjC
nfsA,723,nfsA
rimK,903,rimK
ybjN,477,ybjN
potF,1113,potF
potG,1134,potG
potH,954,potH
potI,846,potI
ybjO,489,ybjO
rlmC,1128,rlmC
artJ,1464,artJ
artM,669,artM
artQ,717,artQ
artP,729,artP
ybjP,516,ybjP
ybjQ,324,ybjQ
amiD,831,amiD
ybjS,1014,ybjS
ybjT,1431,ybjT
ltaE,1002,ltaE
poxB,1719,poxB
hcr,969,hcr
hcp,1653,hcp
lysO,900,lysO
aqpZ,696,aqpZ
ybjD,1659,ybjD
ybjX,957,ybjX
macA,1116,macA
macB,1947,macB
cspD,225,cspD
yljB,75,yljB
clpS,321,clpS
clpA,2277,clpA
HQ24_RS04580,88,HQ24_RS04580
infA,219,infA
aat,705,aat
cydC,1722,cydC
cydD,1767,cydD
trxB,966,trxB
lrp,495,lrp
ftsK,3990,ftsK
lolA,612,lolA
rarA,1344,rarA
serS,1293,serS
dmsA,2445,dmsA
dmsB,1236,dmsB
dmsC,864,dmsC
ycaC,627,ycaC
ycaD,1149,ycaD
ycaM,1431,ycaM
ycaN,909,ycaN
ycaK,591,ycaK
pflA,741,pflA
pflB,2283,pflB
focA,858,focA
ycaO,1761,ycaO
ycaP,693,ycaP
serC,1089,serC
aroA,1284,aroA
ycaL,765,ycaL
cmk,684,cmk
rpsA,1674,rpsA
ihfB,285,ihfB
ycaI,2265,ycaI
msbA,1749,msbA
lpxK,987,lpxK
ycaQ,1233,ycaQ
ycaR,183,ycaR
kdsB,747,kdsB
ycbJ,894,ycbJ
elyC,780,elyC
cmoM,786,cmoM
mukF,1323,mukF
mukE,705,mukE
mukB,4461,mukB
ldtD,1848,ldtD
mepK,549,mepK
gloC,648,gloC
aspC,1191,aspC
ompF,1089,ompF
asnS,1401,asnS
pncB,1203,pncB
pepN,2613,pepN
ssuB,768,ssuB
ssuC,792,ssuC
ssuD,1146,ssuD
ssuA,960,ssuA
ssuE,576,ssuE
elfA,540,elfA
elfD,702,elfD
elfC,2601,elfC
elfG,1071,elfG
ycbU,543,ycbU
ycbV,516,ycbV
ycbF,738,ycbF
pyrD,1011,pyrD
zapC,543,zapC
ycbX,1110,ycbX
rlmKL,2109,rlmKL
uup,1908,uup
pqiA,1254,pqiA
pqiB,1641,pqiB
pqiC,564,pqiC
rmf,168,rmf
fabA,519,fabA
ycbZ,1761,ycbZ
matP,453,matP
ompA,1041,ompA
sulA,510,sulA
sxy,630,sxy
yccS,2163,yccS
yccF,447,yccF
helD,2055,helD
mgsA,459,mgsA
yccT,663,yccT
yccU,414,yccU
hspQ,318,hspQ
rlmI,1191,rlmI
yccX,279,yccX
tusE,330,tusE
yccA,660,yccA
HQ24_RS05035,88,HQ24_RS05035
hyaA,1119,hyaA
hyaB,1794,hyaB
hyaC,708,hyaC
hyaD,588,hyaD
hyaE,399,hyaE
hyaF,858,hyaF
appC,1545,appC
appB,1137,appB
cbdX,93,cbdX
appA,1299,appA
etk,2181,etk
etp,447,etp
gfcE,1140,gfcE
gfcD,2097,gfcD
gfcC,747,gfcC
gfcB,645,gfcB
gfcA,306,gfcA
HQ24_RS05130,698,HQ24_RS05130
cspH,213,cspH
cspG,213,cspG
ymcF,189,ymcF
ymcE,231,ymcE
gnsA,174,gnsA
yccM,1074,yccM
torS,2745,torS
torT,1029,torT
torR,693,torR
torC,1173,torC
torA,2547,torA
torD,600,torD
cbpM,306,cbpM
cbpA,921,cbpA
yccE,1257,yccE
agp,1242,agp
yccJ,228,yccJ
wrbA,597,wrbA
ymdF,174,ymdF
rutG,1329,rutG
rutF,495,rutF
rutE,591,rutE
rutD,801,rutD
rutC,387,rutC
rutB,693,rutB
rutA,1092,rutA
rutR,639,rutR
putA,3963,putA
HQ24_RS05275,210,HQ24_RS05275
putP,1509,putP
efeO,1128,efeO
efeB,1272,efeB
phoH,789,phoH
pgaD,414,pgaD
pgaC,1326,pgaC
pgaB,2019,pgaB
pgaA,2424,pgaA
dgcT,1359,dgcT
ycdU,987,ycdU
HQ24_RS23515,137,HQ24_RS23515
HQ24_RS23520,137,HQ24_RS23520
HQ24_RS05365,88,HQ24_RS05365
ghrA,939,ghrA
ycdX,738,ycdX
ycdY,555,ycdY
ycdZ,492,ycdZ
csgG,834,csgG
csgF,417,csgF
csgE,390,csgE
csgD,651,csgD
csgB,456,csgB
csgA,456,csgA
csgC,333,csgC
ymdA,312,ymdA
ymdB,534,ymdB
clsC,1482,clsC
mdoC,1158,mdoC
mdoG,1536,mdoG
mdoH,2544,mdoH
yceK,228,yceK
mdtG,1227,mdtG
lpxL,921,lpxL
trhO,1053,trhO
yceI,576,yceI
yceJ,567,yceJ
HQ24_RS05510,114,HQ24_RS05510
solA,1119,solA
bssS,255,bssS
dinI,246,dinI
pyrC,1047,pyrC
yceB,561,yceB
grxB,648,grxB
mdtH,1209,mdtH
rimJ,585,rimJ
yceH,648,yceH
yceM,924,yceM
murJ,1536,murJ
flgN,417,flgN
flgM,294,flgM
flgA,660,flgA
flgB,417,flgB
flgC,405,flgC
flgD,696,flgD
flgE,1209,flgE
flgF,756,flgF
flgG,783,flgG
flgH,699,flgH
flgI,1098,flgI
flgJ,942,flgJ
flgK,1644,flgK
flgL,954,flgL
rne,3186,rne
rluC,960,rluC
yceF,585,yceF
yceD,522,yceD
rpmF,174,rpmF
plsX,1071,plsX
fabH,954,fabH
fabD,930,fabD
fabG,735,fabG
acpP,237,acpP
fabF,1242,fabF
pabC,810,pabC
yceG,1023,yceG
tmk,642,tmk
holB,1005,holB
ycfH,798,ycfH
ptsG,1434,ptsG
fhuE,2190,fhuE
hinT,360,hinT
ycfL,378,ycfL
lpoB,642,lpoB
thiK,825,thiK
nagZ,1026,nagZ
ycfP,543,ycfP
ndh,1305,ndh
ycfJ,540,ycfJ
comR,633,comR
bhsA,258,bhsA
ldtC,963,ldtC
mfd,3447,mfd
ycfT,1074,ycfT
lolC,1200,lolC
lolD,702,lolD
lolE,1245,lolE
nagK,912,nagK
cobB,840,cobB
ycfZ,789,ycfZ
ymfA,462,ymfA
potD,1047,potD
potC,795,potC
potB,858,potB
potA,1137,potA
pepT,1227,pepT
roxA,1122,roxA
phoQ,1461,phoQ
phoP,672,phoP
purB,1371,purB
hflD,642,hflD
mnmA,1107,mnmA
nudJ,462,nudJ
rluE,654,rluE
icd,1251,icd
iraM,324,iraM
HQ24_RS26605,45,HQ24_RS26605
HQ24_RS26105,111,HQ24_RS26105
ycgX,405,ycgX
bluR,732,bluR
bluF,1212,bluF
ycgZ,237,ycgZ
ymgA,273,ymgA
ariR,267,ariR
ymgC,249,ymgC
pdeG,1524,pdeG
ymgF,219,ymgF
ymgD,336,ymgD
ymgG,345,ymgG
ymgI,174,ymgI
ymgJ,186,ymgJ
HQ24_RS26110,120,HQ24_RS26110
minE,267,minE
minD,813,minD
minC,696,minC
ycgJ,369,ycgJ
pliG,402,pliG
HQ24_RS06030,294,HQ24_RS06030
ycgM,660,ycgM
ycgN,447,ycgN
hlyE,912,hlyE
umuD,420,umuD
umuC,1269,umuC
dsbB,531,dsbB
nhaB,1542,nhaB
fadR,720,fadR
ycgB,1533,ycgB
dadA,1299,dadA
dadX,1071,dadX
cvrA,1737,cvrA
ldcA,915,ldcA
emtA,612,emtA
ycgR,735,ycgR
ymgE,255,ymgE
ycgY,441,ycgY
treA,1698,treA
dhaM,1419,dhaM
dhaL,633,dhaL
dhaK,1071,dhaK
dhaR,1920,dhaR
ycgV,2868,ycgV
ychF,1092,ychF
pth,585,pth
ychH,279,ychH
dauA,1680,dauA
prs,948,prs
ispE,852,ispE
lolB,624,lolB
hemA,1257,hemA
prfA,1083,prfA
prmC,834,prmC
sirB2,393,sirB2
sirB1,810,sirB1
kdsA,855,kdsA
HQ24_RS06220,108,HQ24_RS06220
HQ24_RS06225,108,HQ24_RS06225
HQ24_RS06230,108,HQ24_RS06230
chaA,1101,chaA
chaB,231,chaB
chaC,696,chaC
ychN,354,ychN
ychO,1395,ychO
narL,651,narL
narX,1797,narX
narK,1392,narK
narG,3744,narG
narH,3084,narH
narJ,711,narJ
narI,1359,narI
HQ24_RS23535,132,HQ24_RS23535
HQ24_RS23540,132,HQ24_RS23540
HQ24_RS23545,132,HQ24_RS23545
HQ24_RS06305,85,HQ24_RS06305
HQ24_RS23550,132,HQ24_RS23550
HQ24_RS06310,85,HQ24_RS06310
purU,843,purU
ychJ,459,ychJ
rssA,906,rssA
rssB,1014,rssB
galU,909,galU
hns,414,hns
tdk,618,tdk
adhE,2676,adhE
ychE,702,ychE
HQ24_RS26465,297,HQ24_RS26465
oppA,1632,oppA
oppB,921,oppB
oppC,909,oppC
oppD,1014,oppD
oppF,1005,oppF
yciU,330,yciU
cls,1461,cls
yciY,174,yciY
kch,1254,kch
yciI,297,yciI
tonB,720,tonB
yciA,399,yciA
yciB,540,yciB
yciC,744,yciC
ompW,639,ompW
yciE,507,yciE
yciF,501,yciF
yciG,180,yciG
trpA,807,trpA
trpB,1194,trpB
trpCF,1362,trpCF
trpD,1596,trpD
trpE,1563,trpE
trpL,45,trpL
rnm,882,rnm
yciO,621,yciO
yciQ,1896,yciQ
rluB,876,rluB
cobO,591,cobO
yciK,759,yciK
sohB,1050,sohB
yciN,252,yciN
topA,2598,topA
cysB,975,cysB
ymiA,141,ymiA
yciX,168,yciX
ymiC,96,ymiC
acnA,2676,acnA
ribA,591,ribA
pgpB,765,pgpB
lapA,309,lapA
lapB,1170,lapB
pyrF,738,pyrF
yciH,327,yciH
osmB,219,osmB
yciT,750,yciT
yciZ,174,yciZ
ymiD,129,ymiD
pdeR,1986,pdeR
HQ24_RS25595,105,HQ24_RS25595
rnb,1935,rnb
yciW,1128,yciW
fabI,789,fabI
ycjD,354,ycjD
sapF,807,sapF
sapD,993,sapD
sapC,891,sapC
sapB,966,sapB
sapA,1644,sapA
ymjA,246,ymjA
puuP,1386,puuP
HQ24_RS26135,165,HQ24_RS26135
puuA,1419,puuA
puuD,765,puuD
puuR,558,puuR
puuC,1488,puuC
puuB,1281,puuB
puuE,1266,puuE
pspF,978,pspF
pspA,669,pspA
pspB,225,pspB
pspC,360,pspC
pspD,222,pspD
pspE,315,pspE
ycjM,1680,ycjM
ycjN,1293,ycjN
ycjO,882,ycjO
ycjP,843,ycjP
ycjQ,1053,ycjQ
ycjR,789,ycjR
ycjS,1056,ycjS
ycjT,2268,ycjT
pgmB,660,pgmB
ompG,906,ompG
ycjW,999,ycjW
ycjX,1398,ycjX
ycjF,1062,ycjF
tyrR,1542,tyrR
tpx,507,tpx
ycjG,966,ycjG
mpaA,729,mpaA
ycjY,921,ycjY
pgrR,900,pgrR
mppA,1614,mppA
ynaI,1032,ynaI
abgR,909,abgR
smrA,564,smrA
dgcM,1233,dgcM
ydaN,48,ydaN
zntB,984,zntB
ynaL,174,ynaL
dbpA,1374,dbpA
ttcA,936,ttcA
intR,1236,intR
xisR,216,xisR
rcbA,210,rcbA
ralR,195,ralR
recT,810,recT
recE,2601,recE
racC,276,racC
ydaE,171,ydaE
kilR,222,kilR
sieB,489,sieB
ydaF,156,ydaF
HQ24_RS27005,135,HQ24_RS27005
racR,477,racR
ydaS,297,ydaS
ydaT,423,ydaT
ydaU,858,ydaU
ydaV,747,ydaV
trkG,1458,trkG
ynaK,264,ynaK
ydaY,360,ydaY
insH5,981,insH5
stfR,3363,stfR
tfaR,576,tfaR
pinR,591,pinR
ydfK,468,ydfK
ynaM,114,ynaM
uspF,435,uspF
ompN,1134,ompN
nifJ,3525,nifJ
ydbJ,267,ydbJ
hslJ,423,hslJ
ldhA,990,ldhA
ydbH,2640,ydbH
ynbE,186,ynbE
ydbL,327,ydbL
feaR,906,feaR
feaB,1500,feaB
tynA,2274,tynA
paaZ,2046,paaZ
paaA,930,paaA
paaB,288,paaB
paaC,2175,paaC
paaD,498,paaD
paaK,1071,paaK
paaF,2082,paaF
paaG,789,paaG
paaI,423,paaI
paaJ,1206,paaJ
paaX,951,paaX
paaY,591,paaY
HQ24_RS26150,66,HQ24_RS26150
insI1,2304,insI1
pdxI,861,pdxI
ydbD,2307,ydbD
ynbA,606,ynbA
ynbB,897,ynbB
ynbC,1758,ynbC
ynbD,1317,ynbD
azoR,606,azoR
hrpA,3903,hrpA
ydcF,801,ydcF
aldA,1440,aldA
cybB,531,cybB
HQ24_RS07295,174,HQ24_RS07295
yncP,69,yncP
HQ24_RS07300,132,HQ24_RS07300
trg,1641,trg
ydcI,924,ydcI
ydcJ,1344,ydcJ
opgD,1656,opgD
ydcH,225,ydcH
rimL,540,rimL
ydcK,981,ydcK
tehA,993,tehA
tehB,594,tehB
ydcL,669,ydcL
insQ,1209,insQ
ydcO,1215,ydcO
sutR,537,sutR
rlhA,1962,rlhA
yncJ,231,yncJ
hicA,177,hicA
hicB,417,hicB
ydcR,1407,ydcR
ydcS,1146,ydcS
ydcT,1014,ydcT
ydcU,942,ydcU
ydcV,795,ydcV
patD,1425,patD
yncL,96,yncL
ortT,174,ortT
ydcY,234,ydcY
ydcZ,450,ydcZ
mddA,519,mddA
curA,1038,curA
mcbR,666,mcbR
pqqU,2103,pqqU
yncE,1062,yncE
ansP,1500,ansP
yncG,618,yncG
yncH,213,yncH
ydcD,483,ydcD
HQ24_RS26170,186,HQ24_RS26170
yhhI,2274,yhhI
pptA,234,pptA
yddH,570,yddH
nhoA,846,nhoA
yddE,894,yddE
narW,696,narW
narZ,3741,narZ
narU,1389,narU
yddG,882,yddG
fdnG,6099,fdnG
fdnH,885,fdnH
fdnI,654,fdnI
yddM,285,yddM
adhP,1011,adhP
maeA,1698,maeA
sra,138,sra
bdm,216,bdm
osmC,432,osmC
ddpF,927,ddpF
ddpD,987,ddpD
ddpC,897,ddpC
ddpB,1023,ddpB
ddpA,1551,ddpA
ddpX,582,ddpX
dosP,2400,dosP
dosC,1383,dosC
digH,1320,digH
gadC,1536,gadC
gadB,1401,gadB
pqqL,2784,pqqL
yddB,2373,yddB
yddA,1686,yddA
HQ24_RS26175,123,HQ24_RS26175
ydeM,1158,ydeM
ydeN,1683,ydeN
ydeO,762,ydeO
safA,198,safA
ydeP,2280,ydeP
ydeQ,915,ydeQ
ydeR,504,ydeR
ydeS,531,ydeS
hipA,1323,hipA
hipB,267,hipB
lsrK,1593,lsrK
lsrR,954,lsrR
lsrA,1536,lsrA
lsrC,1029,lsrC
lsrD,993,lsrD
lsrB,1023,lsrB
lsrF,876,lsrF
lsrG,291,lsrG
tam,759,tam
yneE,915,yneE
uxaB,1452,uxaB
yneG,360,yneG
glsB,927,glsB
sad,1389,sad
yneJ,882,yneJ
yneK,1116,yneK
ydeA,1191,ydeA
marC,666,marC
marR,435,marR
marA,384,marA
marB,219,marB
eamA,900,eamA
ydeE,1188,ydeE
mgtS,96,mgtS
mgtT,105,mgtT
dgcZ,891,dgcZ
ydeI,393,ydeI
ydeJ,519,ydeJ
dcp,2046,dcp
ydfG,747,ydfG
rspR,687,rspR
ydfZ,204,ydfZ
ydfI,1461,ydfI
ynfT,114,ynfT
pinQ,591,pinQ
tfaQ,576,tfaQ
stfQ,963,stfQ
nohA,570,nohA
ynfO,234,ynfO
ydfO,411,ydfO
gnsB,174,gnsB
ynfN,156,ynfN
ynfR,66,ynfR
ynfQ,189,ynfQ
cspI,213,cspI
rzpQ,498,rzpQ
rrrQ,534,rrrQ
ydfR,312,ydfR
ynfU,171,ynfU
cspB,216,cspB
cspF,213,cspF
HQ24_RS26190,90,HQ24_RS26190
ydfT,753,ydfT
ydfU,1050,ydfU
HQ24_RS08035,279,HQ24_RS08035
rem,252,rem
hokD,156,hokD
relE,288,relE
relB,240,relB
ydfV,306,ydfV
flxA,333,flxA
ydfW,150,ydfW
dicC,231,dicC
dicA,408,dicA
ydfA,156,ydfA
ydfB,129,ydfB
ydfC,219,ydfC
dicB,189,dicB
ydfD,192,ydfD
rspB,1020,rspB
rspA,1215,rspA
ynfA,327,ynfA
ynfB,342,ynfB
speG,561,speG
ynfC,711,ynfC
ynfD,306,ynfD
ynfE,2427,ynfE
ynfF,2424,ynfF
ynfH,855,ynfH
dmsD,615,dmsD
clcB,1293,clcB
mlc,1221,mlc
ynfL,894,ynfL
ynfM,1254,ynfM
asr,309,asr
HQ24_RS08210,84,HQ24_RS08210
ydgD,822,ydgD
mdtI,330,mdtI
mdtJ,366,mdtJ
tqsA,1035,tqsA
pntB,1389,pntB
pntA,1533,pntA
ydgH,945,ydgH
ydgI,1383,ydgI
folM,723,folM
ydgC,336,ydgC
rstA,720,rstA
rstB,1302,rstB
tus,930,tus
fumC,1404,fumC
fumB,3294,fumB
manA,1176,manA
ydgA,1509,ydgA
uidC,1266,uidC
uidB,1374,uidB
uidA,1812,uidA
uidR,591,uidR
hdhA,768,hdhA
malI,1029,malI
malX,1593,malX
malY,1173,malY
add,1002,add
ydgJ,1041,ydgJ
blr,126,blr
ydgT,216,ydgT
ydgK,441,ydgK
rsxA,582,rsxA
rsxB,579,rsxB
rsxC,2223,rsxC
rsxD,1059,rsxD
rsxG,621,rsxG
rsxE,696,rsxE
nth,636,nth
dtpA,1503,dtpA
gstA,606,gstA
pdxY,864,pdxY
tyrS,1275,tyrS
pdxH,657,pdxH
mliC,330,mliC
anmK,1110,anmK
slyB,468,slyB
slyA,435,slyA
ydhI,237,ydhI
ydhJ,858,ydhJ
ydhK,2013,ydhK
sodC,522,sodC
ydhF,897,ydhF
ydhL,240,ydhL
nemR,600,nemR
nemA,1098,nemA
gloA,408,gloA
rnt,648,rnt
lhr,4617,lhr
grxD,348,grxD
mepH,816,mepH
sodB,582,sodB
ydhP,1170,ydhP
cydH,90,cydH
purR,1026,purR
punR,933,punR
punC,1212,punC
cfa,1149,cfa
mdtK,1374,mdtK
ydhQ,1257,ydhQ
HQ24_RS08565,77,HQ24_RS08565
HQ24_RS08570,77,HQ24_RS08570
ydhR,306,ydhR
ydhS,1605,ydhS
ydhT,813,ydhT
ydhU,786,ydhU
ydhX,669,ydhX
ydhW,639,ydhW
ydhV,2187,ydhV
ydhY,627,ydhY
fumD,210,fumD
HQ24_RS26800,195,HQ24_RS26800
pykF,1413,pykF
lpp,237,lpp
ldtE,1005,ldtE
sufE,417,sufE
sufS,1221,sufS
sufD,1272,sufD
sufC,747,sufC
sufB,1488,sufB
sufA,369,sufA
ydiH,189,ydiH
menI,411,menI
ydiJ,3057,ydiJ
ydiK,1113,ydiK
rprA,108,rprA
ydiL,357,ydiL
ydiM,1215,ydiM
ydiN,1266,ydiN
ydiB,867,ydiB
aroD,759,aroD
ydiF,1596,ydiF
ydiO,1152,ydiO
ydiP,912,ydiP
ydiQ,765,ydiQ
ydiR,939,ydiR
ydiS,1290,ydiS
ydiT,294,ydiT
fadK,1647,fadK
ppsA,2379,ppsA
ppsR,834,ppsR
aroH,1047,aroH
hemP,192,hemP
selO,1437,selO
ydiV,714,ydiV
nlpC,465,nlpC
btuD,750,btuD
btuE,552,btuE
btuC,981,btuC
ihfA,300,ihfA
pheT,2388,pheT
pheS,984,pheS
pheM,45,pheM
rplT,357,rplT
rpmI,198,rpmI
infC,543,infC
thrS,1929,thrS
yniD,108,yniD
ydiY,759,ydiY
pfkB,930,pfkB
ghoS,588,ghoS
yniA,861,yniA
yniB,537,yniB
hxpB,669,hxpB
ydjM,591,ydjM
tcyP,1392,tcyP
ydjO,804,ydjO
cedA,264,cedA
katE,2262,katE
chbG,750,chbG
celF,1353,celF
chbR,843,chbR
chbA,351,chbA
chbC,1359,chbC
chbB,321,chbB
osmE,339,osmE
nadE,828,nadE
cho,888,cho
ves,576,ves
spy,486,spy
astE,969,astE
astB,1344,astB
astD,1479,astD
astA,1035,astA
astC,1221,astC
xthA,807,xthA
ydjX,711,ydjX
ydjY,678,ydjY
ydjZ,708,ydjZ
ynjA,549,ynjA
ynjB,1167,ynjB
ynjC,1536,ynjC
ynjD,654,ynjD
ynjE,1308,ynjE
ynjF,621,ynjF
nudG,408,nudG
ynjH,273,ynjH
gdhA,1344,gdhA
ynjI,1041,ynjI
topB,1962,topB
selD,1044,selD
ydjA,552,ydjA
sppA,1857,sppA
ansA,1017,ansA
pncA,642,pncA
ydjE,1359,ydjE
ydjF,759,ydjF
ydjG,981,ydjG
ydjH,948,ydjH
ydjI,837,ydjI
ydjJ,1044,ydjJ
ydjK,1380,ydjK
ydjL,1077,ydjL
yeaC,273,yeaC
msrB,414,msrB
gapA,996,gapA
yeaD,885,yeaD
yeaE,855,yeaE
mipA,747,mipA
yeaG,1935,yeaG
yeaH,1284,yeaH
cdgI,1476,cdgI
dgcJ,1491,dgcJ
yeaK,504,yeaK
yoaI,105,yoaI
yeaL,447,yeaL
nimR,822,nimR
nimT,1182,nimT
yeaO,348,yeaO
yoaF,255,yoaF
dgcP,1026,dgcP
yoaK,99,yoaK
yoaJ,75,yoaJ
yeaQ,249,yeaQ
yoaG,183,yoaG
yeaR,360,yeaR
leuE,639,leuE
dmlR,924,dmlR
dmlA,1086,dmlA
yeaW,1125,yeaW
yeaX,966,yeaX
rnd,1116,rnd
fadD,1686,fadD
yeaY,582,yeaY
tsaB,696,tsaB
yoaA,1911,yoaA
yoaB,345,yoaB
yoaC,300,yoaC
yoaH,180,yoaH
pabB,1362,pabB
nudL,579,nudL
sdaA,1365,sdaA
pdeD,1599,pdeD
yoaE,1557,yoaE
yoaL,159,yoaL
manX,972,manX
manY,801,manY
manZ,852,manZ
yobD,459,yobD
mntP,567,mntP
rlmA,810,rlmA
yobF,144,yobF
yebO,288,yebO
mgrB,144,mgrB
yobH,240,yobH
kdgR,792,kdgR
yebQ,1374,yebQ
htpX,882,htpX
prc,2049,prc
proQ,699,proQ
msrC,498,msrC
yebS,1284,yebS
yebT,2634,yebT
rsmF,1440,rsmF
yebV,237,yebV
yebW,192,yebW
pphA,657,pphA
yebY,342,yebY
copD,873,copD
yobA,375,yobA
holE,231,holE
yobB,657,yobB
exoX,663,exoX
ptrB,2061,ptrB
yebE,660,yebE
yebF,357,yebF
yebG,291,yebG
purT,1179,purT
kdgA,642,kdgA
edd,1812,edd
zwf,1476,zwf
hexR,870,hexR
pyk,1443,pyk
lpxM,972,lpxM
mepM,1323,mepM
znuA,933,znuA
znuC,756,znuC
znuB,786,znuB
ruvB,1011,ruvB
ruvA,612,ruvA
yobI,66,yobI
yebB,603,yebB
ruvC,522,ruvC
yebC,741,yebC
nudB,453,nudB
aspS,1773,aspS
yecD,567,yecD
yecE,819,yecE
yecN,396,yecN
cmoA,744,cmoA
cmoB,972,cmoB
torZ,2430,torZ
torY,1101,torY
cutC,747,cutC
yecM,567,yecM
argS,1734,argS
yecV,45,yecV
yecT,489,yecT
flhe,393,flhe
flhA,4158,flhA
flhB,1149,flhB
cheZ,645,cheZ
cheY,390,cheY
cheB,1050,cheB
cheR,861,cheR
tap,1677,tap
tar,1662,tar
cheW,504,cheW
cheA,1965,cheA
motB,927,motB
motA,888,motA
flhC,579,flhC
flhD,351,flhD
uspC,429,uspC
otsA,1425,otsA
otsB,801,otsB
araH,987,araH
araG,1515,araG
araF,990,araF
ftnB,504,ftnB
yecJ,252,yecJ
azuC,87,azuC
yecR,324,yecR
ftnA,498,ftnA
yecH,240,yecH
tyrP,1212,tyrP
yecA,666,yecA
HQ24_RS09845,87,HQ24_RS09845
HQ24_RS09850,74,HQ24_RS09850
HQ24_RS09855,76,HQ24_RS09855
pgsA,549,pgsA
uvrC,1833,uvrC
uvrY,657,uvrY
yecU,177,yecU
yecF,225,yecF
sdiA,723,sdiA
yecC,753,yecC
tcyL,669,tcyL
dcyD,987,dcyD
tcyJ,801,tcyJ
fliZ,552,fliZ
fliA,720,fliA
fliC,1497,fliC
fliD,1407,fliD
fliS,411,fliS
fliT,366,fliT
amyA,1488,amyA
yedD,414,yedD
yedE,1206,yedE
yedF,234,yedF
yedK,669,yedK
yedL,480,yedL
fliE,315,fliE
fliF,1659,fliF
fliG,996,fliG
fliH,687,fliH
fliI,1374,fliI
fliJ,444,fliJ
fliK,1128,fliK
fliL,465,fliL
fliM,1005,fliM
fliN,414,fliN
fliO,366,fliO
fliP,738,fliP
fliQ,270,fliQ
fliR,786,fliR
rcsA,624,rcsA
dsrB,189,dsrB
yodD,228,yodD
yedP,816,yedP
dgcQ,1695,dgcQ
yodC,183,yodC
yedI,918,yedI
yedA,921,yedA
vsr,471,vsr
dcm,1419,dcm
yedJ,696,yedJ
drpB,282,drpB
hchA,852,hchA
hprS,1359,hprS
hprR,672,hprR
hiuH,414,hiuH
msrP,1005,msrP
msrQ,636,msrQ
zinT,651,zinT
yodB,531,yodB
HQ24_RS10175,90,HQ24_RS10175
mtfA,798,mtfA
HQ24_RS10185,76,HQ24_RS10185
yeeJ,7077,yeeJ
shiA,1317,shiA
amn,1455,amn
yeeN,717,yeeN
HQ24_RS10215,76,HQ24_RS10215
yeeO,1488,yeeO
HQ24_RS10225,76,HQ24_RS10225
cbl,951,cbl
nac,918,nac
HQ24_RS10240,76,HQ24_RS10240
ldtA,936,ldtA
cobT,1080,cobT
cobS,744,cobS
cobU,546,cobU
insH11,981,insH11
agn43,3120,agn43
yeeR,1533,yeeR
yeeS,447,yeeS
yeeT,222,yeeT
cbeA,369,cbeA
cbtA,375,cbtA
yeeW,195,yeeW
HQ24_RS10340,135,HQ24_RS10340
tmaR,330,tmaR
yeeA,1059,yeeA
sbmC,474,sbmC
dacD,1167,dacD
sbcB,1428,sbcB
tsuB,228,tsuB
tsuA,1059,tsuA
plaP,1359,plaP
yoeI,63,yoeI
yeeY,930,yeeY
yeeZ,825,yeeZ
yoeB,255,yoeB
yefM,252,yefM
hisL,51,hisL
hisG,900,hisG
hisD,1305,hisD
hisC,1071,hisC
hisB,1068,hisB
hisH,591,hisH
hisA,738,hisA
hisF,777,hisF
hisIE,612,hisIE
wzzB,981,wzzB
ugd,1167,ugd
gndA,1407,gndA
wbbK,1119,wbbK
wbbJ,591,wbbJ
wbbI,993,wbbI
wzy,1167,wzy
glf,1104,glf
wzx,1248,wzx
rfbC,558,rfbC
rfbA,1764,rfbA
rfbD,900,rfbD
rfbB,1086,rfbB
galF,894,galF
wcaM,1395,wcaM
wcaL,1221,wcaL
wcaK,1281,wcaK
wzxC,1479,wzxC
wcaJ,1395,wcaJ
cpsG,1371,cpsG
cpsB,1437,cpsB
wcaI,1224,wcaI
gmm,480,gmm
fcl,966,fcl
gmd,1122,gmd
wcaF,549,wcaF
wcaE,747,wcaE
wcaD,1218,wcaD
wcaC,1218,wcaC
wcaB,489,wcaB
wcaA,840,wcaA
wzc,2163,wzc
wzb,444,wzb
wza,1140,wza
yegH,1584,yegH
asmA,1854,asmA
dcd,582,dcd
udk,642,udk
dgcE,3318,dgcE
alkA,849,alkA
yegD,1353,yegD
yegI,1947,yegI
yegJ,462,yegJ
pphC,762,pphC
yegL,660,yegL
ibsA,60,ibsA
HQ24_RS26240,57,HQ24_RS26240
mdtA,1248,mdtA
mdtB,3123,mdtB
mdtC,3078,mdtC
mdtD,2844,mdtD
baeS,1404,baeS
baeR,723,baeR
yegP,333,yegP
yegQ,1362,yegQ
ogrK,219,ogrK
yegR,318,yegR
yegS,900,yegS
gatD,1041,gatD
CDN75_RS05665,1356,CDN75_RS05665
gatB,285,gatB
gatA,453,gatA
gatZ,1263,gatZ
gatY,855,gatY
fbaB,1053,fbaB
yegT,1278,yegT
yegU,1005,yegU
yegV,966,yegV
yegW,747,yegW
yegX,819,yegX
thiD,801,thiD
thiM,789,thiM
rcnR,273,rcnR
rcnA,825,rcnA
rcnB,339,rcnB
yehA,1035,yehA
yehB,2481,yehB
yehC,675,yehC
yehD,543,yehD
yehE,282,yehE
apbC,1110,apbC
metG,2034,metG
yehI,3633,yehI
yehK,318,yehK
yehL,1089,yehL
yehM,2280,yehM
yehP,1137,yehP
yehR,462,yehR
yehS,471,yehS
btsR,720,btsR
btsS,1686,btsS
mlrA,732,mlrA
yohO,108,yohO
yehW,732,yehW
yehX,927,yehX
yehY,1158,yehY
osmF,918,osmF
bglX,2298,bglX
dld,1716,dld
pbpG,933,pbpG
yohC,588,yohC
yohD,579,yohD
yohF,762,yohF
yohP,84,yohP
dusC,948,dusC
yohJ,399,yohJ
yohK,696,yohK
cdd,885,cdd
sanA,720,sanA
yeiS,240,yeiS
preT,1239,preT
preA,1236,preA
mglC,1011,mglC
mglA,1521,mglA
mglB,999,mglB
galS,1041,galS
yeiB,1158,yeiB
folE,669,folE
yeiG,837,yeiG
cirA,1992,cirA
lysP,1470,lysP
yieE,1632,yieE
yeiH,1050,yeiH
nfo,858,nfo
yeiI,1089,yeiI
nupX,1251,nupX
rihB,942,rihB
yeiL,699,yeiL
psuT,1251,psuT
psuG,939,psuG
psuK,942,psuK
fruA,1692,fruA
fruK,939,fruK
fruB,1131,fruB
setB,1182,setB
yeiW,255,yeiW
yeiP,573,yeiP
yeiQ,1467,yeiQ
yeiR,987,yeiR
lpxT,714,lpxT
mepS,567,mepS
pdeN,1557,pdeN
yejA,1815,yejA
yejB,1095,yejB
yejE,1026,yejE
yejF,1590,yejF
yejG,345,yejG
bcr,1191,bcr
rsuA,696,rsuA
radD,1761,radD
rplY,285,rplY
yejK,1008,yejK
yejL,228,yejL
yejM,1761,yejM
HQ24_RS11280,77,HQ24_RS11280
narP,648,narP
ccmH,1053,ccmH
dsbE,558,dsbE
ccmF,1944,ccmF
ccmE,480,ccmE
ccmD,210,ccmD
ccmC,738,ccmC
ccmB,663,ccmB
ccmA,624,ccmA
napC,603,napC
napB,450,napB
napH,864,napH
napG,696,napG
napA,2487,napA
napD,264,napD
napF,495,napF
yojO,165,yojO
eco,510,eco
mqo,1647,mqo
yojI,1644,yojI
alkB,651,alkB
ada,1065,ada
apbE,1056,apbE
ompC,1104,ompC
rcsD,2673,rcsD
rcsB,651,rcsB
rcsC,2850,rcsC
atoS,1827,atoS
atoC,1386,atoC
atoD,663,atoD
atoA,651,atoA
atoE,1323,atoE
atoB,1185,atoB
yfaP,777,yfaP
yfaQ,1650,yfaQ
yfaT,624,yfaT
yfaA,1689,yfaA
gyrA,2628,gyrA
ubiG,723,ubiG
yfaL,3753,yfaL
ypaB,144,ypaB
nrdA,2286,nrdA
nrdB,1131,nrdB
yfaE,255,yfaE
inaA,651,inaA
glpQ,1077,glpQ
glpT,1359,glpT
glpA,1629,glpA
glpB,1260,glpB
glpC,1191,glpC
rpnE,900,rpnE
yfaU,804,yfaU
yfaV,1290,yfaV
rhmD,1206,rhmD
yfaX,783,yfaX
yfaY,1203,yfaY
yfaZ,543,yfaZ
nudI,426,nudI
ais,603,ais
arnB,1140,arnB
arnC,969,arnC
arnA,1983,arnA
arnD,891,arnD
arnT,1653,arnT
arnE,336,arnE
arnF,387,arnF
pmrD,267,pmrD
menE,1356,menE
menC,963,menC
menB,858,menB
menH,759,menH
menD,1671,menD
menF,1296,menF
elaB,306,elaB
elaA,462,elaA
rbn,918,rbn
elaD,1212,elaD
yfbK,1728,yfbK
yfbL,972,yfbL
yfbM,504,yfbM
yfbN,717,yfbN
yfbO,423,yfbO
yfbP,849,yfbP
nuoN,1458,nuoN
nuoM,1530,nuoM
nuoL,1842,nuoL
nuoK,303,nuoK
nuoJ,555,nuoJ
nuoI,543,nuoI
nuoH,978,nuoH
nuoG,2727,nuoG
nuoF,1338,nuoF
nuoE,501,nuoE
nuoC,1803,nuoC
nuoB,663,nuoB
nuoA,444,nuoA
lrhA,939,lrhA
alaA,1218,alaA
yfbR,600,yfbR
yfbS,1833,yfbS
hxpA,651,hxpA
yfbU,495,yfbU
yfbV,456,yfbV
ackA,1203,ackA
pta,3162,pta
yfcC,1521,yfcC
yfcD,543,yfcD
yfcE,552,yfcE
yfcF,645,yfcF
yfcG,648,yfcG
folX,363,folX
yfcH,894,yfcH
rpnB,891,rpnB
hisP,774,hisP
hisM,717,hisM
hisQ,687,hisQ
hisJ,783,hisJ
argT,783,argT
ubiX,570,ubiX
purF,1518,purF
cvpA,489,cvpA
dedD,663,dedD
folC,1269,folC
accD,915,accD
dedA,660,dedA
truA,813,truA
usg,1014,usg
pdxB,1137,pdxB
flk,996,flk
yfcJ,1179,yfcJ
fabB,1221,fabB
mnmC,2007,mnmC
yfcL,279,yfcL
epmC,549,epmC
yfcA,810,yfcA
mepA,825,mepA
aroC,1086,aroC
prmB,933,prmB
smrB,552,smrB
yfcO,822,yfcO
yfcP,540,yfcP
yfcQ,489,yfcQ
yfcR,513,yfcR
yfcS,753,yfcS
yfcV,564,yfcV
sixA,486,sixA
fadJ,2145,fadJ
fadI,1311,fadI
yfcZ,285,yfcZ
fadL,1341,fadL
yfdF,1059,yfdF
mlaA,756,mlaA
yfdC,933,yfdC
HQ24_RS12105,75,HQ24_RS12105
YFP,717,YFP
HQ24_RS12120,660,HQ24_RS12120
yfdG,363,yfdG
yfdH,921,yfdH
yfdI,1332,yfdI
HQ24_RS26830,147,HQ24_RS26830
yfdK,441,yfdK
HQ24_RS12150,636,HQ24_RS12150
yfdN,495,yfdN
yfdP,363,yfdP
yfdQ,825,yfdQ
yfdR,537,yfdR
HQ24_RS12185,363,HQ24_RS12185
yfdT,306,yfdT
torI,201,torI
dsdC,936,dsdC
dsdX,1338,dsdX
dsdA,1329,dsdA
emrY,1539,emrY
emrK,1164,emrK
evgA,615,evgA
evgS,3594,evgS
yfdE,1146,yfdE
yfdV,945,yfdV
oxc,1695,oxc
frc,1251,frc
yfdX,636,yfdX
ypdI,276,ypdI
yfdY,243,yfdY
lpxP,921,lpxP
ypdK,72,ypdK
alaC,1239,alaC
ypdA,1698,ypdA
ypdB,735,ypdB
ypdC,858,ypdC
ptsP,7245,ptsP
ypdE,1038,ypdE
ypdF,1086,ypdF
fryC,1248,fryC
fryB,327,fryB
glk,966,glk
yfeO,1257,yfeO
ypeC,327,ypeC
mntH,1239,mntH
nupC,1203,nupC
pdeA,2190,pdeA
HQ24_RS12365,76,HQ24_RS12365
HQ24_RS12370,76,HQ24_RS12370
yfeC,360,yfeC
yfeD,393,yfeD
gltX,1416,gltX
HQ24_RS12390,76,HQ24_RS12390
HQ24_RS12395,76,HQ24_RS12395
HQ24_RS12400,76,HQ24_RS12400
HQ24_RS12405,76,HQ24_RS12405
HQ24_RS23570,126,HQ24_RS23570
xapR,885,xapR
HQ24_RS12415,159,HQ24_RS12415
xapB,1257,xapB
xapA,834,xapA
yfeN,765,yfeN
yfeR,927,yfeR
yfeH,999,yfeH
ypeB,219,ypeB
ligA,2016,ligA
zipA,987,zipA
cysZ,762,cysZ
cysK,972,cysK
ptsH,258,ptsH
ptsI,1728,ptsI
crr,510,crr
pdxK,852,pdxK
yfeK,375,yfeK
yfeS,735,yfeS
cysM,912,cysM
cysA,1098,cysA
cysW,876,cysW
cysT,834,cysT
cysP,1017,cysP
ucpA,792,ucpA
murR,858,murR
murQ,897,murQ
murP,1425,murP
pbp4b,1305,pbp4b
yfeX,900,yfeX
yfeY,576,yfeY
yfeZ,450,yfeZ
ypeA,426,ypeA
amiA,870,amiA
hemF,900,hemF
eutR,1053,eutR
eutK,501,eutK
eutL,660,eutL
eutC,888,eutC
eutB,1362,eutB
intZ,1209,intZ
yffL,642,yffL
yffM,246,yffM
yffN,369,yffN
yffO,417,yffO
yffP,594,yffP
yffQ,378,yffQ
yffR,393,yffR
yffS,810,yffS
HQ24_RS27035,126,HQ24_RS27035
eutA,1404,eutA
eutH,1227,eutH
eutG,1188,eutG
eutJ,837,eutJ
eutE,1404,eutE
eutN,288,eutN
eutM,294,eutM
eutT,804,eutT
eutQ,702,eutQ
eutP,480,eutP
eutS,336,eutS
maeB,2280,maeB
tkt,3996,tkt
ypfG,1044,ypfG
nudK,576,nudK
aegA,1980,aegA
narQ,1701,narQ
acrD,3114,acrD
ypfM,60,ypfM
yffB,357,yffB
dapE,1128,dapE
ypfN,201,ypfN
ypfH,699,ypfH
tmcA,2016,tmcA
ypfJ,864,ypfJ
purC,714,purC
bamC,1035,bamC
dapA,879,dapA
gcvR,573,gcvR
bcp,471,bcp
hyfA,618,hyfA
hyfB,2019,hyfB
hyfC,948,hyfC
hyfD,1440,hyfD
hyfE,651,hyfE
hyfF,1581,hyfF
hyfG,1668,hyfG
hyfH,546,hyfH
hyfI,759,hyfI
hyfJ,414,hyfJ
hyfR,2013,hyfR
focB,849,focB
yfgO,1062,yfgO
bepA,1464,bepA
arsC,786,arsC
hda,702,hda
uraA,1290,uraA
upp,627,upp
purM,1038,purM
purN,639,purN
ppk1,2067,ppk1
ppx,1542,ppx
pdeF,2244,pdeF
HQ24_RS26550,153,HQ24_RS26550
yfgG,192,yfgG
yfgH,519,yfgH
yfgI,540,yfgI
guaA,1578,guaA
guaB,1467,guaB
xseA,1371,xseA
yfgJ,216,yfgJ
der,1473,der
bamB,1179,bamB
yfgM,621,yfgM
hisS,1275,hisS
ispG,1119,ispG
rodZ,1014,rodZ
rlmN,1155,rlmN
ndk,432,ndk
pbpC,2313,pbpC
yfhM,4962,yfhM
sseA,846,sseA
timP,126,timP
sseB,777,sseB
pepB,1284,pepB
iscX,201,iscX
fdx,336,fdx
hscA,1851,hscA
hscB,516,hscB
iscA,324,iscA
iscU,387,iscU
iscS,1215,iscS
iscR,489,iscR
trmJ,741,trmJ
suhB,804,suhB
yfhR,855,yfhR
csiE,1281,csiE
hcaT,1140,hcaT
hcaR,891,hcaR
hcaE,1362,hcaE
hcaF,519,hcaF
hcaC,321,hcaC
hcaB,813,hcaB
hcaD,1203,hcaD
yphA,423,yphA
yphB,873,yphB
yphC,1095,yphC
yphD,999,yphD
yphE,1512,yphE
yphF,984,yphF
yphG,3282,yphG
yphH,1194,yphH
glyA,1254,glyA
hmpA,1191,hmpA
glnB,339,glnB
glrR,1335,glrR
qseG,714,qseG
qseE,1428,qseE
purL,3888,purL
mltF,1557,mltF
tadA,504,tadA
yfhb,636,yfhb
yfhH,849,yfhH
yfhL,261,yfhL
shoB,81,shoB
acpS,381,acpS
pdxJ,732,pdxJ
recO,729,recO
era,906,era
rnc,681,rnc
lepB,975,lepB
lepA,1800,lepA
rseC,480,rseC
rseB,957,rseB
rseA,651,rseA
rpoE,576,rpoE
rseD,156,rseD
nadB,1623,nadB
trmN,738,trmN
srmB,1335,srmB
yfiE,882,yfiE
eamB,588,eamB
grcA,384,grcA
ung,690,ung
yfiF,1038,yfiF
trxC,420,trxC
tapT,699,tapT
pat,2661,pat
pssA,1356,pssA
yfiM,324,yfiM
kgtP,1299,kgtP
rrlC,2904,rrlC
HQ24_RS13400,76,HQ24_RS13400
rrsH,4626,rrsH
clpB,2574,clpB
yfiH,732,yfiH
rluD,981,rluD
bamD,738,bamD
raiA,342,raiA
pheL,48,pheL
pheA,1161,pheA
tyrA,1122,tyrA
aroF,1071,aroF
yfiL,366,yfiL
yfiR,519,yfiR
dgcN,1227,dgcN
yfiB,483,yfiB
rplS,348,rplS
trmD,768,trmD
rimM,549,rimM
rpsP,249,rpsP
ffh,1362,ffh
ypjD,792,ypjD
yfjD,1287,yfjD
grpE,594,grpE
nadK,879,nadK
recN,1662,recN
bamE,342,bamE
yfjF,291,yfjF
ratA,438,ratA
smpB,483,smpB
ssrA,363,ssrA
intA,1242,intA
yfjH,957,yfjH
alpA,213,alpA
yfjI,1410,yfjI
yfjJ,627,yfjJ
abpB,2190,abpB
abpA,1617,abpA
yfjM,264,yfjM
rnlA,1074,rnlA
rnlB,372,rnlB
yfjP,864,yfjP
yfjQ,822,yfjQ
yfjR,702,yfjR
yfjS,444,yfjS
yfjT,468,yfjT
yfjW,1704,yfjW
yfjX,459,yfjX
yfjY,483,yfjY
ypjJ,201,ypjJ
yfjZ,318,yfjZ
ypjF,330,ypjF
ypjA,4581,ypjA
HQ24_RS24650,120,HQ24_RS24650
HQ24_RS24660,219,HQ24_RS24660
HQ24_RS13695,76,HQ24_RS13695
glaH,978,glaH
lhgO,1269,lhgO
gabD,1449,gabD
gabT,1281,gabT
gabP,1401,gabP
csiR,663,csiR
kbp,450,kbp
yqaE,159,yqaE
ygaV,300,ygaV
ygaP,525,ygaP
stpA,405,stpA
alaE,450,alaE
ygaC,345,ygaC
ygaM,330,ygaM
nrdH,246,nrdH
nrdI,411,nrdI
nrdE,2145,nrdE
nrdF,960,nrdF
proV,1203,proV
proW,1065,proW
proX,993,proX
ygaZ,738,ygaZ
ygaH,336,ygaH
emrR,531,emrR
emrA,1173,emrA
emrB,1539,emrB
luxS,516,luxS
gshA,1557,gshA
yqaA,429,yqaA
yqaB,567,yqaB
HQ24_RS13875,77,HQ24_RS13875
HQ24_RS13880,77,HQ24_RS13880
HQ24_RS13885,77,HQ24_RS13885
HQ24_RS13890,77,HQ24_RS13890
HQ24_RS13895,93,HQ24_RS13895
csrA,186,csrA
alaS,2631,alaS
recX,501,recX
recA,1062,recA
pncC,498,pncC
mltB,1086,mltB
srlA,564,srlA
srlE,960,srlE
srlB,372,srlB
srlD,780,srlD
gutM,360,gutM
srlR,774,srlR
gutQ,966,gutQ
norR,1515,norR
norV,1440,norV
norW,1134,norW
hypF,2253,hypF
hydN,528,hydN
ascG,1011,ascG
ascF,1458,ascF
ascB,1425,ascB
hycI,471,hycI
hycH,411,hycH
hycG,768,hycG
hycF,543,hycF
hycE,1710,hycE
hycD,924,hycD
hycC,1827,hycC
hycB,612,hycB
hycA,462,hycA
hypA,693,hypA
hypB,873,hypB
hypC,273,hypC
hypD,1122,hypD
hypE,1011,hypE
ygbA,354,ygbA
HQ24_RS26560,135,HQ24_RS26560
mutS,2562,mutS
pphB,657,pphB
ygbI,768,ygbI
ygbJ,909,ygbJ
ygbK,1167,ygbK
ygbL,639,ygbL
ygbM,777,ygbM
ygbN,1365,ygbN
rpoS,993,rpoS
nlpD,1140,nlpD
pcm,627,pcm
surE,762,surE
truD,1050,truD
ispF,480,ispF
ispD,711,ispD
ftsB,312,ftsB
ygbE,324,ygbE
cysC,606,cysC
cysN,1428,cysN
cysD,909,cysD
iap,1038,iap
cas2e,285,cas2e
cas1e,918,cas1e
cas6e,600,cas6e
cas5e,675,cas5e
cas7e,1092,cas7e
casB,483,casB
casA,1509,casA
cas3,2667,cas3
cysH,735,cysH
cysI,1713,cysI
cysJ,1800,cysJ
queD,363,queD
ygcN,1272,ygcN
ygcO,261,ygcO
ygcP,576,ygcP
ygcQ,861,ygcQ
ygcR,780,ygcR
ygcS,1410,ygcS
ygcU,1455,ygcU
ygcW,786,ygcW
yqcE,1278,yqcE
ygcE,1479,ygcE
queE,672,queE
yqcG,141,yqcG
ygcG,873,ygcG
eno,1299,eno
pyrG,1638,pyrG
mazG,792,mazG
mazF,336,mazF
mazE,249,mazE
relA,2241,relA
rlmD,1302,rlmD
barA,2757,barA
gudD,1341,gudD
gudX,1341,gudX
gudP,1353,gudP
yqcA,450,yqcA
truC,783,truC
yqcC,330,yqcC
syd,546,syd
queF,849,queF
ppnN,1365,ppnN
sdaC,1290,sdaC
sdaB,1368,sdaB
xni,756,xni
fucO,1149,fucO
fucA,648,fucA
fucP,1317,fucP
fucI,1776,fucI
fucK,1419,fucK
fucU,423,fucU
fucR,732,fucR
rlmM,1101,rlmM
ygdD,396,ygdD
gcvA,918,gcvA
ygdI,228,ygdI
csdA,1206,csdA
csdE,444,csdE
tcdA,807,tcdA
mltA,1098,mltA
HQ24_RS14520,77,HQ24_RS14520
HQ24_RS14525,77,HQ24_RS14525
HQ24_RS14530,77,HQ24_RS14530
amiC,1254,amiC
argA,1332,argA
recD,1827,recD
recB,3543,recB
ptrA,2889,ptrA
recC,3369,recC
ppdC,324,ppdC
ygdB,408,ygdB
ppdB,564,ppdB
ppdA,471,ppdA
thyA,795,thyA
lgt,876,lgt
rppH,531,rppH
ygdT,147,ygdT
mutH,690,mutH
ygdQ,714,ygdQ
ygdR,219,ygdR
tas,1041,tas
lplT,1194,lplT
aas,2160,aas
galR,1032,galR
lysA,1263,lysA
lysR,936,lysR
ygeA,693,ygeA
araE,1419,araE
kduD,762,kduD
kduI,837,kduI
yqeF,1182,yqeF
yqeG,1230,yqeG
yqeH,633,yqeH
yqeI,810,yqeI
yqeJ,483,yqeJ
HQ24_RS25795,81,HQ24_RS25795
yqeK,426,yqeK
ygeG,492,ygeG
ygeH,1377,ygeH
ygeI,219,ygeI
HQ24_RS14730,477,HQ24_RS14730
HQ24_RS26630,432,HQ24_RS26630
HQ24_RS25805,273,HQ24_RS25805
HQ24_RS14780,693,HQ24_RS14780
HXF02_RS00520,5310,HXF02_RS00520
HXF02_RS00140,4188,HXF02_RS00140
ompP,948,ompP
HQ24_RS14810,1500,HQ24_RS14810
HXF02_RS00160,741,HXF02_RS00160
HXF02_RS00165,978,HXF02_RS00165
HXF02_RS00170,642,HXF02_RS00170
HXF02_RS00180,291,HXF02_RS00180
HXF02_RS00185,900,HXF02_RS00185
HXF02_RS00190,2226,HXF02_RS00190
pifC,1089,pifC
ccdA,219,ccdA
ccdB,306,ccdB
HXF02_RS00210,807,HXF02_RS00210
repE,756,repE
sopA,1167,sopA
HXF02_RS00225,972,HXF02_RS00225
HXF02_RS00235,306,HXF02_RS00235
HXF02_RS00240,684,HXF02_RS00240
HXF02_RS00245,222,HXF02_RS00245
HXF02_RS00250,555,HXF02_RS00250
HXF02_RS00255,777,HXF02_RS00255
HXF02_RS00260,426,HXF02_RS00260
HXF02_RS00265,423,HXF02_RS00265
HXF02_RS00270,192,HXF02_RS00270
HXF02_RS00280,540,HXF02_RS00280
HXF02_RS00285,234,HXF02_RS00285
HXF02_RS00290,1959,HXF02_RS00290
psiB,435,psiB
HXF02_RS00305,126,HXF02_RS00305
HQ24_RS26650,207,HQ24_RS26650
HXF02_RS00320,288,HXF02_RS00320
HXF02_RS00325,822,HXF02_RS00325
HQ24_RS14995,603,HQ24_RS14995
traM,384,traM
traJ,690,traJ
traY,402,traY
traA,366,traA
traL,312,traL
traE,567,traE
traK,729,traK
traB,1428,traB
traP,591,traP
HQ24_RS15045,198,HQ24_RS15045
trbG,252,trbG
traV,516,traV
traR,222,traR
traC,2628,traC
trbI,387,trbI
traW,633,traW
traU,993,traU
trbC,639,trbC
traN,1809,traN
HXF02_RS00430,258,HXF02_RS00430
traF,744,traF
trbA,348,trbA
HXF02_RS00445,315,HXF02_RS00445
traQ,285,traQ
trbB,546,trbB
trbJ,342,trbJ
trbF,381,trbF
traH,1374,traH
traG,2817,traG
traS,522,traS
traT,732,traT
traD,2154,traD
HQ24_RS15160,399,HQ24_RS15160
vapB,228,vapB
traI,5271,traI
traX,747,traX
HXF02_RS00020,189,HXF02_RS00020
HQ24_RS15200,312,HQ24_RS15200
HXF02_RS00030,150,HXF02_RS00030
repA,258,repA
HXF02_RS00045,2097,HXF02_RS00045
HXF02_RS00050,552,HXF02_RS00050
HXF02_RS00055,3009,HXF02_RS00055
HXF02_RS00060,1062,HXF02_RS00060
HQ24_RS15245,414,HQ24_RS15245
HXF02_RS00070,396,HXF02_RS00070
HQ24_RS15255,414,HQ24_RS15255
HXF02_RS00085,189,HXF02_RS00085
HXF02_RS00010,1163,HXF02_RS00010
HQ24_RS27050,279,HQ24_RS27050
ygeQ,795,ygeQ
HQ24_RS15320,74,HQ24_RS15320
actS,756,actS
xdhA,2298,xdhA
xdhB,879,xdhB
xdhC,480,xdhC
ygeV,1779,ygeV
ygeW,1188,ygeW
dpaL,1197,dpaL
ygeY,1212,ygeY
hyuA,1386,hyuA
arcC,933,arcC
yqeB,1626,yqeB
yqeC,771,yqeC
mocA,579,mocA
ygfK,3099,ygfK
ssnA,1329,ssnA
ygfM,780,ygfM
xdhD,2871,xdhD
xanQ,1401,xanQ
guaD,1317,guaD
ghxQ,1368,ghxQ
ygfS,489,ygfS
ygfT,1920,ygfT
uacT,1449,uacT
yqfG,126,yqfG
HQ24_RS26340,72,HQ24_RS26340
idi,549,idi
lysS,3036,lysS
prfB,1099,prfB
recJ,1734,recJ
dsbC,711,dsbC
xerD,897,xerD
fldB,522,fldB
ygfX,408,ygfX
sdhE,267,sdhE
ygfZ,981,ygfZ
yqfA,660,yqfA
yqfB,312,yqfB
bglA,1434,bglA
ygfF,744,ygfF
gcvP,2874,gcvP
gcvH,390,gcvH
gcvT,1095,gcvT
HQ24_RS26345,84,HQ24_RS26345
ubiI,1203,ubiI
ubiH,1179,ubiH
pepP,1326,pepP
ygfB,579,ygfB
zapA,330,zapA
ssrS,184,ssrS
fau,603,fau
ibsC,60,ibsC
serA,1233,serA
rpiA,660,rpiA
HQ24_RS15575,231,HQ24_RS15575
argP,894,argP
scpA,2145,scpA
meaB,996,meaB
scpB,786,scpB
scpC,1479,scpC
ygfI,897,ygfI
yggE,741,yggE
argO,636,argO
mscS,861,mscS
fbaA,1080,fbaA
pgk,1164,pgk
epd,1020,epd
yggC,714,yggC
fumE,510,fumE
glpX,1977,glpX
yggP,1278,yggP
cmtA,1389,cmtA
cmtB,444,cmtB
loiP,759,loiP
speB,921,speB
speA,1977,speA
yqgB,132,yqgB
yqgG,144,yqgG
yqgD,252,yqgD
metK,1155,metK
galP,1395,galP
yggI,498,yggI
endA,708,endA
rsmE,732,rsmE
gshB,951,gshB
yqgE,564,yqgE
ruvX,417,ruvX
yggR,981,yggR
yggS,705,yggS
yggT,567,yggT
yggU,291,yggU
rdgB,594,rdgB
hemW,1137,hemW
yggM,1008,yggM
ansB,1047,ansB
yggN,720,yggN
yggL,327,yggL
trmB,720,trmB
mutY,1053,mutY
yggX,276,yggX
mltC,1080,mltC
nupG,1257,nupG
speC,2136,speC
yqgH,84,yqgH
yqgA,708,yqgA
HQ24_RS15835,76,HQ24_RS15835
yghD,537,yghD
gspC,1812,gspC
gspS2,411,gspS2
pppA,810,pppA
sslE,4563,sslE
glcA,1683,glcA
glcB,2172,glcB
glcG,405,glcG
glcF,1224,glcF
glcE,1053,glcE
glcD,1500,glcD
glcC,765,glcC
yghO,1137,yghO
HQ24_RS15925,759,HQ24_RS15925
yghS,714,yghS
yghT,693,yghT
pitB,1500,pitB
gss,1860,gss
yghU,867,yghU
hybG,249,hybG
hybE,489,hybE
hybD,495,hybD
hybC,1704,hybC
hybB,1179,hybB
hybA,987,hybA
hybO,1119,hybO
yghW,288,yghW
gpr,1041,gpr
yqhA,495,yqhA
yghA,885,yghA
exbD,426,exbD
exbB,735,exbB
metC,1188,metC
yghB,660,yghB
yqhC,900,yqhC
yqhD,1164,yqhD
dkgA,828,dkgA
yqhG,927,yqhG
yqhH,258,yqhH
ygiQ,2220,ygiQ
ftsP,1413,ftsP
plsC,738,plsC
parC,2259,parC
ygiS,1608,ygiS
mqsA,396,mqsA
mqsR,297,mqsR
ygiV,483,ygiV
ygiW,393,ygiW
qseB,660,qseB
qseC,1350,qseC
ygiZ,333,ygiZ
mdaB,582,mdaB
ygiN,315,ygiN
parE,1893,parE
yqiA,582,yqiA
cpdA,828,cpdA
yqiB,423,yqiB
nudF,630,nudF
tolC,1482,tolC
ygiB,672,ygiB
ygiC,1161,ygiC
ygiD,789,ygiD
zupT,774,zupT
yqiD,171,yqiD
ribB,654,ribB
ubiK,291,ubiK
ygiL,552,ygiL
CDN75_RS10700,2466,CDN75_RS10700
yqiH,750,yqiH
yqiI,1065,yqiI
glgS,201,glgS
yqiJ,630,yqiJ
yqiK,1662,yqiK
HQ24_RS26350,60,HQ24_RS26350
ibsE,60,ibsE
hldE,1434,hldE
glnE,2841,glnE
ygiF,1302,ygiF
ygiM,621,ygiM
cca,1239,cca
bacA,822,bacA
folB,369,folB
plsY,618,plsY
ttdR,933,ttdR
ttdA,912,ttdA
ttdB,606,ttdB
ttdT,1464,ttdT
tsaD,1014,tsaD
rpsU,216,rpsU
dnaG,1746,dnaG
rpoD,1842,rpoD
mug,507,mug
HQ24_RS16365,76,HQ24_RS16365
nfeF,765,nfeF
nfeR,624,nfeR
aer,1521,aer
ygjG,1380,ygjG
ygjH,333,ygjH
ebgR,984,ebgR
ebgA,3093,ebgA
ebgC,450,ebgC
ygjI,1434,ygjI
ygjJ,1071,ygjJ
ygjK,2352,ygjK
fadH,2019,fadH
higA,417,higA
higB,315,higB
rlmG,1137,rlmG
ygjP,504,ygjP
ygjQ,693,ygjQ
ygjR,987,ygjR
alx,966,alx
sstT,1245,sstT
ygjV,552,ygjV
uxaA,1488,uxaA
uxaC,1413,uxaC
exuT,1299,exuT
exuR,777,exuR
yqiM,84,yqiM
yqjA,663,yqjA
mzrA,384,mzrA
yqjC,369,yqjC
yqjD,306,yqjD
yqjE,405,yqjE
yqjK,300,yqjK
yqjF,393,yqjF
yqjG,987,yqjG
yhaH,366,yhaH
yhaI,357,yhaI
yhaJ,897,yhaJ
yhaK,702,yhaK
yhaL,165,yhaL
cyuA,1311,cyuA
cyuP,1332,cyuP
tdcG,1365,tdcG
tdcF,390,tdcF
tdcE,2295,tdcE
tdcD,1209,tdcD
tdcC,1332,tdcC
tdcB,990,tdcB
tdcA,939,tdcA
tdcR,219,tdcR
yhaB,540,yhaB
yhaC,1188,yhaC
rnpB,377,rnpB
garK,1146,garK
garR,891,garR
garL,771,garL
garP,1335,garP
garD,1572,garD
prlF,336,prlF
yhaV,465,yhaV
agaR,810,agaR
kbaZ,1281,kbaZ
agaV,474,agaV
agaS,1155,agaS
kbaY,861,kbaY
agaB,477,agaB
agaC,804,agaC
agaD,792,agaD
agaI,756,agaI
yraH,585,yraH
yraI,696,yraI
yraJ,2517,yraJ
yraK,1092,yraK
rsmI,861,rsmI
lpoA,2037,lpoA
yraN,396,yraN
diaA,591,diaA
dolP,576,dolP
yraQ,1041,yraQ
yraR,636,yraR
yhbO,519,yhbO
yhbP,444,yhbP
yhbQ,303,yhbQ
yhbS,504,yhbS
ubiT,525,ubiT
ubiU,996,ubiU
ubiV,879,ubiV
yhbW,1008,yhbW
mtr,1245,mtr
deaD,1890,deaD
yrbN,81,yrbN
nlpI,885,nlpI
pnp,2136,pnp
rpsO,270,rpsO
truB,945,truB
rbfA,402,rbfA
infB,2673,infB
nusA,1488,nusA
rimP,453,rimP
HQ24_RS16865,77,HQ24_RS16865
argG,1344,argG
yhbX,1626,yhbX
HQ24_RS16880,87,HQ24_RS16880
secG,333,secG
glmM,1338,glmM
folP,849,folP
ftsH,1935,ftsH
rlmE,630,rlmE
yhbY,294,yhbY
greA,477,greA
dacB,1434,dacB
cgtA,1173,cgtA
yhbE,966,yhbE
rpmA,258,rpmA
rplU,312,rplU
ispB,972,ispB
sfsB,279,sfsB
murA,1260,murA
ibaG,255,ibaG
mlaB,294,mlaB
mlaC,636,mlaC
mlaD,552,mlaD
mlaE,783,mlaE
mlaF,810,mlaF
yrbG,978,yrbG
kdsD,987,kdsD
kdsC,567,kdsC
lptC,576,lptC
lptA,558,lptA
lptB,726,lptB
rpoN,1434,rpoN
hpf,288,hpf
ptsN,492,ptsN
rapZ,855,rapZ
npr,273,npr
yrbL,633,yrbL
mtgA,729,mtgA
elbB,654,elbB
arcB,2337,arcB
yhcC,930,yhcC
gltB,4461,gltB
gltD,1419,gltD
gltF,765,gltF
yhcA,675,yhcA
yhcD,2382,yhcD
yhcF,717,yhcF
yhcG,1128,yhcG
nanQ,465,nanQ
nanK,876,nanK
nanE,690,nanE
nanT,1491,nanT
nanA,894,nanA
nanR,792,nanR
sspB,498,sspB
sspA,639,sspA
rpsI,393,rpsI
rplM,429,rplM
zapE,1128,zapE
zapG,399,zapG
degQ,1368,degQ
degS,1068,degS
mdh,939,mdh
argR,471,argR
yhcN,264,yhcN
yhcO,273,yhcO
aaeB,1968,aaeB
aaeA,933,aaeA
aaeX,204,aaeX
aaeR,930,aaeR
tldD,1446,tldD
yhdP,3801,yhdP
rng,1470,rng
yhdE,594,yhdE
mreD,489,mreD
mreC,1104,mreC
mreB,1044,mreB
csrD,1941,csrD
yhdH,975,yhdH
accB,471,accB
accC,1350,accC
yhdT,243,yhdT
panF,1452,panF
prmA,882,prmA
dusB,966,dusB
fis,297,fis
yhdJ,885,yhdJ
yhdU,180,yhdU
acrS,663,acrS
acrE,1158,acrE
acrF,3105,acrF
HQ24_RS17365,222,HQ24_RS17365
yhdX,1182,yhdX
yhdY,1104,yhdY
yhdZ,759,yhdZ
HQ24_RS17400,76,HQ24_RS17400
rrlE,2904,rrlE
HQ24_RS17415,76,HQ24_RS17415
HQ24_RS17420,77,HQ24_RS17420
yrdA,555,yrdA
yrdB,258,yrdB
aroE,819,aroE
tsaC,573,tsaC
yrdD,543,yrdD
smg,474,smg
dprA,1125,dprA
def,510,def
fmt,948,fmt
rsmB,1290,rsmB
trkA,1377,trkA
mscL,411,mscL
arfA,219,arfA
zntR,426,zntR
yhdN,369,yhdN
rplQ,384,rplQ
rpoA,990,rpoA
rpsD,621,rpsD
rpsK,390,rpsK
rpsM,357,rpsM
rpmJ,117,rpmJ
secY,1332,secY
rplO,435,rplO
rpmD,180,rpmD
rpsE,504,rpsE
rplR,354,rplR
rplF,534,rplF
rpsH,393,rpsH
rpsN,306,rpsN
rplE,540,rplE
rplX,315,rplX
rplN,372,rplN
rpsQ,255,rpsQ
rpmC,192,rpmC
rplP,411,rplP
rpsC,702,rpsC
rplV,333,rplV
rpsS,279,rpsS
rplB,822,rplB
rplW,303,rplW
rplD,606,rplD
rplC,630,rplC
rpsJ,312,rpsJ
gspB,420,gspB
gspA,1470,gspA
gspD,1953,gspD
gspF,1197,gspF
gspG,438,gspG
gspH,510,gspH
gspI,378,gspI
gspJ,588,gspJ
gspK,984,gspK
gspL,1164,gspL
gspM,462,gspM
gspO,678,gspO
bfr,477,bfr
bfd,195,bfd
chiA,2694,chiA
tuf,2370,tuf
fusA,2115,fusA
rpsL,375,rpsL
tusB,288,tusB
tusC,360,tusC
tusD,387,tusD
yheO,723,yheO
fkpA,813,fkpA
slyX,219,slyX
slyD,591,slyD
yheV,201,yheV
kefB,1806,kefB
kefG,552,kefG
yheS,1914,yheS
yheT,1023,yheT
yheU,219,yheU
prkB,870,prkB
yhfA,405,yhfA
crp,633,crp
yhfK,2091,yhfK
argD,1221,argD
pabA,564,pabA
fic,603,fic
yhfG,168,yhfG
ppiA,573,ppiA
tsgA,1182,tsgA
nirB,2544,nirB
nirD,327,nirD
nirC,807,nirC
cysG,1374,cysG
yhfL,168,yhfL
frlA,1338,frlA
frlB,1023,frlB
frlC,831,frlC
frlD,786,frlD
frlR,732,frlR
yhfS,1086,yhfS
yhfT,1305,yhfT
yhfU,354,yhfU
php,879,php
yhfW,1227,yhfW
yhfX,1164,yhfX
yhfY,363,yhfY
yhfZ,906,yhfZ
trpS,1005,trpS
gph,759,gph
rpe,678,rpe
dam,837,dam
damX,1287,damX
aroB,1089,aroB
aroK,522,aroK
hofQ,1239,hofQ
hofP,405,hofP
hofO,441,hofO
hofN,540,hofN
hofM,780,hofM
mrcA,2553,mrcA
nudE,561,nudE
igaA,2136,igaA
yrfG,669,yrfG
hslR,402,hslR
hslO,879,hslO
yhgE,1725,yhgE
pckA,1623,pckA
envZ,1353,envZ
ompR,720,ompR
greB,477,greB
yhgF,2322,yhgF
feoA,228,feoA
feoB,2322,feoB
feoC,237,feoC
rpnA,879,rpnA
bioH,771,bioH
gntX,684,gntX
nfuA,576,nfuA
gntT,1317,gntT
malQ,2085,malQ
malP,2394,malP
malT,2706,malT
rtcA,1017,rtcA
rtcB,1227,rtcB
rtcR,1599,rtcR
HQ24_RS18155,759,HQ24_RS18155
glpG,831,glpG
glpE,327,glpE
glpD,1506,glpD
glgP,2448,glgP
glgA,1434,glgA
glgC,1296,glgC
glgX,1974,glgX
glgB,2187,glgB
asd,2073,asd
yhgN,594,yhgN
gntU,1341,gntU
gntK,528,gntK
gntR,996,gntR
yhhW,696,yhhW
yhhX,1038,yhhX
yhhY,489,yhhY
yhhZ,1179,yhhZ
HQ24_RS18250,417,HQ24_RS18250
HQ24_RS18255,698,HQ24_RS18255
yrhD,156,yrhD
yrhB,285,yrhB
ggt,1743,ggt
yhhA,441,yhhA
ugpQ,744,ugpQ
ugpC,1071,ugpC
ugpE,846,ugpE
ugpA,888,ugpA
ugpB,1317,ugpB
livF,714,livF
livG,768,livG
livM,1278,livM
livH,927,livH
livK,1110,livK
panM,384,panM
livJ,1104,livJ
rpoH,855,rpoH
ftsX,1059,ftsX
ftsE,669,ftsE
ftsY,1494,ftsY
rsmD,597,rsmD
yhhL,270,yhhL
yhhM,360,yhhM
yhhN,627,yhhN
zntA,2199,zntA
tusA,246,tusA
yhhQ,666,yhhQ
dcrB,558,dcrB
yhhS,1218,yhhS
yhhT,1050,yhhT
acpT,588,acpT
nikA,1575,nikA
nikB,945,nikB
nikC,834,nikC
nikD,765,nikD
nikE,807,nikE
nikR,402,nikR
rhsB,4236,rhsB
yhhH,384,yhhH
yhhJ,1125,yhhJ
rbbA,2736,rbbA
yhiI,1068,yhiI
yhiY,114,yhiY
yhiJ,1623,yhiJ
yhiM,1053,yhiM
yhiN,1203,yhiN
pitA,1500,pitA
uspB,336,uspB
uspA,435,uspA
HQ24_RS26885,54,HQ24_RS26885
HQ24_RS26890,54,HQ24_RS26890
dtpB,1470,dtpB
rsmJ,753,rsmJ
prlC,2043,prlC
rlmJ,843,rlmJ
gorA,1353,gorA
dinQ,84,dinQ
arsR,354,arsR
arsB,1290,arsB
slp,567,slp
dctR,531,dctR
yhiD,648,yhiD
hdeB,327,hdeB
hdeA,333,hdeA
hdeD,573,hdeD
gadE,528,gadE
HQ24_RS18630,279,HQ24_RS18630
mdtE,1158,mdtE
mdtF,3114,mdtF
gadW,729,gadW
gadX,825,gadX
gadA,1401,gadA
ccp,1398,ccp
treF,1650,treF
yhjB,603,yhjB
rcdB,900,rcdB
yhjD,1014,yhjD
yhjE,1323,yhjE
yhjG,2061,yhjG
pdeH,768,pdeH
kdgK,930,kdgK
yhjJ,1497,yhjJ
dctA,1287,dctA
hmsP,1989,hmsP
bcsC,3474,bcsC
bcsZ,1107,bcsZ
bcsB,2340,bcsB
bcsA,2619,bcsA
bcsQ,729,bcsQ
bcsR,189,bcsR
bcsE,1572,bcsE
bcsF,192,bcsF
bcsG,1680,bcsG
ldrD,108,ldrD
yhjV,1272,yhjV
dppF,1005,dppF
dppD,984,dppD
dppC,903,dppC
dppB,1020,dppB
dppA,1608,dppA
HQ24_RS18820,77,HQ24_RS18820
eptB,1692,eptB
yhjX,1209,yhjX
yhjY,699,yhjY
tag,564,tag
yiaC,441,yiaC
bisC,2334,bisC
yiaD,660,yiaD
ghrB,975,ghrB
yiaF,711,yiaF
yiaG,291,yiaG
cspA,213,cspA
ysaE,72,ysaE
hokA,153,hokA
CDN75_RS13515,1370,CDN75_RS13515
glyS,2070,glyS
glyQ,912,glyQ
ysaB,300,ysaB
wecH,996,wecH
yiaA,438,yiaA
yiaB,342,yiaB
xylB,1455,xylB
xylA,1323,xylA
xylF,993,xylF
xylG,1542,xylG
xylH,1182,xylH
xylR,1179,xylR
bax,825,bax
malS,2031,malS
avtA,1254,avtA
ysaA,474,ysaA
yiaJ,849,yiaJ
yiaK,999,yiaK
yiaL,468,yiaL
yiaM,474,yiaM
yiaN,1278,yiaN
yiaO,987,yiaO
lyxK,1497,lyxK
ulaD,1314,ulaD
sgbU,861,sgbU
yiaT,741,yiaT
yiaU,975,yiaU
yiaV,1137,yiaV
yiaW,324,yiaW
HQ24_RS26505,144,HQ24_RS26505
aldB,1539,aldB
yiaY,1152,yiaY
selB,1845,selB
selA,1392,selA
yibF,609,yibF
rhsA,4134,rhsA
yibA,843,yibA
yibG,462,yibG
yibH,1137,yibH
yibI,363,yibI
mtlA,1914,mtlA
mtlD,1149,mtlD
mtlR,588,mtlR
yibT,210,yibT
yibL,363,yibL
lldP,1656,lldP
lldR,777,lldR
lldD,1191,lldD
trmL,474,trmL
cysE,822,cysE
gpsA,1020,gpsA
secB,468,secB
grxC,252,grxC
yibN,432,yibN
gpmM,1545,gpmM
envC,1260,envC
yibQ,960,yibQ
waaH,1035,waaH
tdh,1026,tdh
kbl,1197,kbl
yibB,858,yibB
rfaD,933,rfaD
rfaF,1047,rfaF
rfaC,960,rfaC
waaL,1260,waaL
waaU,1074,waaU
waaZ,852,waaZ
rfaY,699,rfaY
rfaJ,1017,rfaJ
waaO,1020,waaO
waaB,1080,waaB
rfaS,936,rfaS
rfaP,798,rfaP
rfaG,1125,rfaG
rfaQ,1071,rfaQ
waaA,1278,waaA
coaD,480,coaD
mutM,810,mutM
rpmG,168,rpmG
rpmB,237,rpmB
radC,669,radC
coaBC,1221,coaBC
dut,459,dut
slmA,597,slmA
pyrE,642,pyrE
rph,717,rph
yicC,864,yicC
dinD,825,dinD
yicG,618,yicG
ligB,1683,ligB
gmk,624,gmk
rpoZ,276,rpoZ
spoT,2115,spoT
trmH,690,trmH
recG,2082,recG
gltS,1206,gltS
xanP,1392,xanP
yicH,1710,yicH
yicI,2319,yicI
yicJ,1383,yicJ
HQ24_RS19415,95,HQ24_RS19415
setC,1185,setC
yicL,924,yicL
nlpA,819,nlpA
yicS,294,yicS
nepI,1191,nepI
yicN,453,yicN
adeQ,1335,adeQ
adeD,1767,adeD
uhpT,1392,uhpT
uhpC,1320,uhpC
uhpB,1503,uhpB
uhpA,591,uhpA
ilvB,1689,ilvB
ivbL,99,ivbL
tisB,90,tisB
ysdE,75,ysdE
emrD,1185,emrD
yidF,498,yidF
yidG,363,yidG
yidH,348,yidH
yidI,450,yidI
yidJ,1494,yidJ
yidK,1716,yidK
yidL,894,yidL
yidP,717,yidP
yidE,1662,yidE
ibpB,429,ibpB
ibpA,414,ibpA
yidQ,333,yidQ
yidR,1215,yidR
cbrA,1065,cbrA
dgoT,1338,dgoT
dgoD,1149,dgoD
dgoA,618,dgoA
dgoK,879,dgoK
dgoR,690,dgoR
yidX,657,yidX
yidA,813,yidA
yidB,399,yidB
gyrB,2415,gyrB
recF,1074,recF
dnaN,1101,dnaN
dnaA,1404,dnaA
HQ24_RS26380,81,HQ24_RS26380
rpmH,141,rpmH
rnpA,360,rnpA
yidD,258,yidD
yidC,1647,yidC
mnmE,1365,mnmE
tnaC,75,tnaC
tnaA,1416,tnaA
tnaB,1248,tnaB
mdtL,1176,mdtL
yidZ,960,yidZ
yieF,567,yieF
adeP,1338,adeP
yieH,666,yieH
cbrB,468,cbrB
cbrC,588,cbrC
yieK,723,yieK
yieL,1170,yieL
bglH,1617,bglH
bglB,1413,bglB
bglF,1878,bglF
bglG,837,bglG
phoU,726,phoU
pstB,774,pstB
pstA,891,pstA
pstC,960,pstC
pstS,1041,pstS
glmS,1830,glmS
glmU,1371,glmU
atpC,420,atpC
atpD,1383,atpD
atpG,864,atpG
atpA,1542,atpA
atpH,534,atpH
atpF,471,atpF
atpE,240,atpE
atpB,816,atpB
atpI,381,atpI
rsmG,624,rsmG
mnmG,1890,mnmG
mioC,444,mioC
asnC,459,asnC
asnA,993,asnA
viaA,1452,viaA
ravA,1497,ravA
kup,1869,kup
rbsD,420,rbsD
rbsA,1506,rbsA
rbsC,966,rbsC
rbsB,891,rbsB
rbsK,930,rbsK
rbsR,993,rbsR
yieP,693,yieP
HQ24_RS19950,76,HQ24_RS19950
HQ24_RS19965,77,HQ24_RS19965
HQ24_RS19970,76,HQ24_RS19970
hdfR,840,hdfR
maoP,339,maoP
yifB,1521,yifB
ilvL,99,ilvL
ilvX,51,ilvX
ilvM,264,ilvM
ilvE,930,ilvE
ilvD,1851,ilvD
ilvA,1545,ilvA
ilvY,894,ilvY
ilvC,1476,ilvC
ppiC,282,ppiC
rep,2022,rep
gppA,1485,gppA
rhlB,1266,rhlB
trxA,330,trxA
rhoL,102,rhoL
rho,1260,rho
wecA,1104,wecA
wzzE,1047,wzzE
wecB,1131,wecB
wecC,1263,wecC
rffG,1068,rffG
rffC,675,rffC
rffA,1131,rffA
wzxE,1251,wzxE
rffT,1080,rffT
wzyE,1353,wzyE
wecG,741,wecG
yifK,1386,yifK
HQ24_RS20140,77,HQ24_RS20140
HQ24_RS20145,76,HQ24_RS20145
HQ24_RS20150,87,HQ24_RS20150
HQ24_RS20155,77,HQ24_RS20155
aslB,1236,aslB
aslA,1656,aslA
hemY,1197,hemY
hemX,1182,hemX
hemD,741,hemD
hemC,942,hemC
cyaA,2547,cyaA
cyaY,321,cyaY
yifL,204,yifL
dapF,825,dapF
xerC,897,xerC
yigB,717,yigB
uvrD,2163,uvrD
yigE,765,yigE
ysgD,57,ysgD
corA,951,corA
yigF,381,yigF
yigG,381,yigG
rarD,891,rarD
yigI,468,yigI
pldA,870,pldA
recQ,1830,recQ
rhtC,621,rhtC
rhtB,621,rhtB
pldB,1023,pldB
yigL,801,yigL
bioP,900,bioP
metR,954,metR
metE,2262,metE
ysgA,816,ysgA
udp,762,udp
rmuC,1428,rmuC
ubiE,756,ubiE
ubiJ,606,ubiJ
ubiB,1641,ubiB
tatA,270,tatA
tatB,516,tatB
tatC,777,tatC
tatD,783,tatD
rfaH,489,rfaH
ubiD,1494,ubiD
fre,702,fre
fadA,1164,fadA
fadB,2190,fadB
pepQ,1332,pepQ
yigZ,615,yigZ
trkH,1452,trkH
hemG,546,hemG
HQ24_RS20410,77,HQ24_RS20410
HQ24_RS20415,76,HQ24_RS20415
mobB,528,mobB
mobA,585,mobA
yihD,270,yihD
srkA,987,srkA
dsbA,627,dsbA
yihF,1431,yihF
yihG,933,yihG
polA,2787,polA
yihA,633,yihA
yihI,510,yihI
hemN,1374,hemN
yshB,111,yshB
glnG,1410,glnG
glnL,1050,glnL
glnA,1410,glnA
typA,1824,typA
yihL,711,yihL
yihM,981,yihM
yihN,1266,yihN
ompL,693,ompL
yihO,1404,yihO
yihP,1386,yihP
yihQ,2037,yihQ
yihR,903,yihR
yihS,1242,yihS
yihT,879,yihT
yihU,897,yihU
yihV,897,yihV
csqR,786,csqR
yihX,600,yihX
yihY,873,yihY
dtd,438,dtd
fabY,942,fabY
yiiE,219,yiiE
yiiF,243,yiiF
fdhE,930,fdhE
fdoI,636,fdoI
fdoH,903,fdoH
fdhD,834,fdhD
yiiG,1056,yiiG
frvR,1749,frvR
frvX,1071,frvX
frvB,1452,frvB
frvA,447,frvA
rhaM,315,rhaM
rhaD,825,rhaD
rhaA,1260,rhaA
rhaB,1470,rhaB
rhaS,837,rhaS
rhaR,849,rhaR
rhaT,1035,rhaT
sodA,621,sodA
kdgT,984,kdgT
yiiM,675,yiiM
cpxA,1374,cpxA
cpxR,699,cpxR
cpxP,501,cpxP
fieF,903,fieF
pfkA,963,pfkA
sbp,990,sbp
cdh,756,cdh
tpiA,768,tpiA
yiiQ,600,yiiQ
yiiR,441,yiiR
yiiS,300,yiiS
uspD,429,uspD
fpr,747,fpr
glpK,1509,glpK
glpF,846,glpF
zapB,246,zapB
rraA,486,rraA
menA,927,menA
hslU,1332,hslU
hslV,531,hslV
ftsN,960,ftsN
cytR,1026,cytR
priA,2199,priA
rpmE,213,rpmE
yiiX,609,yiiX
metJ,318,metJ
metB,1161,metB
metL,2433,metL
HQ24_RS27090,135,HQ24_RS27090
metF,891,metF
katG,2181,katG
yijE,906,yijE
yijF,618,yijF
gldA,1104,gldA
frwC,1080,frwC
frwB,321,frwB
pflD,2298,pflD
pflC,879,pflC
frwD,342,frwD
yijO,852,yijO
eptC,1734,eptC
ppc,2652,ppc
argE,1152,argE
argC,1005,argC
argB,777,argB
argH,1374,argH
oxyR,918,oxyR
sthA,1401,sthA
fabR,651,fabR
yijD,360,yijD
trmA,1101,trmA
btuB,1845,btuB
murI,858,murI
HQ24_RS21030,76,HQ24_RS21030
rrlA,5808,rrlA
murB,1029,murB
birA,966,birA
coaA,951,coaA
HQ24_RS21065,76,HQ24_RS21065
HQ24_RS21070,85,HQ24_RS21070
HQ24_RS21075,75,HQ24_RS21075
HQ24_RS21080,76,HQ24_RS21080
secE,384,secE
nusG,546,nusG
rplK,429,rplK
rplA,705,rplA
rplJ,498,rplJ
rplL,366,rplL
rpoB,4029,rpoB
rpoC,4224,rpoC
yjaZ,540,yjaZ
thiH,1134,thiH
thiG,771,thiG
thiS,201,thiS
thiF,756,thiF
thiE,636,thiE
thiC,1896,thiC
rsd,477,rsd
nudC,774,nudC
hemE,1065,hemE
nfi,672,nfi
yjaG,591,yjaG
hupA,273,hupA
yjaH,696,yjaH
zraP,426,zraP
zraS,1398,zraS
zraR,1326,zraR
purD,1290,purD
purH,1590,purH
HQ24_RS21230,76,HQ24_RS21230
yjaA,384,yjaA
yjaB,444,yjaB
metA,930,metA
aceB,1602,aceB
aceA,1305,aceA
aceK,1737,aceK
espL4,2187,espL4
iclR,825,iclR
metH,3684,metH
yjbB,1632,yjbB
pepE,690,pepE
rluF,873,rluF
yjbD,273,yjbD
lysC,1350,lysC
pgi,1650,pgi
yjbE,243,yjbE
yjbF,639,yjbF
yjbG,738,yjbG
yjbH,2097,yjbH
HQ24_RS25910,279,HQ24_RS25910
HQ24_RS26510,144,HQ24_RS26510
psiE,411,psiE
xylE,1476,xylE
malG,891,malG
malF,1545,malF
malE,1191,malE
malK,1116,malK
lamB,1341,lamB
malM,921,malM
ubiC,498,ubiC
ubiA,873,ubiA
plsB,2424,plsB
dgkA,369,dgkA
lexA,609,lexA
dinF,1326,dinF
yjbJ,210,yjbJ
zur,516,zur
yjbL,255,yjbL
yjbM,708,yjbM
dusA,1038,dusA
pspG,243,pspG
qorA,984,qorA
dnaB,1416,dnaB
alr,1080,alr
tyrB,1194,tyrB
yjbS,204,yjbS
aphA,714,aphA
yjbQ,417,yjbQ
yjbR,357,yjbR
uvrA,2823,uvrA
ssb1,537,ssb1
yjcB,282,yjcB
pdeC,1587,pdeC
soxS,324,soxS
soxR,465,soxR
ghxP,1350,ghxP
yjcE,1650,yjcE
actP,1650,actP
yjcH,315,yjcH
acs,1959,acs
nrfA,1437,nrfA
nrfC,672,nrfC
nrfD,957,nrfD
nrfE,1719,nrfE
nrfF,384,nrfF
nrfG,597,nrfG
gltP,1314,gltP
yjcO,690,yjcO
fdhF,2148,fdhF
mdtP,1467,mdtP
mdtO,2052,mdtO
mdtN,1032,mdtN
ytcA,276,ytcA
yjcS,1986,yjcS
alsK,930,alsK
alsE,696,alsE
alsC,981,alsC
alsA,1533,alsA
alsB,936,alsB
alsR,891,alsR
rpiB,450,rpiB
yjdP,330,yjdP
phnP,759,phnP
phnO,435,phnO
phnN,558,phnN
phnM,1137,phnM
phnL,681,phnL
phnK,759,phnK
phnJ,846,phnJ
phnI,1065,phnI
phnH,585,phnH
phnG,453,phnG
phnF,726,phnF
phnD,1017,phnD
phnC,789,phnC
yjdN,444,yjdN
yjdM,336,yjdM
crfC,2229,crfC
rdcB,879,rdcB
proP,1503,proP
pmrR,90,pmrR
pmrB,1101,pmrB
basR,669,basR
eptA,1644,eptA
adiC,1338,adiC
adiY,762,adiY
adiA,2268,adiA
melR,909,melR
melA,1356,melA
melB,1422,melB
yjdF,630,yjdF
dcuB,1341,dcuB
dcuR,720,dcuR
dcuS,1632,dcuS
yjdI,231,yjdI
yjdJ,273,yjdJ
ghoT,174,ghoT
dtpC,1458,dtpC
cadA,2148,cadA
cadB,1335,cadB
cadC,1539,cadC
HQ24_RS21915,76,HQ24_RS21915
yjdC,576,yjdC
dsbD,1698,dsbD
cutA,339,cutA
dcuA,1302,dcuA
aspA,1437,aspA
fxsA,477,fxsA
yjeH,1257,yjeH
groS,294,groS
groL,1647,groL
yjeI,354,yjeI
yjeJ,870,yjeJ
epmB,1029,epmB
efp,567,efp
ecnA,126,ecnA
ecnB,147,ecnB
sugE,318,sugE
blc,534,blc
ampC,1134,ampC
frdD,360,frdD
frdC,396,frdC
frdB,735,frdB
frdA,1809,frdA
epmA,978,epmA
yjeM,1503,yjeM
yjeN,315,yjeN
yjeO,315,yjeO
mscM,3324,mscM
rsgA,1053,rsgA
orn,546,orn
HQ24_RS22070,76,HQ24_RS22070
HQ24_RS22075,76,HQ24_RS22075
HQ24_RS22080,76,HQ24_RS22080
HQ24_RS26410,54,HQ24_RS26410
queG,1140,queG
nnr,1548,nnr
tsaE,462,tsaE
amiB,1338,amiB
mutL,1848,mutL
miaA,951,miaA
hfq,309,hfq
hflX,1281,hflX
hflK,1260,hflK
hflC,1005,hflC
yjeT,198,yjeT
purA,1299,purA
nsrR,426,nsrR
rnr,2442,rnr
rlmB,732,rlmB
yjfI,402,yjfI
yjfJ,699,yjfJ
yjfK,660,yjfK
yjfL,399,yjfL
yjfM,639,yjfM
yjfC,1164,yjfC
aidB,1626,aidB
yjfN,276,yjfN
bsmA,330,bsmA
yjfP,750,yjfP
ulaR,756,ulaR
ulaG,1065,ulaG
ulaA,1398,ulaA
ulaB,306,ulaB
ulaC,465,ulaC
ulaE,855,ulaE
ulaF,687,ulaF
yjfY,276,yjfY
rpsF,396,rpsF
priB,315,priB
rpsR,228,rpsR
rplI,450,rplI
yjfZ,795,yjfZ
ytfB,639,ytfB
fklB,621,fklB
cycA,1413,cycA
ytfE,663,ytfE
ytfF,966,ytfF
qorB,861,qorB
ytfH,381,ytfH
cpdB,1944,cpdB
cysQ,741,cysQ
ytfI,939,ytfI
ytfJ,555,ytfJ
ytfK,207,ytfK
paeA,1344,paeA
msrA,639,msrA
tamA,1734,tamA
tamB,3780,tamB
ytfP,342,ytfP
chpS,252,chpS
chpB,351,chpB
ppa,531,ppa
ytfQ,957,ytfQ
ytfR,1503,ytfR
ytfT,1023,ytfT
yjfF,996,yjfF
fbp,999,fbp
mpl,1374,mpl
yjgA,552,yjgA
pmbA,1353,pmbA
cybC,366,cybC
nrdG,465,nrdG
nrdD,2139,nrdD
treC,1656,treC
treB,1422,treB
treR,948,treR
mgtL,54,mgtL
mgtA,2697,mgtA
ridA,387,ridA
pyrI,462,pyrI
pyrB,936,pyrB
pyrL,135,pyrL
yjgH,396,yjgH
bdcA,714,bdcA
bdcR,594,bdcR
tabA,453,tabA
yjgL,1815,yjgL
rraB,417,rraB
yjgM,504,yjgM
yjgN,1197,yjgN
valS,2856,valS
holC,444,holC
pepA,1512,pepA
ytgA,51,ytgA
lptF,1101,lptF
lptG,1083,lptG
yjgR,1503,yjgR
idnR,999,idnR
idnT,1320,idnT
idnO,765,idnO
idnD,1032,idnD
idnK,564,idnK
ahr,1020,ahr
HQ24_RS22600,85,HQ24_RS22600
CDN75_RS17410,1209,CDN75_RS17410
insG,1347,insG
nanX,1218,nanX
nanY,1119,nanY
ythA,126,ythA
HQ24_RS22660,258,HQ24_RS22660
HQ24_RS26425,204,HQ24_RS26425
HQ24_RS26430,258,HQ24_RS26430
fecE,768,fecE
fecD,957,fecD
fecC,999,fecC
fecB,903,fecB
fecA,2325,fecA
fecR,954,fecR
fecI,522,fecI
ykiE,69,ykiE
yjhU,987,yjhU
yjhF,1350,yjhF
yjhG,1968,yjhG
yjhH,906,yjhH
yjhI,789,yjhI
sgcR,783,sgcR
sgcE,633,sgcE
sgcA,432,sgcA
sgcQ,807,sgcQ
sgcC,1314,sgcC
sgcB,279,sgcB
sgcX,1122,sgcX
yjhP,747,yjhP
yjhQ,546,yjhQ
topAI,258,topAI
HQ24_RS26950,132,HQ24_RS26950
nanS,981,nanS
nanM,1107,nanM
nanC,717,nanC
fimB,603,fimB
fimE,597,fimE
fimI,540,fimI
fimD,2637,fimD
fimF,531,fimF
fimG,504,fimG
gntP,1344,gntP
uxuA,1185,uxuA
uxuB,1461,uxuB
uxuR,774,uxuR
yjiC,831,yjiC
ytiD,144,ytiD
idlP,84,idlP
iraD,393,iraD
hypT,912,hypT
iadA,1173,iadA
yjiG,462,yjiG
yjiH,684,yjiH
kptA,555,kptA
yjiJ,1179,yjiJ
yjiK,861,yjiK
ytiA,258,ytiA
yjiL,768,yjiL
yjiM,1152,yjiM
yjiN,1281,yjiN
mdtM,1233,mdtM
yjiR,1413,yjiR
yjiS,165,yjiS
mcrC,1047,mcrC
mcrB,1380,mcrB
symE,342,symE
hsdS,1395,hsdS
hsdM,1590,hsdM
hsdR,3513,hsdR
mrr,915,mrr
yjiA,957,yjiA
yjiX,204,yjiX
btsT,2151,btsT
tsr,1656,tsr
lgoT,1362,lgoT
lgoR,915,lgoR
lgoD,1023,lgoD
opgB,2292,opgB
yjjA,495,yjjA
dnaC,738,dnaC
dnaT,540,dnaT
yjjB,474,yjjB
yjjP,771,yjjP
yjjQ,726,yjjQ
bglJ,678,bglJ
fhuF,789,fhuF
yjjZ,237,yjjZ
HQ24_RS23180,87,HQ24_RS23180
HQ24_RS23185,87,HQ24_RS23185
HQ24_RS23190,87,HQ24_RS23190
rsmC,1032,rsmC
holD,414,holD
rimI,447,rimI
yjjG,678,yjjG
prfC,1590,prfC
osmY,606,osmY
ytjA,162,ytjA
yjjU,1074,yjjU
yjjV,780,yjjV
yjjW,864,yjjW
yjjI,1551,yjjI
deoC,780,deoC
deoA,1323,deoA
deoB,1224,deoB
deoD,720,deoD
yjjJ,1332,yjjJ
lplA,1017,lplA
ytjB,645,ytjB
serB,969,serB
radA,1383,radA
nadR,1233,nadR
nadS,168,nadS
ettA,1668,ettA
sltY,1938,sltY
trpR,327,trpR
yjjX,513,yjjX
gpmB,648,gpmB
robA,870,robA
creA,474,creA
creB,690,creB
creC,1425,creC
creD,1353,creD
arcA,717,arcA
yjjY,141,yjjY
yjtD,687,yjtD
ERCC-00002,1061,ERCC-00002
ERCC-00003,1023,ERCC-00003
ERCC-00004,523,ERCC-00004
ERCC-00009,984,ERCC-00009
ERCC-00012,994,ERCC-00012
ERCC-00013,808,ERCC-00013
ERCC-00014,1957,ERCC-00014
ERCC-00016,844,ERCC-00016
ERCC-00017,1136,ERCC-00017
ERCC-00019,644,ERCC-00019
ERCC-00022,751,ERCC-00022
ERCC-00024,536,ERCC-00024
ERCC-00025,1994,ERCC-00025
ERCC-00028,1130,ERCC-00028
ERCC-00031,1138,ERCC-00031
ERCC-00033,2022,ERCC-00033
ERCC-00034,1019,ERCC-00034
ERCC-00035,1130,ERCC-00035
ERCC-00039,740,ERCC-00039
ERCC-00040,744,ERCC-00040
ERCC-00041,1122,ERCC-00041
ERCC-00042,1023,ERCC-00042
ERCC-00043,1023,ERCC-00043
ERCC-00044,1156,ERCC-00044
ERCC-00046,522,ERCC-00046
ERCC-00048,992,ERCC-00048
ERCC-00051,274,ERCC-00051
ERCC-00053,1023,ERCC-00053
ERCC-00054,274,ERCC-00054
ERCC-00057,1021,ERCC-00057
ERCC-00058,1136,ERCC-00058
ERCC-00059,525,ERCC-00059
ERCC-00060,523,ERCC-00060
ERCC-00061,1136,ERCC-00061
ERCC-00062,1023,ERCC-00062
ERCC-00067,644,ERCC-00067
ERCC-00069,1137,ERCC-00069
ERCC-00071,642,ERCC-00071
ERCC-00073,603,ERCC-00073
ERCC-00074,522,ERCC-00074
ERCC-00075,1023,ERCC-00075
ERCC-00076,642,ERCC-00076
ERCC-00077,273,ERCC-00077
ERCC-00078,993,ERCC-00078
ERCC-00079,644,ERCC-00079
ERCC-00081,534,ERCC-00081
ERCC-00083,1022,ERCC-00083
ERCC-00084,994,ERCC-00084
ERCC-00085,844,ERCC-00085
ERCC-00086,1020,ERCC-00086
ERCC-00092,1124,ERCC-00092
ERCC-00095,521,ERCC-00095
ERCC-00096,1107,ERCC-00096
ERCC-00097,523,ERCC-00097
ERCC-00098,1143,ERCC-00098
ERCC-00099,1350,ERCC-00099
ERCC-00104,2022,ERCC-00104
ERCC-00108,1022,ERCC-00108
ERCC-00109,536,ERCC-00109
ERCC-00111,994,ERCC-00111
ERCC-00112,1136,ERCC-00112
ERCC-00113,840,ERCC-00113
ERCC-00116,1991,ERCC-00116
ERCC-00117,1136,ERCC-00117
ERCC-00120,536,ERCC-00120
ERCC-00123,1022,ERCC-00123
ERCC-00126,1118,ERCC-00126
ERCC-00130,1059,ERCC-00130
ERCC-00131,771,ERCC-00131
ERCC-00134,274,ERCC-00134
ERCC-00136,1033,ERCC-00136
ERCC-00137,537,ERCC-00137
ERCC-00138,1024,ERCC-00138
ERCC-00142,493,ERCC-00142
ERCC-00143,784,ERCC-00143
ERCC-00144,538,ERCC-00144
ERCC-00145,1042,ERCC-00145
ERCC-00147,1023,ERCC-00147
ERCC-00148,494,ERCC-00148
ERCC-00150,743,ERCC-00150
ERCC-00154,537,ERCC-00154
ERCC-00156,494,ERCC-00156
ERCC-00157,1019,ERCC-00157
ERCC-00158,1027,ERCC-00158
ERCC-00160,743,ERCC-00160
ERCC-00162,523,ERCC-00162
ERCC-00163,543,ERCC-00163
ERCC-00164,1022,ERCC-00164
ERCC-00165,872,ERCC-00165
ERCC-00168,1024,ERCC-00168
ERCC-00170,1023,ERCC-00170
ERCC-00171,505,ERCC-00171
mCherry,708,mCherry
KanR,793,KanR
Spc,933,Spc
tetR,678,tetR
